id_produto,limite_credito,faixa_limite,tipo_cartao
1,37578,30k-60k,Gold
2,22773,10k-30k,Standard
3,51416,30k-60k,Standard
4,16145,10k-30k,Standard
5,165284,> 100k,Gold
6,91321,60k-100k,Gold
7,72330,60k-100k,Standard
8,13721,10k-30k,Standard
9,41931,30k-60k,Standard
10,84656,60k-100k,Standard
11,55004,30k-60k,Platinum
12,18007,10k-30k,Gold
13,23038,10k-30k,Standard
14,26466,10k-30k,Gold
15,23803,10k-30k,Standard
16,105888,> 100k,Platinum
17,9464,< 10k,Gold
18,57477,30k-60k,Standard
19,14696,10k-30k,Gold
20,18529,10k-30k,Standard
21,8894,< 10k,Standard
22,24727,10k-30k,Gold
23,104559,> 100k,Standard
24,43711,30k-60k,Standard
25,15695,10k-30k,Gold
26,74013,60k-100k,Gold
27,85983,60k-100k,Standard
28,39059,30k-60k,Standard
29,150892,> 100k,Standard
30,64543,60k-100k,Standard
31,58562,30k-60k,Gold
32,20694,10k-30k,Standard
33,56341,30k-60k,Standard
34,42266,30k-60k,Standard
35,52254,30k-60k,Standard
36,22489,10k-30k,Gold
37,39722,30k-60k,Standard
38,20500,10k-30k,Standard
39,8078,< 10k,Gold
40,73043,60k-100k,Standard
41,12686,10k-30k,Standard
42,39145,30k-60k,Standard
43,45848,30k-60k,Standard
44,45642,30k-60k,Standard
45,29787,10k-30k,Standard
46,43907,30k-60k,Standard
47,50497,30k-60k,Gold
48,60747,60k-100k,Standard
49,122199,> 100k,Gold
50,42784,30k-60k,Gold
51,37980,30k-60k,Standard
52,19250,10k-30k,Standard
53,49274,30k-60k,Standard
54,57940,30k-60k,Standard
55,31741,30k-60k,Platinum
56,53168,30k-60k,Standard
57,29591,10k-30k,Gold
58,58086,30k-60k,Gold
59,68790,60k-100k,Standard
60,68120,60k-100k,Standard
61,39438,30k-60k,Standard
62,17536,10k-30k,Gold
63,23662,10k-30k,Gold
64,55083,30k-60k,Standard
65,201625,> 100k,Standard
66,28609,10k-30k,Standard
67,49965,30k-60k,Gold
68,24606,10k-30k,Platinum
69,18365,10k-30k,Standard
70,22619,10k-30k,Standard
71,8452,< 10k,Standard
72,93657,60k-100k,Standard
73,7622,< 10k,Gold
74,30191,30k-60k,Standard
75,15919,10k-30k,Gold
76,19553,10k-30k,Standard
77,95183,60k-100k,Standard
78,41803,30k-60k,Standard
79,18475,10k-30k,Gold
80,24036,10k-30k,Gold
81,21251,10k-30k,Standard
82,35225,30k-60k,Standard
83,40987,30k-60k,Standard
84,136885,> 100k,Standard
85,9495,< 10k,Gold
86,35441,30k-60k,Standard
87,29117,10k-30k,Standard
88,70444,60k-100k,Gold
89,46554,30k-60k,Standard
90,54899,30k-60k,Standard
91,46238,30k-60k,Standard
92,18913,10k-30k,Gold
93,84786,60k-100k,Standard
94,63510,60k-100k,Standard
95,68931,60k-100k,Gold
96,87977,60k-100k,Standard
97,48648,30k-60k,Gold
98,102405,> 100k,Platinum
99,47303,30k-60k,Gold
100,31152,30k-60k,Gold
101,36148,30k-60k,Standard
102,35714,30k-60k,Standard
103,25246,10k-30k,Gold
104,113814,> 100k,Standard
105,44685,30k-60k,Standard
106,38805,30k-60k,Gold
107,47657,30k-60k,Standard
108,292405,> 100k,Standard
109,16445,10k-30k,Gold
110,20099,10k-30k,Gold
111,13816,10k-30k,Gold
112,30858,30k-60k,Gold
113,43125,30k-60k,Gold
114,26219,10k-30k,Gold
115,24889,10k-30k,Standard
116,40122,30k-60k,Gold
117,25553,10k-30k,Standard
118,45121,30k-60k,Standard
119,79218,60k-100k,Standard
120,58332,30k-60k,Standard
121,67286,60k-100k,Standard
122,77663,60k-100k,Standard
123,44266,30k-60k,Standard
124,32498,30k-60k,Standard
125,21150,10k-30k,Standard
126,27616,10k-30k,Gold
127,25170,10k-30k,Gold
128,60607,60k-100k,Gold
129,46293,30k-60k,Standard
130,59144,30k-60k,Gold
131,16119,10k-30k,Standard
132,98935,60k-100k,Standard
133,26933,10k-30k,Gold
134,16814,10k-30k,Gold
135,26703,10k-30k,Gold
136,206619,> 100k,Gold
137,27683,10k-30k,Standard
138,28924,10k-30k,Gold
139,31746,30k-60k,Gold
140,32727,30k-60k,Gold
141,21014,10k-30k,Gold
142,40144,30k-60k,Standard
143,77104,60k-100k,Standard
144,45252,30k-60k,Standard
145,16683,10k-30k,Standard
146,28537,10k-30k,Standard
147,24684,10k-30k,Standard
148,37686,30k-60k,Platinum
149,92163,60k-100k,Gold
150,32721,30k-60k,Gold
151,34142,30k-60k,Standard
152,126039,> 100k,Standard
153,67060,60k-100k,Gold
154,54277,30k-60k,Standard
155,143013,> 100k,Gold
156,51167,30k-60k,Platinum
157,9040,< 10k,Standard
158,65047,60k-100k,Gold
159,11915,10k-30k,Standard
160,49831,30k-60k,Gold
161,10942,10k-30k,Standard
162,26191,10k-30k,Standard
163,28151,10k-30k,Gold
164,21182,10k-30k,Gold
165,28447,10k-30k,Gold
166,74816,60k-100k,Standard
167,22031,10k-30k,Gold
168,53188,30k-60k,Gold
169,18472,10k-30k,Platinum
170,31804,30k-60k,Gold
171,45555,30k-60k,Gold
172,18077,10k-30k,Gold
173,14498,10k-30k,Standard
174,51241,30k-60k,Standard
175,79710,60k-100k,Standard
176,34360,30k-60k,Gold
177,26367,10k-30k,Gold
178,40496,30k-60k,Gold
179,37753,30k-60k,Standard
180,43046,30k-60k,Standard
181,6187,< 10k,Standard
182,17182,10k-30k,Standard
183,20097,10k-30k,Standard
184,40360,30k-60k,Platinum
185,41361,30k-60k,Standard
186,56688,30k-60k,Standard
187,43490,30k-60k,Standard
188,14610,10k-30k,Platinum
189,99997,60k-100k,Gold
190,88463,60k-100k,Standard
191,15051,10k-30k,Platinum
192,45839,30k-60k,Standard
193,23937,10k-30k,Standard
194,40022,30k-60k,Standard
195,75911,60k-100k,Standard
196,161308,> 100k,Gold
197,61444,60k-100k,Platinum
198,44643,30k-60k,Gold
199,28627,10k-30k,Standard
200,41253,30k-60k,Standard
201,94074,60k-100k,Standard
202,35196,30k-60k,Standard
203,19530,10k-30k,Standard
204,11686,10k-30k,Standard
205,52006,30k-60k,Gold
206,43178,30k-60k,Gold
207,23106,10k-30k,Standard
208,74474,60k-100k,Standard
209,27031,10k-30k,Standard
210,33049,30k-60k,Standard
211,35894,30k-60k,Standard
212,28405,10k-30k,Standard
213,42834,30k-60k,Gold
214,81312,60k-100k,Gold
215,16321,10k-30k,Standard
216,51121,30k-60k,Gold
217,40966,30k-60k,Standard
218,40442,30k-60k,Gold
219,66855,60k-100k,Standard
220,37590,30k-60k,Standard
221,50825,30k-60k,Standard
222,59940,30k-60k,Standard
223,25513,10k-30k,Standard
224,44776,30k-60k,Platinum
225,30468,30k-60k,Gold
226,33094,30k-60k,Standard
227,28985,10k-30k,Standard
228,50501,30k-60k,Gold
229,38451,30k-60k,Gold
230,47866,30k-60k,Gold
231,35872,30k-60k,Standard
232,11814,10k-30k,Gold
233,37121,30k-60k,Gold
234,37967,30k-60k,Standard
235,43037,30k-60k,Standard
236,23965,10k-30k,Gold
237,15727,10k-30k,Gold
238,56231,30k-60k,Standard
239,29985,10k-30k,Platinum
240,40940,30k-60k,Standard
241,29821,10k-30k,Standard
242,36161,30k-60k,Standard
243,26515,10k-30k,Platinum
244,18441,10k-30k,Standard
245,50595,30k-60k,Standard
246,23808,10k-30k,Standard
247,40731,30k-60k,Standard
248,48403,30k-60k,Gold
249,24082,10k-30k,Standard
250,15635,10k-30k,Gold
251,198443,> 100k,Platinum
252,25098,10k-30k,Standard
253,56184,30k-60k,Gold
254,141156,> 100k,Standard
255,63128,60k-100k,Standard
256,29427,10k-30k,Gold
257,34648,30k-60k,Gold
258,20275,10k-30k,Standard
259,67318,60k-100k,Standard
260,53981,30k-60k,Platinum
261,25333,10k-30k,Gold
262,17509,10k-30k,Standard
263,14402,10k-30k,Standard
264,72443,60k-100k,Standard
265,39508,30k-60k,Standard
266,42213,30k-60k,Standard
267,20413,10k-30k,Standard
268,13037,10k-30k,Standard
269,71241,60k-100k,Gold
270,37400,30k-60k,Standard
271,68532,60k-100k,Standard
272,27718,10k-30k,Standard
273,30767,30k-60k,Standard
274,59832,30k-60k,Standard
275,60635,60k-100k,Gold
276,63468,60k-100k,Standard
277,29535,10k-30k,Standard
278,55836,30k-60k,Standard
279,78934,60k-100k,Standard
280,33747,30k-60k,Standard
281,25350,10k-30k,Standard
282,92959,60k-100k,Standard
283,22968,10k-30k,Gold
284,56423,30k-60k,Platinum
285,34860,30k-60k,Standard
286,10005,10k-30k,Gold
287,80018,60k-100k,Gold
288,5268,< 10k,Platinum
289,9055,< 10k,Standard
290,52529,30k-60k,Gold
291,52520,30k-60k,Platinum
292,23241,10k-30k,Standard
293,40274,30k-60k,Standard
294,6173,< 10k,Platinum
295,59568,30k-60k,Gold
296,43252,30k-60k,Standard
297,35173,30k-60k,Gold
298,36849,30k-60k,Standard
299,51291,30k-60k,Standard
300,35588,30k-60k,Standard
301,9780,< 10k,Standard
302,168962,> 100k,Gold
303,84167,60k-100k,Standard
304,14772,10k-30k,Gold
305,28521,10k-30k,Standard
306,30784,30k-60k,Standard
307,77280,60k-100k,Standard
308,8010,< 10k,Standard
309,25608,10k-30k,Gold
310,10588,10k-30k,Standard
311,29745,10k-30k,Gold
312,26088,10k-30k,Standard
313,38398,30k-60k,Standard
314,23779,10k-30k,Standard
315,21467,10k-30k,Gold
316,56036,30k-60k,Standard
317,49924,30k-60k,Gold
318,53422,30k-60k,Gold
319,32085,30k-60k,Standard
320,24337,10k-30k,Standard
321,33416,30k-60k,Standard
322,51576,30k-60k,Platinum
323,7912,< 10k,Standard
324,47852,30k-60k,Standard
325,45089,30k-60k,Standard
326,37930,30k-60k,Gold
327,32711,30k-60k,Gold
328,6025,< 10k,Platinum
329,26691,10k-30k,Gold
330,127084,> 100k,Standard
331,36644,30k-60k,Standard
332,29286,10k-30k,Gold
333,36747,30k-60k,Platinum
334,46552,30k-60k,Standard
335,57594,30k-60k,Standard
336,30939,30k-60k,Gold
337,48895,30k-60k,Standard
338,117436,> 100k,Standard
339,73451,60k-100k,Platinum
340,186877,> 100k,Gold
341,22931,10k-30k,Standard
342,117398,> 100k,Standard
343,20879,10k-30k,Standard
344,46513,30k-60k,Platinum
345,60641,60k-100k,Platinum
346,25398,10k-30k,Gold
347,38621,30k-60k,Standard
348,68687,60k-100k,Standard
349,22088,10k-30k,Gold
350,116840,> 100k,Standard
351,13777,10k-30k,Gold
352,141179,> 100k,Gold
353,73198,60k-100k,Standard
354,34104,30k-60k,Platinum
355,27395,10k-30k,Standard
356,25465,10k-30k,Gold
357,33022,30k-60k,Standard
358,35103,30k-60k,Gold
359,87435,60k-100k,Gold
360,144070,> 100k,Standard
361,41754,30k-60k,Standard
362,20091,10k-30k,Standard
363,24784,10k-30k,Standard
364,31947,30k-60k,Gold
365,17657,10k-30k,Standard
366,15910,10k-30k,Standard
367,157627,> 100k,Standard
368,44883,30k-60k,Standard
369,20268,10k-30k,Gold
370,64319,60k-100k,Standard
371,15917,10k-30k,Gold
372,16861,10k-30k,Gold
373,20699,10k-30k,Standard
374,115630,> 100k,Gold
375,30423,30k-60k,Standard
376,6573,< 10k,Standard
377,84714,60k-100k,Standard
378,29305,10k-30k,Standard
379,9950,< 10k,Gold
380,29094,10k-30k,Standard
381,52297,30k-60k,Standard
382,48186,30k-60k,Standard
383,127885,> 100k,Standard
384,19991,10k-30k,Gold
385,37522,30k-60k,Standard
386,22254,10k-30k,Gold
387,12338,10k-30k,Platinum
388,67499,60k-100k,Standard
389,50226,30k-60k,Gold
390,44292,30k-60k,Standard
391,48959,30k-60k,Standard
392,22475,10k-30k,Standard
393,17961,10k-30k,Standard
394,37285,30k-60k,Platinum
395,81866,60k-100k,Standard
396,111932,> 100k,Gold
397,63373,60k-100k,Standard
398,37064,30k-60k,Gold
399,43863,30k-60k,Standard
400,36611,30k-60k,Gold
401,17709,10k-30k,Standard
402,36947,30k-60k,Gold
403,14265,10k-30k,Gold
404,33294,30k-60k,Gold
405,114150,> 100k,Standard
406,64602,60k-100k,Standard
407,19030,10k-30k,Gold
408,34520,30k-60k,Standard
409,20250,10k-30k,Standard
410,34760,30k-60k,Standard
411,75265,60k-100k,Standard
412,57360,30k-60k,Standard
413,206674,> 100k,Standard
414,83678,60k-100k,Standard
415,41889,30k-60k,Standard
416,58337,30k-60k,Standard
417,31517,30k-60k,Standard
418,16493,10k-30k,Gold
419,90584,60k-100k,Standard
420,73592,60k-100k,Gold
421,30676,30k-60k,Standard
422,43991,30k-60k,Standard
423,86565,60k-100k,Standard
424,65673,60k-100k,Standard
425,13040,10k-30k,Gold
426,43067,30k-60k,Standard
427,32294,30k-60k,Gold
428,79150,60k-100k,Platinum
429,74736,60k-100k,Standard
430,91402,60k-100k,Standard
431,16605,10k-30k,Standard
432,20975,10k-30k,Platinum
433,79209,60k-100k,Gold
434,24000,10k-30k,Gold
435,12518,10k-30k,Standard
436,52723,30k-60k,Gold
437,24759,10k-30k,Gold
438,127115,> 100k,Standard
439,44682,30k-60k,Standard
440,40626,30k-60k,Standard
441,28043,10k-30k,Standard
442,110589,> 100k,Gold
443,46676,30k-60k,Standard
444,27283,10k-30k,Standard
445,20829,10k-30k,Standard
446,34494,30k-60k,Standard
447,18318,10k-30k,Standard
448,74623,60k-100k,Platinum
449,10241,10k-30k,Standard
450,32936,30k-60k,Standard
451,55664,30k-60k,Gold
452,46142,30k-60k,Standard
453,21980,10k-30k,Standard
454,57652,30k-60k,Standard
455,19531,10k-30k,Standard
456,35750,30k-60k,Standard
457,57313,30k-60k,Standard
458,50213,30k-60k,Standard
459,22639,10k-30k,Gold
460,83972,60k-100k,Standard
461,38587,30k-60k,Platinum
462,61089,60k-100k,Standard
463,105912,> 100k,Standard
464,79400,60k-100k,Platinum
465,79545,60k-100k,Standard
466,41559,30k-60k,Standard
467,63307,60k-100k,Standard
468,42172,30k-60k,Gold
469,15575,10k-30k,Standard
470,44887,30k-60k,Standard
471,43453,30k-60k,Standard
472,54644,30k-60k,Gold
473,33203,30k-60k,Standard
474,21311,10k-30k,Standard
475,57500,30k-60k,Standard
476,14482,10k-30k,Gold
477,100828,> 100k,Standard
478,30884,30k-60k,Standard
479,43125,30k-60k,Gold
480,53690,30k-60k,Standard
481,54911,30k-60k,Gold
482,13544,10k-30k,Platinum
483,64657,60k-100k,Gold
484,44900,30k-60k,Standard
485,23279,10k-30k,Standard
486,21487,10k-30k,Standard
487,28743,10k-30k,Platinum
488,14630,10k-30k,Platinum
489,121247,> 100k,Standard
490,102775,> 100k,Gold
491,49820,30k-60k,Gold
492,31058,30k-60k,Standard
493,31635,30k-60k,Standard
494,61737,60k-100k,Standard
495,124303,> 100k,Standard
496,24360,10k-30k,Gold
497,16608,10k-30k,Platinum
498,107296,> 100k,Standard
499,10394,10k-30k,Standard
500,17926,10k-30k,Standard
501,30552,30k-60k,Gold
502,12181,10k-30k,Gold
503,79102,60k-100k,Standard
504,66160,60k-100k,Standard
505,24285,10k-30k,Standard
506,88941,60k-100k,Standard
507,100158,> 100k,Platinum
508,33549,30k-60k,Standard
509,26490,10k-30k,Standard
510,176613,> 100k,Standard
511,60163,60k-100k,Standard
512,43452,30k-60k,Standard
513,94323,60k-100k,Standard
514,44862,30k-60k,Gold
515,25490,10k-30k,Standard
516,38411,30k-60k,Standard
517,75136,60k-100k,Standard
518,9004,< 10k,Gold
519,29684,10k-30k,Standard
520,95620,60k-100k,Gold
521,25379,10k-30k,Standard
522,107181,> 100k,Standard
523,97764,60k-100k,Standard
524,34687,30k-60k,Platinum
525,24392,10k-30k,Standard
526,29698,10k-30k,Standard
527,234504,> 100k,Standard
528,134874,> 100k,Standard
529,39647,30k-60k,Standard
530,23725,10k-30k,Standard
531,39416,30k-60k,Standard
532,43074,30k-60k,Standard
533,15209,10k-30k,Standard
534,38408,30k-60k,Standard
535,91645,60k-100k,Standard
536,10305,10k-30k,Standard
537,64770,60k-100k,Standard
538,95069,60k-100k,Standard
539,24528,10k-30k,Standard
540,118886,> 100k,Gold
541,22398,10k-30k,Standard
542,49452,30k-60k,Gold
543,29297,10k-30k,Standard
544,29292,10k-30k,Standard
545,23573,10k-30k,Standard
546,59219,30k-60k,Standard
547,65786,60k-100k,Standard
548,34714,30k-60k,Standard
549,14016,10k-30k,Gold
550,48156,30k-60k,Standard
551,48796,30k-60k,Platinum
552,31203,30k-60k,Standard
553,134196,> 100k,Gold
554,12152,10k-30k,Standard
555,7691,< 10k,Gold
556,21772,10k-30k,Standard
557,59712,30k-60k,Standard
558,17342,10k-30k,Standard
559,18275,10k-30k,Platinum
560,70665,60k-100k,Platinum
561,50200,30k-60k,Standard
562,47284,30k-60k,Gold
563,62755,60k-100k,Standard
564,26966,10k-30k,Standard
565,27853,10k-30k,Standard
566,64013,60k-100k,Platinum
567,14165,10k-30k,Standard
568,8103,< 10k,Standard
569,26814,10k-30k,Standard
570,69676,60k-100k,Standard
571,43429,30k-60k,Standard
572,66178,60k-100k,Standard
573,8853,< 10k,Standard
574,45290,30k-60k,Standard
575,57394,30k-60k,Standard
576,14107,10k-30k,Standard
577,66399,60k-100k,Gold
578,33588,30k-60k,Standard
579,311743,> 100k,Gold
580,7910,< 10k,Standard
581,94691,60k-100k,Standard
582,27559,10k-30k,Standard
583,11707,10k-30k,Gold
584,25112,10k-30k,Gold
585,44100,30k-60k,Standard
586,75073,60k-100k,Standard
587,121221,> 100k,Gold
588,98255,60k-100k,Standard
589,18476,10k-30k,Gold
590,80106,60k-100k,Standard
591,47757,30k-60k,Gold
592,22966,10k-30k,Standard
593,31309,30k-60k,Standard
594,22095,10k-30k,Gold
595,37270,30k-60k,Standard
596,21790,10k-30k,Standard
597,17683,10k-30k,Standard
598,50786,30k-60k,Standard
599,56393,30k-60k,Standard
600,31846,30k-60k,Platinum
601,94594,60k-100k,Gold
602,30263,30k-60k,Standard
603,29379,10k-30k,Gold
604,57661,30k-60k,Standard
605,33100,30k-60k,Standard
606,38536,30k-60k,Standard
607,6221,< 10k,Gold
608,36742,30k-60k,Gold
609,10106,10k-30k,Standard
610,15449,10k-30k,Standard
611,14260,10k-30k,Standard
612,17504,10k-30k,Standard
613,24730,10k-30k,Standard
614,25834,10k-30k,Standard
615,57814,30k-60k,Gold
616,42432,30k-60k,Gold
617,9597,< 10k,Standard
618,38495,30k-60k,Standard
619,45377,30k-60k,Gold
620,28853,10k-30k,Gold
621,34800,30k-60k,Standard
622,41490,30k-60k,Standard
623,62020,60k-100k,Gold
624,12059,10k-30k,Gold
625,30606,30k-60k,Standard
626,104384,> 100k,Standard
627,97896,60k-100k,Standard
628,65884,60k-100k,Standard
629,52879,30k-60k,Gold
630,115640,> 100k,Standard
631,139036,> 100k,Gold
632,33178,30k-60k,Standard
633,18423,10k-30k,Standard
634,30055,30k-60k,Gold
635,317326,> 100k,Gold
636,12105,10k-30k,Platinum
637,26124,10k-30k,Standard
638,13509,10k-30k,Standard
639,39629,30k-60k,Platinum
640,15648,10k-30k,Gold
641,33653,30k-60k,Platinum
642,9273,< 10k,Standard
643,55956,30k-60k,Standard
644,85446,60k-100k,Standard
645,27756,10k-30k,Gold
646,33037,30k-60k,Gold
647,32390,30k-60k,Standard
648,41218,30k-60k,Standard
649,35358,30k-60k,Standard
650,62173,60k-100k,Standard
651,86088,60k-100k,Standard
652,20540,10k-30k,Gold
653,29245,10k-30k,Standard
654,68263,60k-100k,Standard
655,13424,10k-30k,Standard
656,9140,< 10k,Gold
657,42549,30k-60k,Standard
658,51402,30k-60k,Platinum
659,21903,10k-30k,Gold
660,24220,10k-30k,Standard
661,21329,10k-30k,Standard
662,19794,10k-30k,Platinum
663,59009,30k-60k,Standard
664,15893,10k-30k,Standard
665,30155,30k-60k,Platinum
666,19269,10k-30k,Gold
667,13112,10k-30k,Standard
668,66777,60k-100k,Standard
669,25238,10k-30k,Gold
670,41436,30k-60k,Standard
671,12636,10k-30k,Standard
672,21604,10k-30k,Standard
673,61652,60k-100k,Standard
674,222145,> 100k,Platinum
675,9105,< 10k,Gold
676,31546,30k-60k,Gold
677,48464,30k-60k,Platinum
678,23593,10k-30k,Standard
679,65819,60k-100k,Standard
680,19797,10k-30k,Standard
681,40444,30k-60k,Standard
682,25198,10k-30k,Standard
683,85272,60k-100k,Standard
684,22618,10k-30k,Standard
685,28387,10k-30k,Standard
686,70402,60k-100k,Standard
687,17683,10k-30k,Standard
688,38105,30k-60k,Standard
689,10139,10k-30k,Standard
690,16957,10k-30k,Standard
691,47452,30k-60k,Platinum
692,18151,10k-30k,Platinum
693,24804,10k-30k,Standard
694,51285,30k-60k,Platinum
695,24211,10k-30k,Platinum
696,64601,60k-100k,Standard
697,42233,30k-60k,Standard
698,49265,30k-60k,Platinum
699,86567,60k-100k,Gold
700,45427,30k-60k,Standard
701,106637,> 100k,Gold
702,68726,60k-100k,Standard
703,25174,10k-30k,Standard
704,89787,60k-100k,Standard
705,43682,30k-60k,Standard
706,27549,10k-30k,Standard
707,44128,30k-60k,Gold
708,79112,60k-100k,Standard
709,49937,30k-60k,Standard
710,130050,> 100k,Standard
711,77696,60k-100k,Standard
712,52376,30k-60k,Platinum
713,17707,10k-30k,Standard
714,32022,30k-60k,Standard
715,38183,30k-60k,Standard
716,59138,30k-60k,Standard
717,56734,30k-60k,Standard
718,40891,30k-60k,Standard
719,39507,30k-60k,Standard
720,60133,60k-100k,Standard
721,19910,10k-30k,Platinum
722,118997,> 100k,Standard
723,8664,< 10k,Standard
724,100587,> 100k,Gold
725,35184,30k-60k,Gold
726,73262,60k-100k,Standard
727,46849,30k-60k,Platinum
728,46268,30k-60k,Gold
729,53528,30k-60k,Standard
730,63980,60k-100k,Standard
731,28848,10k-30k,Standard
732,74933,60k-100k,Standard
733,16998,10k-30k,Standard
734,36180,30k-60k,Standard
735,65197,60k-100k,Gold
736,72875,60k-100k,Standard
737,50138,30k-60k,Standard
738,27573,10k-30k,Standard
739,68029,60k-100k,Gold
740,22730,10k-30k,Gold
741,123745,> 100k,Standard
742,34225,30k-60k,Standard
743,12360,10k-30k,Standard
744,15736,10k-30k,Gold
745,37442,30k-60k,Standard
746,40049,30k-60k,Standard
747,144171,> 100k,Standard
748,17554,10k-30k,Gold
749,37332,30k-60k,Standard
750,17299,10k-30k,Platinum
751,25723,10k-30k,Standard
752,118040,> 100k,Standard
753,16392,10k-30k,Standard
754,54771,30k-60k,Gold
755,47812,30k-60k,Gold
756,35706,30k-60k,Gold
757,52240,30k-60k,Gold
758,16122,10k-30k,Gold
759,115777,> 100k,Platinum
760,139719,> 100k,Standard
761,37532,30k-60k,Gold
762,198030,> 100k,Platinum
763,27465,10k-30k,Standard
764,48064,30k-60k,Gold
765,98945,60k-100k,Standard
766,26336,10k-30k,Standard
767,13806,10k-30k,Standard
768,11752,10k-30k,Standard
769,153672,> 100k,Standard
770,25076,10k-30k,Gold
771,31887,30k-60k,Standard
772,16664,10k-30k,Standard
773,70533,60k-100k,Gold
774,21013,10k-30k,Standard
775,25748,10k-30k,Standard
776,44786,30k-60k,Standard
777,17243,10k-30k,Standard
778,32048,30k-60k,Standard
779,96910,60k-100k,Gold
780,49009,30k-60k,Standard
781,39790,30k-60k,Standard
782,42209,30k-60k,Platinum
783,27656,10k-30k,Gold
784,146870,> 100k,Standard
785,20567,10k-30k,Standard
786,42093,30k-60k,Gold
787,39360,30k-60k,Gold
788,73580,60k-100k,Gold
789,78607,60k-100k,Standard
790,35510,30k-60k,Standard
791,44509,30k-60k,Standard
792,45705,30k-60k,Gold
793,7401,< 10k,Gold
794,11940,10k-30k,Standard
795,23776,10k-30k,Standard
796,24511,10k-30k,Platinum
797,15685,10k-30k,Standard
798,61371,60k-100k,Standard
799,36369,30k-60k,Gold
800,31248,30k-60k,Standard
801,15073,10k-30k,Standard
802,35200,30k-60k,Standard
803,5775,< 10k,Standard
804,32400,30k-60k,Standard
805,37957,30k-60k,Platinum
806,43016,30k-60k,Standard
807,12150,10k-30k,Gold
808,42504,30k-60k,Standard
809,17518,10k-30k,Standard
810,20563,10k-30k,Gold
811,60027,60k-100k,Standard
812,148728,> 100k,Standard
813,37644,30k-60k,Standard
814,20496,10k-30k,Standard
815,41442,30k-60k,Standard
816,70074,60k-100k,Gold
817,56089,30k-60k,Standard
818,247750,> 100k,Platinum
819,22010,10k-30k,Standard
820,43328,30k-60k,Standard
821,107392,> 100k,Standard
822,102776,> 100k,Standard
823,9273,< 10k,Standard
824,36230,30k-60k,Gold
825,102658,> 100k,Standard
826,274704,> 100k,Standard
827,59436,30k-60k,Platinum
828,28071,10k-30k,Standard
829,17917,10k-30k,Standard
830,171634,> 100k,Standard
831,60483,60k-100k,Standard
832,20057,10k-30k,Standard
833,31501,30k-60k,Standard
834,45122,30k-60k,Standard
835,53138,30k-60k,Gold
836,19346,10k-30k,Gold
837,23625,10k-30k,Gold
838,11417,10k-30k,Standard
839,75194,60k-100k,Standard
840,28591,10k-30k,Standard
841,50333,30k-60k,Standard
842,98280,60k-100k,Standard
843,42357,30k-60k,Standard
844,33554,30k-60k,Standard
845,41595,30k-60k,Gold
846,37957,30k-60k,Standard
847,86882,60k-100k,Platinum
848,45142,30k-60k,Gold
849,24807,10k-30k,Standard
850,75621,60k-100k,Standard
851,85934,60k-100k,Standard
852,14230,10k-30k,Gold
853,106186,> 100k,Standard
854,46877,30k-60k,Standard
855,44280,30k-60k,Standard
856,73470,60k-100k,Standard
857,24418,10k-30k,Platinum
858,70821,60k-100k,Standard
859,27896,10k-30k,Standard
860,12932,10k-30k,Standard
861,18062,10k-30k,Gold
862,54009,30k-60k,Standard
863,18735,10k-30k,Gold
864,112089,> 100k,Gold
865,83491,60k-100k,Gold
866,92356,60k-100k,Standard
867,39630,30k-60k,Standard
868,43499,30k-60k,Standard
869,15746,10k-30k,Standard
870,72914,60k-100k,Standard
871,47376,30k-60k,Standard
872,54020,30k-60k,Standard
873,118399,> 100k,Gold
874,23761,10k-30k,Standard
875,33246,30k-60k,Standard
876,45645,30k-60k,Gold
877,18867,10k-30k,Standard
878,31846,30k-60k,Gold
879,51280,30k-60k,Standard
880,28917,10k-30k,Platinum
881,90788,60k-100k,Gold
882,12611,10k-30k,Standard
883,79693,60k-100k,Gold
884,57689,30k-60k,Standard
885,24387,10k-30k,Standard
886,19013,10k-30k,Gold
887,8465,< 10k,Gold
888,20813,10k-30k,Standard
889,75585,60k-100k,Standard
890,34917,30k-60k,Gold
891,81968,60k-100k,Standard
892,23531,10k-30k,Gold
893,59573,30k-60k,Gold
894,21976,10k-30k,Standard
895,18473,10k-30k,Standard
896,33691,30k-60k,Standard
897,22800,10k-30k,Gold
898,12332,10k-30k,Gold
899,31964,30k-60k,Standard
900,39124,30k-60k,Standard
901,88243,60k-100k,Gold
902,69965,60k-100k,Standard
903,85302,60k-100k,Gold
904,60129,60k-100k,Standard
905,45836,30k-60k,Gold
906,15363,10k-30k,Gold
907,40332,30k-60k,Standard
908,55146,30k-60k,Gold
909,100730,> 100k,Standard
910,58712,30k-60k,Standard
911,86531,60k-100k,Standard
912,17634,10k-30k,Gold
913,28897,10k-30k,Gold
914,49047,30k-60k,Gold
915,81851,60k-100k,Gold
916,32805,30k-60k,Standard
917,34278,30k-60k,Standard
918,58747,30k-60k,Standard
919,16512,10k-30k,Gold
920,111880,> 100k,Platinum
921,19625,10k-30k,Standard
922,9480,< 10k,Gold
923,36572,30k-60k,Standard
924,119243,> 100k,Standard
925,54749,30k-60k,Standard
926,61436,60k-100k,Gold
927,37382,30k-60k,Standard
928,32641,30k-60k,Gold
929,12314,10k-30k,Standard
930,7468,< 10k,Standard
931,41663,30k-60k,Standard
932,91015,60k-100k,Gold
933,46207,30k-60k,Standard
934,56191,30k-60k,Gold
935,110040,> 100k,Standard
936,45712,30k-60k,Standard
937,33327,30k-60k,Gold
938,20476,10k-30k,Standard
939,149574,> 100k,Gold
940,52500,30k-60k,Standard
941,18759,10k-30k,Gold
942,15997,10k-30k,Gold
943,87303,60k-100k,Gold
944,17567,10k-30k,Standard
945,132944,> 100k,Gold
946,5273,< 10k,Standard
947,98303,60k-100k,Standard
948,51063,30k-60k,Standard
949,39458,30k-60k,Standard
950,32118,30k-60k,Gold
951,136422,> 100k,Gold
952,59572,30k-60k,Standard
953,19298,10k-30k,Gold
954,10902,10k-30k,Standard
955,41114,30k-60k,Gold
956,36288,30k-60k,Gold
957,12532,10k-30k,Gold
958,34934,30k-60k,Standard
959,24300,10k-30k,Gold
960,36552,30k-60k,Standard
961,60363,60k-100k,Gold
962,103241,> 100k,Standard
963,68611,60k-100k,Gold
964,21916,10k-30k,Standard
965,47015,30k-60k,Standard
966,37955,30k-60k,Standard
967,14292,10k-30k,Gold
968,47990,30k-60k,Gold
969,133208,> 100k,Platinum
970,37149,30k-60k,Gold
971,11897,10k-30k,Standard
972,37093,30k-60k,Gold
973,15528,10k-30k,Standard
974,66471,60k-100k,Gold
975,52438,30k-60k,Gold
976,32220,30k-60k,Standard
977,28801,10k-30k,Gold
978,31301,30k-60k,Gold
979,36526,30k-60k,Standard
980,21150,10k-30k,Standard
981,13746,10k-30k,Standard
982,80586,60k-100k,Platinum
983,27728,10k-30k,Standard
984,40820,30k-60k,Standard
985,44342,30k-60k,Standard
986,45497,30k-60k,Standard
987,15967,10k-30k,Gold
988,11236,10k-30k,Standard
989,24050,10k-30k,Platinum
990,47906,30k-60k,Standard
991,21816,10k-30k,Standard
992,28326,10k-30k,Standard
993,160991,> 100k,Platinum
994,9978,< 10k,Standard
995,21407,10k-30k,Standard
996,136984,> 100k,Standard
997,35199,30k-60k,Standard
998,22154,10k-30k,Gold
999,82300,60k-100k,Gold
1000,37747,30k-60k,Standard
1001,28457,10k-30k,Standard
1002,41550,30k-60k,Gold
1003,22909,10k-30k,Standard
1004,17814,10k-30k,Standard
1005,33539,30k-60k,Standard
1006,17895,10k-30k,Standard
1007,36588,30k-60k,Standard
1008,46540,30k-60k,Standard
1009,65982,60k-100k,Standard
1010,79981,60k-100k,Standard
1011,27336,10k-30k,Gold
1012,51513,30k-60k,Platinum
1013,51265,30k-60k,Platinum
1014,45682,30k-60k,Gold
1015,25961,10k-30k,Standard
1016,17682,10k-30k,Standard
1017,51606,30k-60k,Gold
1018,10995,10k-30k,Standard
1019,30106,30k-60k,Standard
1020,6078,< 10k,Standard
1021,14250,10k-30k,Standard
1022,19653,10k-30k,Gold
1023,78253,60k-100k,Gold
1024,58786,30k-60k,Gold
1025,24642,10k-30k,Gold
1026,60509,60k-100k,Standard
1027,67598,60k-100k,Gold
1028,32452,30k-60k,Standard
1029,13779,10k-30k,Gold
1030,31396,30k-60k,Standard
1031,33910,30k-60k,Gold
1032,15325,10k-30k,Platinum
1033,46954,30k-60k,Standard
1034,44172,30k-60k,Standard
1035,49589,30k-60k,Standard
1036,44145,30k-60k,Standard
1037,60529,60k-100k,Standard
1038,32031,30k-60k,Gold
1039,41825,30k-60k,Standard
1040,27490,10k-30k,Standard
1041,24121,10k-30k,Gold
1042,92667,60k-100k,Standard
1043,8685,< 10k,Standard
1044,67086,60k-100k,Gold
1045,23520,10k-30k,Gold
1046,21482,10k-30k,Standard
1047,43612,30k-60k,Standard
1048,12800,10k-30k,Standard
1049,20512,10k-30k,Standard
1050,20042,10k-30k,Standard
1051,31101,30k-60k,Gold
1052,20683,10k-30k,Gold
1053,111388,> 100k,Standard
1054,127760,> 100k,Standard
1055,8818,< 10k,Standard
1056,53158,30k-60k,Standard
1057,66241,60k-100k,Gold
1058,53108,30k-60k,Gold
1059,22909,10k-30k,Standard
1060,30611,30k-60k,Standard
1061,21508,10k-30k,Gold
1062,27060,10k-30k,Standard
1063,15568,10k-30k,Standard
1064,33511,30k-60k,Standard
1065,12683,10k-30k,Standard
1066,31568,30k-60k,Standard
1067,15153,10k-30k,Platinum
1068,41972,30k-60k,Standard
1069,22570,10k-30k,Standard
1070,44507,30k-60k,Gold
1071,77428,60k-100k,Standard
1072,110482,> 100k,Standard
1073,6188,< 10k,Standard
1074,20253,10k-30k,Standard
1075,29373,10k-30k,Gold
1076,50122,30k-60k,Standard
1077,11438,10k-30k,Platinum
1078,18261,10k-30k,Gold
1079,39785,30k-60k,Standard
1080,38538,30k-60k,Standard
1081,47303,30k-60k,Standard
1082,49541,30k-60k,Standard
1083,46028,30k-60k,Standard
1084,41587,30k-60k,Standard
1085,37760,30k-60k,Platinum
1086,57834,30k-60k,Standard
1087,7573,< 10k,Standard
1088,107048,> 100k,Standard
1089,7760,< 10k,Standard
1090,17061,10k-30k,Gold
1091,30985,30k-60k,Gold
1092,58152,30k-60k,Standard
1093,4461,< 10k,Gold
1094,35607,30k-60k,Gold
1095,63239,60k-100k,Gold
1096,72850,60k-100k,Gold
1097,22289,10k-30k,Gold
1098,29419,10k-30k,Standard
1099,23592,10k-30k,Standard
1100,27587,10k-30k,Standard
1101,17636,10k-30k,Standard
1102,19487,10k-30k,Gold
1103,49220,30k-60k,Standard
1104,39820,30k-60k,Platinum
1105,51231,30k-60k,Standard
1106,42184,30k-60k,Gold
1107,59458,30k-60k,Gold
1108,67154,60k-100k,Gold
1109,10729,10k-30k,Gold
1110,19969,10k-30k,Standard
1111,30885,30k-60k,Standard
1112,35743,30k-60k,Platinum
1113,22718,10k-30k,Standard
1114,68762,60k-100k,Standard
1115,145214,> 100k,Standard
1116,41370,30k-60k,Standard
1117,38524,30k-60k,Gold
1118,65816,60k-100k,Gold
1119,9837,< 10k,Platinum
1120,37046,30k-60k,Standard
1121,72065,60k-100k,Standard
1122,23150,10k-30k,Gold
1123,15388,10k-30k,Platinum
1124,31886,30k-60k,Platinum
1125,34805,30k-60k,Gold
1126,19224,10k-30k,Standard
1127,157520,> 100k,Standard
1128,25975,10k-30k,Gold
1129,16194,10k-30k,Gold
1130,34011,30k-60k,Gold
1131,68562,60k-100k,Standard
1132,36760,30k-60k,Gold
1133,51017,30k-60k,Standard
1134,19730,10k-30k,Standard
1135,102886,> 100k,Standard
1136,53809,30k-60k,Platinum
1137,75613,60k-100k,Standard
1138,46892,30k-60k,Standard
1139,64693,60k-100k,Standard
1140,19709,10k-30k,Gold
1141,25745,10k-30k,Standard
1142,93203,60k-100k,Platinum
1143,108208,> 100k,Standard
1144,16269,10k-30k,Standard
1145,43252,30k-60k,Gold
1146,26858,10k-30k,Standard
1147,22294,10k-30k,Standard
1148,44328,30k-60k,Standard
1149,80714,60k-100k,Gold
1150,49819,30k-60k,Standard
1151,29037,10k-30k,Standard
1152,52073,30k-60k,Gold
1153,28226,10k-30k,Standard
1154,48459,30k-60k,Standard
1155,96521,60k-100k,Standard
1156,8484,< 10k,Gold
1157,63454,60k-100k,Standard
1158,12365,10k-30k,Gold
1159,85804,60k-100k,Gold
1160,23250,10k-30k,Standard
1161,15485,10k-30k,Platinum
1162,59082,30k-60k,Standard
1163,46859,30k-60k,Standard
1164,18044,10k-30k,Gold
1165,15106,10k-30k,Standard
1166,31849,30k-60k,Standard
1167,15632,10k-30k,Standard
1168,17274,10k-30k,Standard
1169,39376,30k-60k,Standard
1170,18469,10k-30k,Gold
1171,48951,30k-60k,Gold
1172,103063,> 100k,Standard
1173,32728,30k-60k,Standard
1174,39779,30k-60k,Standard
1175,149144,> 100k,Standard
1176,15814,10k-30k,Standard
1177,83605,60k-100k,Standard
1178,76849,60k-100k,Standard
1179,66040,60k-100k,Standard
1180,89699,60k-100k,Gold
1181,44196,30k-60k,Standard
1182,24147,10k-30k,Platinum
1183,78135,60k-100k,Gold
1184,80257,60k-100k,Platinum
1185,78725,60k-100k,Gold
1186,37464,30k-60k,Gold
1187,21997,10k-30k,Standard
1188,41520,30k-60k,Standard
1189,70232,60k-100k,Gold
1190,74387,60k-100k,Gold
1191,26882,10k-30k,Standard
1192,45286,30k-60k,Gold
1193,14528,10k-30k,Standard
1194,72364,60k-100k,Standard
1195,20987,10k-30k,Standard
1196,62923,60k-100k,Gold
1197,16244,10k-30k,Gold
1198,74756,60k-100k,Gold
1199,45491,30k-60k,Gold
1200,21016,10k-30k,Standard
1201,58920,30k-60k,Platinum
1202,24022,10k-30k,Standard
1203,61370,60k-100k,Gold
1204,29975,10k-30k,Standard
1205,10886,10k-30k,Standard
1206,18257,10k-30k,Gold
1207,26868,10k-30k,Gold
1208,94630,60k-100k,Standard
1209,68240,60k-100k,Gold
1210,113176,> 100k,Standard
1211,115559,> 100k,Standard
1212,24976,10k-30k,Gold
1213,31826,30k-60k,Standard
1214,27230,10k-30k,Gold
1215,22695,10k-30k,Standard
1216,10006,10k-30k,Standard
1217,35942,30k-60k,Standard
1218,14766,10k-30k,Standard
1219,35457,30k-60k,Standard
1220,159697,> 100k,Gold
1221,25424,10k-30k,Platinum
1222,41620,30k-60k,Gold
1223,68504,60k-100k,Gold
1224,44187,30k-60k,Standard
1225,44566,30k-60k,Standard
1226,28178,10k-30k,Standard
1227,30874,30k-60k,Standard
1228,18545,10k-30k,Gold
1229,65659,60k-100k,Standard
1230,10731,10k-30k,Standard
1231,71665,60k-100k,Standard
1232,13594,10k-30k,Standard
1233,71241,60k-100k,Standard
1234,28348,10k-30k,Gold
1235,15331,10k-30k,Standard
1236,54475,30k-60k,Gold
1237,69573,60k-100k,Standard
1238,26724,10k-30k,Gold
1239,60139,60k-100k,Gold
1240,7335,< 10k,Gold
1241,14408,10k-30k,Standard
1242,89741,60k-100k,Standard
1243,31052,30k-60k,Platinum
1244,9862,< 10k,Standard
1245,22265,10k-30k,Standard
1246,19027,10k-30k,Standard
1247,32332,30k-60k,Gold
1248,28014,10k-30k,Standard
1249,41161,30k-60k,Gold
1250,34591,30k-60k,Standard
1251,94072,60k-100k,Standard
1252,48882,30k-60k,Standard
1253,50029,30k-60k,Standard
1254,82093,60k-100k,Standard
1255,27663,10k-30k,Standard
1256,15013,10k-30k,Standard
1257,84531,60k-100k,Gold
1258,39938,30k-60k,Standard
1259,40036,30k-60k,Standard
1260,23310,10k-30k,Standard
1261,23581,10k-30k,Standard
1262,65690,60k-100k,Standard
1263,72349,60k-100k,Standard
1264,62860,60k-100k,Gold
1265,63264,60k-100k,Standard
1266,54085,30k-60k,Gold
1267,39817,30k-60k,Standard
1268,32120,30k-60k,Gold
1269,84730,60k-100k,Standard
1270,27956,10k-30k,Standard
1271,47050,30k-60k,Gold
1272,20685,10k-30k,Standard
1273,22890,10k-30k,Standard
1274,30782,30k-60k,Standard
1275,20686,10k-30k,Gold
1276,63481,60k-100k,Gold
1277,14134,10k-30k,Gold
1278,38927,30k-60k,Platinum
1279,39845,30k-60k,Standard
1280,10223,10k-30k,Standard
1281,26669,10k-30k,Gold
1282,43433,30k-60k,Platinum
1283,49026,30k-60k,Standard
1284,31476,30k-60k,Platinum
1285,58327,30k-60k,Standard
1286,33640,30k-60k,Gold
1287,36664,30k-60k,Gold
1288,43310,30k-60k,Gold
1289,69487,60k-100k,Standard
1290,22629,10k-30k,Standard
1291,25828,10k-30k,Standard
1292,22737,10k-30k,Standard
1293,28780,10k-30k,Gold
1294,98554,60k-100k,Platinum
1295,54225,30k-60k,Standard
1296,16452,10k-30k,Standard
1297,23853,10k-30k,Standard
1298,47142,30k-60k,Standard
1299,19253,10k-30k,Gold
1300,21856,10k-30k,Gold
1301,93103,60k-100k,Platinum
1302,23638,10k-30k,Standard
1303,70846,60k-100k,Standard
1304,87441,60k-100k,Standard
1305,21732,10k-30k,Standard
1306,19477,10k-30k,Platinum
1307,29932,10k-30k,Standard
1308,16948,10k-30k,Standard
1309,39526,30k-60k,Gold
1310,31446,30k-60k,Gold
1311,46742,30k-60k,Standard
1312,96554,60k-100k,Gold
1313,64359,60k-100k,Standard
1314,51147,30k-60k,Platinum
1315,9170,< 10k,Standard
1316,49531,30k-60k,Standard
1317,121277,> 100k,Standard
1318,4414,< 10k,Standard
1319,58839,30k-60k,Standard
1320,32482,30k-60k,Gold
1321,20033,10k-30k,Standard
1322,63626,60k-100k,Gold
1323,120185,> 100k,Standard
1324,62483,60k-100k,Standard
1325,28005,10k-30k,Platinum
1326,18761,10k-30k,Gold
1327,40184,30k-60k,Standard
1328,66917,60k-100k,Standard
1329,27696,10k-30k,Gold
1330,29635,10k-30k,Standard
1331,261816,> 100k,Standard
1332,77269,60k-100k,Standard
1333,81234,60k-100k,Standard
1334,13066,10k-30k,Standard
1335,22136,10k-30k,Gold
1336,38264,30k-60k,Standard
1337,18019,10k-30k,Standard
1338,111332,> 100k,Gold
1339,97462,60k-100k,Gold
1340,24997,10k-30k,Standard
1341,126594,> 100k,Gold
1342,36207,30k-60k,Gold
1343,222475,> 100k,Standard
1344,40186,30k-60k,Standard
1345,54357,30k-60k,Gold
1346,96754,60k-100k,Standard
1347,88817,60k-100k,Standard
1348,51922,30k-60k,Gold
1349,32899,30k-60k,Standard
1350,52046,30k-60k,Gold
1351,20510,10k-30k,Standard
1352,40396,30k-60k,Standard
1353,16705,10k-30k,Standard
1354,10439,10k-30k,Standard
1355,37620,30k-60k,Gold
1356,87868,60k-100k,Gold
1357,69429,60k-100k,Standard
1358,34291,30k-60k,Platinum
1359,123363,> 100k,Standard
1360,24383,10k-30k,Standard
1361,9485,< 10k,Standard
1362,7883,< 10k,Standard
1363,15885,10k-30k,Gold
1364,64320,60k-100k,Standard
1365,23286,10k-30k,Standard
1366,50144,30k-60k,Standard
1367,114966,> 100k,Gold
1368,16813,10k-30k,Gold
1369,50764,30k-60k,Gold
1370,52959,30k-60k,Standard
1371,19880,10k-30k,Standard
1372,93708,60k-100k,Standard
1373,29691,10k-30k,Standard
1374,27760,10k-30k,Gold
1375,159233,> 100k,Standard
1376,52362,30k-60k,Standard
1377,69404,60k-100k,Standard
1378,93753,60k-100k,Standard
1379,23032,10k-30k,Standard
1380,87105,60k-100k,Standard
1381,25557,10k-30k,Standard
1382,24804,10k-30k,Platinum
1383,30019,30k-60k,Standard
1384,23495,10k-30k,Gold
1385,64570,60k-100k,Gold
1386,43785,30k-60k,Gold
1387,25748,10k-30k,Standard
1388,58229,30k-60k,Standard
1389,29952,10k-30k,Gold
1390,28864,10k-30k,Standard
1391,37574,30k-60k,Standard
1392,50232,30k-60k,Standard
1393,47709,30k-60k,Gold
1394,28161,10k-30k,Platinum
1395,65708,60k-100k,Standard
1396,31080,30k-60k,Standard
1397,22960,10k-30k,Gold
1398,12995,10k-30k,Standard
1399,72274,60k-100k,Standard
1400,36631,30k-60k,Standard
1401,42091,30k-60k,Gold
1402,75513,60k-100k,Standard
1403,25999,10k-30k,Standard
1404,13876,10k-30k,Standard
1405,38133,30k-60k,Gold
1406,45052,30k-60k,Platinum
1407,30212,30k-60k,Standard
1408,101886,> 100k,Platinum
1409,6372,< 10k,Standard
1410,79541,60k-100k,Standard
1411,63184,60k-100k,Platinum
1412,49998,30k-60k,Standard
1413,3515,< 10k,Standard
1414,89207,60k-100k,Standard
1415,17703,10k-30k,Gold
1416,25453,10k-30k,Gold
1417,32227,30k-60k,Gold
1418,48300,30k-60k,Standard
1419,56817,30k-60k,Gold
1420,67845,60k-100k,Standard
1421,64286,60k-100k,Gold
1422,43349,30k-60k,Gold
1423,48588,30k-60k,Standard
1424,16923,10k-30k,Standard
1425,21467,10k-30k,Standard
1426,67970,60k-100k,Gold
1427,65254,60k-100k,Standard
1428,60274,60k-100k,Standard
1429,25334,10k-30k,Standard
1430,68689,60k-100k,Standard
1431,16108,10k-30k,Gold
1432,77199,60k-100k,Standard
1433,30254,30k-60k,Standard
1434,118056,> 100k,Gold
1435,12518,10k-30k,Gold
1436,124789,> 100k,Standard
1437,28197,10k-30k,Standard
1438,27843,10k-30k,Platinum
1439,41622,30k-60k,Standard
1440,22293,10k-30k,Platinum
1441,34522,30k-60k,Standard
1442,21669,10k-30k,Standard
1443,22231,10k-30k,Standard
1444,51063,30k-60k,Standard
1445,19320,10k-30k,Gold
1446,21210,10k-30k,Platinum
1447,13891,10k-30k,Platinum
1448,25520,10k-30k,Gold
1449,90955,60k-100k,Gold
1450,20087,10k-30k,Gold
1451,21760,10k-30k,Gold
1452,41595,30k-60k,Standard
1453,28013,10k-30k,Standard
1454,172768,> 100k,Gold
1455,32410,30k-60k,Gold
1456,45919,30k-60k,Gold
1457,70307,60k-100k,Gold
1458,69369,60k-100k,Standard
1459,42757,30k-60k,Gold
1460,32442,30k-60k,Platinum
1461,149764,> 100k,Standard
1462,33866,30k-60k,Platinum
1463,26657,10k-30k,Standard
1464,23107,10k-30k,Gold
1465,10842,10k-30k,Gold
1466,64545,60k-100k,Standard
1467,7018,< 10k,Standard
1468,36170,30k-60k,Standard
1469,31463,30k-60k,Standard
1470,174202,> 100k,Standard
1471,10075,10k-30k,Standard
1472,19326,10k-30k,Platinum
1473,33015,30k-60k,Standard
1474,31625,30k-60k,Standard
1475,24718,10k-30k,Platinum
1476,34313,30k-60k,Platinum
1477,15037,10k-30k,Gold
1478,46631,30k-60k,Standard
1479,7150,< 10k,Standard
1480,35666,30k-60k,Standard
1481,23855,10k-30k,Standard
1482,73969,60k-100k,Gold
1483,124084,> 100k,Standard
1484,28803,10k-30k,Gold
1485,96134,60k-100k,Standard
1486,29106,10k-30k,Standard
1487,18466,10k-30k,Standard
1488,123270,> 100k,Gold
1489,52289,30k-60k,Standard
1490,36428,30k-60k,Standard
1491,58748,30k-60k,Standard
1492,44000,30k-60k,Standard
1493,34597,30k-60k,Gold
1494,14349,10k-30k,Standard
1495,30050,30k-60k,Standard
1496,56177,30k-60k,Gold
1497,33324,30k-60k,Standard
1498,68297,60k-100k,Standard
1499,47503,30k-60k,Standard
1500,19639,10k-30k,Standard
1501,14423,10k-30k,Standard
1502,32531,30k-60k,Gold
1503,25160,10k-30k,Gold
1504,45955,30k-60k,Standard
1505,21967,10k-30k,Gold
1506,23605,10k-30k,Standard
1507,75898,60k-100k,Standard
1508,40285,30k-60k,Gold
1509,22205,10k-30k,Standard
1510,36766,30k-60k,Standard
1511,95343,60k-100k,Gold
1512,44607,30k-60k,Standard
1513,54998,30k-60k,Standard
1514,21449,10k-30k,Gold
1515,74495,60k-100k,Gold
1516,183996,> 100k,Gold
1517,20868,10k-30k,Standard
1518,15877,10k-30k,Standard
1519,41063,30k-60k,Standard
1520,67027,60k-100k,Standard
1521,34065,30k-60k,Standard
1522,17374,10k-30k,Gold
1523,33657,30k-60k,Standard
1524,55197,30k-60k,Standard
1525,27311,10k-30k,Standard
1526,55552,30k-60k,Platinum
1527,82067,60k-100k,Gold
1528,42965,30k-60k,Platinum
1529,35611,30k-60k,Standard
1530,64895,60k-100k,Standard
1531,19944,10k-30k,Standard
1532,18614,10k-30k,Gold
1533,30133,30k-60k,Standard
1534,25736,10k-30k,Standard
1535,20695,10k-30k,Standard
1536,130787,> 100k,Standard
1537,166108,> 100k,Standard
1538,28350,10k-30k,Standard
1539,38723,30k-60k,Standard
1540,31840,30k-60k,Standard
1541,78845,60k-100k,Standard
1542,90576,60k-100k,Gold
1543,10466,10k-30k,Standard
1544,50675,30k-60k,Gold
1545,14548,10k-30k,Standard
1546,124341,> 100k,Standard
1547,49423,30k-60k,Standard
1548,20407,10k-30k,Platinum
1549,30671,30k-60k,Standard
1550,29664,10k-30k,Standard
1551,52448,30k-60k,Standard
1552,75307,60k-100k,Standard
1553,16256,10k-30k,Standard
1554,131548,> 100k,Standard
1555,111745,> 100k,Standard
1556,19678,10k-30k,Standard
1557,38214,30k-60k,Gold
1558,120278,> 100k,Standard
1559,86080,60k-100k,Standard
1560,28689,10k-30k,Gold
1561,64217,60k-100k,Gold
1562,295977,> 100k,Standard
1563,39089,30k-60k,Standard
1564,23321,10k-30k,Gold
1565,40974,30k-60k,Standard
1566,43156,30k-60k,Platinum
1567,25155,10k-30k,Standard
1568,49470,30k-60k,Standard
1569,15091,10k-30k,Platinum
1570,22791,10k-30k,Platinum
1571,61745,60k-100k,Standard
1572,10631,10k-30k,Gold
1573,68337,60k-100k,Standard
1574,8880,< 10k,Gold
1575,10808,10k-30k,Gold
1576,25609,10k-30k,Standard
1577,44391,30k-60k,Standard
1578,91829,60k-100k,Standard
1579,37810,30k-60k,Standard
1580,30558,30k-60k,Standard
1581,54486,30k-60k,Gold
1582,19739,10k-30k,Standard
1583,40038,30k-60k,Standard
1584,15683,10k-30k,Gold
1585,38476,30k-60k,Standard
1586,33160,30k-60k,Standard
1587,20681,10k-30k,Standard
1588,40762,30k-60k,Standard
1589,40578,30k-60k,Standard
1590,82687,60k-100k,Gold
1591,11802,10k-30k,Standard
1592,34432,30k-60k,Gold
1593,21328,10k-30k,Gold
1594,66758,60k-100k,Gold
1595,61558,60k-100k,Standard
1596,51819,30k-60k,Standard
1597,22188,10k-30k,Gold
1598,67496,60k-100k,Standard
1599,12442,10k-30k,Standard
1600,10778,10k-30k,Gold
1601,14866,10k-30k,Gold
1602,35474,30k-60k,Standard
1603,58256,30k-60k,Gold
1604,4522,< 10k,Standard
1605,91667,60k-100k,Standard
1606,39806,30k-60k,Gold
1607,12119,10k-30k,Gold
1608,38974,30k-60k,Platinum
1609,78023,60k-100k,Standard
1610,55249,30k-60k,Gold
1611,78382,60k-100k,Standard
1612,13955,10k-30k,Standard
1613,27178,10k-30k,Gold
1614,19009,10k-30k,Standard
1615,120850,> 100k,Standard
1616,56814,30k-60k,Standard
1617,266440,> 100k,Standard
1618,26177,10k-30k,Standard
1619,21866,10k-30k,Standard
1620,32860,30k-60k,Standard
1621,95306,60k-100k,Standard
1622,28105,10k-30k,Gold
1623,39620,30k-60k,Gold
1624,38858,30k-60k,Standard
1625,37333,30k-60k,Standard
1626,23001,10k-30k,Gold
1627,32987,30k-60k,Standard
1628,32013,30k-60k,Standard
1629,36123,30k-60k,Gold
1630,70295,60k-100k,Standard
1631,124547,> 100k,Standard
1632,20164,10k-30k,Standard
1633,27600,10k-30k,Standard
1634,20383,10k-30k,Standard
1635,41397,30k-60k,Gold
1636,24913,10k-30k,Gold
1637,42952,30k-60k,Standard
1638,78632,60k-100k,Platinum
1639,6197,< 10k,Gold
1640,51238,30k-60k,Standard
1641,26314,10k-30k,Standard
1642,50126,30k-60k,Standard
1643,19389,10k-30k,Gold
1644,83900,60k-100k,Standard
1645,68823,60k-100k,Gold
1646,54059,30k-60k,Standard
1647,63275,60k-100k,Standard
1648,21548,10k-30k,Standard
1649,23535,10k-30k,Gold
1650,61494,60k-100k,Standard
1651,21217,10k-30k,Standard
1652,99901,60k-100k,Standard
1653,28954,10k-30k,Gold
1654,51602,30k-60k,Gold
1655,157861,> 100k,Standard
1656,22151,10k-30k,Platinum
1657,38106,30k-60k,Standard
1658,75957,60k-100k,Standard
1659,70678,60k-100k,Standard
1660,28869,10k-30k,Standard
1661,25293,10k-30k,Standard
1662,30847,30k-60k,Gold
1663,100057,> 100k,Gold
1664,29870,10k-30k,Gold
1665,38356,30k-60k,Gold
1666,26936,10k-30k,Gold
1667,59509,30k-60k,Standard
1668,40492,30k-60k,Gold
1669,17990,10k-30k,Standard
1670,18431,10k-30k,Platinum
1671,8964,< 10k,Standard
1672,20293,10k-30k,Standard
1673,63307,60k-100k,Gold
1674,91732,60k-100k,Gold
1675,58682,30k-60k,Standard
1676,53543,30k-60k,Standard
1677,33237,30k-60k,Standard
1678,62469,60k-100k,Platinum
1679,44373,30k-60k,Standard
1680,128426,> 100k,Standard
1681,33897,30k-60k,Standard
1682,92976,60k-100k,Standard
1683,66961,60k-100k,Standard
1684,60767,60k-100k,Gold
1685,8883,< 10k,Gold
1686,69593,60k-100k,Standard
1687,33214,30k-60k,Gold
1688,26615,10k-30k,Standard
1689,12861,10k-30k,Standard
1690,36173,30k-60k,Standard
1691,37178,30k-60k,Standard
1692,14587,10k-30k,Gold
1693,12948,10k-30k,Standard
1694,51053,30k-60k,Gold
1695,66849,60k-100k,Gold
1696,41489,30k-60k,Gold
1697,81274,60k-100k,Platinum
1698,34184,30k-60k,Platinum
1699,34959,30k-60k,Standard
1700,19112,10k-30k,Standard
1701,12183,10k-30k,Standard
1702,133021,> 100k,Gold
1703,80170,60k-100k,Standard
1704,13701,10k-30k,Platinum
1705,40498,30k-60k,Standard
1706,33859,30k-60k,Standard
1707,29977,10k-30k,Standard
1708,27273,10k-30k,Gold
1709,47424,30k-60k,Standard
1710,64390,60k-100k,Standard
1711,48130,30k-60k,Standard
1712,33377,30k-60k,Standard
1713,32530,30k-60k,Standard
1714,69966,60k-100k,Standard
1715,50232,30k-60k,Standard
1716,38211,30k-60k,Standard
1717,35414,30k-60k,Platinum
1718,46244,30k-60k,Platinum
1719,26164,10k-30k,Standard
1720,64542,60k-100k,Standard
1721,17101,10k-30k,Standard
1722,27227,10k-30k,Platinum
1723,55702,30k-60k,Standard
1724,16431,10k-30k,Standard
1725,12075,10k-30k,Standard
1726,37954,30k-60k,Standard
1727,11075,10k-30k,Standard
1728,14630,10k-30k,Gold
1729,61673,60k-100k,Standard
1730,31465,30k-60k,Standard
1731,89307,60k-100k,Standard
1732,15625,10k-30k,Gold
1733,34003,30k-60k,Standard
1734,48036,30k-60k,Standard
1735,16004,10k-30k,Gold
1736,74774,60k-100k,Platinum
1737,51920,30k-60k,Standard
1738,11772,10k-30k,Standard
1739,35368,30k-60k,Standard
1740,47580,30k-60k,Gold
1741,24027,10k-30k,Standard
1742,12888,10k-30k,Standard
1743,44131,30k-60k,Standard
1744,170735,> 100k,Standard
1745,27697,10k-30k,Standard
1746,108930,> 100k,Platinum
1747,21448,10k-30k,Standard
1748,42229,30k-60k,Platinum
1749,62321,60k-100k,Standard
1750,36102,30k-60k,Platinum
1751,29483,10k-30k,Gold
1752,60372,60k-100k,Standard
1753,136491,> 100k,Standard
1754,44820,30k-60k,Standard
1755,25305,10k-30k,Standard
1756,31798,30k-60k,Standard
1757,211884,> 100k,Standard
1758,39912,30k-60k,Gold
1759,23954,10k-30k,Gold
1760,16292,10k-30k,Standard
1761,10115,10k-30k,Platinum
1762,46840,30k-60k,Platinum
1763,57425,30k-60k,Standard
1764,27510,10k-30k,Standard
1765,35936,30k-60k,Standard
1766,16005,10k-30k,Standard
1767,39856,30k-60k,Standard
1768,50870,30k-60k,Standard
1769,24968,10k-30k,Gold
1770,118576,> 100k,Gold
1771,20211,10k-30k,Standard
1772,44286,30k-60k,Gold
1773,65763,60k-100k,Gold
1774,34402,30k-60k,Standard
1775,31826,30k-60k,Gold
1776,13356,10k-30k,Standard
1777,93914,60k-100k,Standard
1778,32243,30k-60k,Standard
1779,52899,30k-60k,Standard
1780,58157,30k-60k,Standard
1781,23392,10k-30k,Standard
1782,31625,30k-60k,Gold
1783,92423,60k-100k,Gold
1784,16613,10k-30k,Standard
1785,161061,> 100k,Standard
1786,21559,10k-30k,Gold
1787,15904,10k-30k,Standard
1788,39839,30k-60k,Standard
1789,170389,> 100k,Standard
1790,9531,< 10k,Gold
1791,32902,30k-60k,Gold
1792,50685,30k-60k,Gold
1793,37181,30k-60k,Standard
1794,47445,30k-60k,Gold
1795,21968,10k-30k,Standard
1796,23865,10k-30k,Standard
1797,32731,30k-60k,Standard
1798,16466,10k-30k,Gold
1799,35197,30k-60k,Standard
1800,27663,10k-30k,Standard
1801,26133,10k-30k,Gold
1802,45449,30k-60k,Gold
1803,10153,10k-30k,Gold
1804,30934,30k-60k,Standard
1805,183900,> 100k,Gold
1806,16978,10k-30k,Gold
1807,89308,60k-100k,Standard
1808,37731,30k-60k,Standard
1809,23811,10k-30k,Standard
1810,14408,10k-30k,Standard
1811,40045,30k-60k,Standard
1812,100446,> 100k,Standard
1813,27654,10k-30k,Standard
1814,34314,30k-60k,Standard
1815,73663,60k-100k,Gold
1816,46101,30k-60k,Standard
1817,12081,10k-30k,Standard
1818,38918,30k-60k,Gold
1819,104669,> 100k,Standard
1820,35388,30k-60k,Standard
1821,5329,< 10k,Standard
1822,47655,30k-60k,Gold
1823,31605,30k-60k,Platinum
1824,10093,10k-30k,Gold
1825,11209,10k-30k,Gold
1826,71867,60k-100k,Standard
1827,21749,10k-30k,Gold
1828,19240,10k-30k,Platinum
1829,35420,30k-60k,Standard
1830,23133,10k-30k,Gold
1831,38949,30k-60k,Standard
1832,31511,30k-60k,Standard
1833,15677,10k-30k,Gold
1834,25391,10k-30k,Standard
1835,49509,30k-60k,Standard
1836,37396,30k-60k,Gold
1837,34291,30k-60k,Gold
1838,140951,> 100k,Gold
1839,60580,60k-100k,Standard
1840,65953,60k-100k,Standard
1841,32332,30k-60k,Platinum
1842,42366,30k-60k,Standard
1843,26855,10k-30k,Platinum
1844,62585,60k-100k,Gold
1845,33614,30k-60k,Gold
1846,42432,30k-60k,Standard
1847,40636,30k-60k,Standard
1848,35856,30k-60k,Gold
1849,284000,> 100k,Standard
1850,22773,10k-30k,Gold
1851,22629,10k-30k,Gold
1852,59033,30k-60k,Standard
1853,23941,10k-30k,Gold
1854,29614,10k-30k,Standard
1855,16975,10k-30k,Standard
1856,51230,30k-60k,Standard
1857,51687,30k-60k,Gold
1858,29125,10k-30k,Standard
1859,59896,30k-60k,Standard
1860,9890,< 10k,Standard
1861,22141,10k-30k,Standard
1862,32241,30k-60k,Standard
1863,15984,10k-30k,Standard
1864,10677,10k-30k,Gold
1865,29274,10k-30k,Standard
1866,59030,30k-60k,Standard
1867,89096,60k-100k,Standard
1868,24757,10k-30k,Platinum
1869,60672,60k-100k,Standard
1870,56702,30k-60k,Gold
1871,85222,60k-100k,Gold
1872,28420,10k-30k,Gold
1873,10311,10k-30k,Gold
1874,38144,30k-60k,Standard
1875,17860,10k-30k,Gold
1876,21884,10k-30k,Standard
1877,29411,10k-30k,Gold
1878,28645,10k-30k,Platinum
1879,40098,30k-60k,Platinum
1880,59409,30k-60k,Standard
1881,28073,10k-30k,Standard
1882,47905,30k-60k,Standard
1883,36694,30k-60k,Standard
1884,69901,60k-100k,Standard
1885,31824,30k-60k,Standard
1886,34363,30k-60k,Platinum
1887,27942,10k-30k,Standard
1888,32416,30k-60k,Gold
1889,20984,10k-30k,Standard
1890,19578,10k-30k,Gold
1891,62507,60k-100k,Platinum
1892,17013,10k-30k,Standard
1893,29045,10k-30k,Standard
1894,73920,60k-100k,Standard
1895,28370,10k-30k,Platinum
1896,64868,60k-100k,Standard
1897,24011,10k-30k,Standard
1898,17399,10k-30k,Standard
1899,11892,10k-30k,Standard
1900,91026,60k-100k,Gold
1901,16386,10k-30k,Standard
1902,61269,60k-100k,Standard
1903,18034,10k-30k,Standard
1904,91323,60k-100k,Platinum
1905,170203,> 100k,Standard
1906,11152,10k-30k,Gold
1907,16994,10k-30k,Standard
1908,62391,60k-100k,Gold
1909,52006,30k-60k,Platinum
1910,62557,60k-100k,Standard
1911,24303,10k-30k,Standard
1912,145987,> 100k,Standard
1913,39443,30k-60k,Gold
1914,15492,10k-30k,Standard
1915,30418,30k-60k,Standard
1916,15638,10k-30k,Standard
1917,110598,> 100k,Standard
1918,22874,10k-30k,Standard
1919,51263,30k-60k,Gold
1920,26121,10k-30k,Gold
1921,23605,10k-30k,Standard
1922,9535,< 10k,Gold
1923,55200,30k-60k,Gold
1924,90167,60k-100k,Gold
1925,19126,10k-30k,Standard
1926,12312,10k-30k,Standard
1927,63724,60k-100k,Gold
1928,11471,10k-30k,Gold
1929,85278,60k-100k,Standard
1930,19281,10k-30k,Standard
1931,16775,10k-30k,Standard
1932,43214,30k-60k,Standard
1933,17558,10k-30k,Standard
1934,22137,10k-30k,Standard
1935,46526,30k-60k,Standard
1936,6631,< 10k,Gold
1937,114656,> 100k,Standard
1938,37441,30k-60k,Standard
1939,14690,10k-30k,Standard
1940,17817,10k-30k,Standard
1941,72704,60k-100k,Standard
1942,55311,30k-60k,Gold
1943,95869,60k-100k,Standard
1944,22518,10k-30k,Gold
1945,44694,30k-60k,Gold
1946,48952,30k-60k,Gold
1947,59082,30k-60k,Gold
1948,79945,60k-100k,Gold
1949,21980,10k-30k,Standard
1950,33526,30k-60k,Platinum
1951,23692,10k-30k,Standard
1952,35002,30k-60k,Standard
1953,59213,30k-60k,Standard
1954,11409,10k-30k,Gold
1955,78949,60k-100k,Standard
1956,16359,10k-30k,Platinum
1957,29285,10k-30k,Standard
1958,86747,60k-100k,Gold
1959,45688,30k-60k,Standard
1960,46058,30k-60k,Standard
1961,15891,10k-30k,Standard
1962,17485,10k-30k,Standard
1963,70184,60k-100k,Standard
1964,24043,10k-30k,Platinum
1965,25682,10k-30k,Standard
1966,71308,60k-100k,Gold
1967,17414,10k-30k,Standard
1968,43847,30k-60k,Standard
1969,37422,30k-60k,Standard
1970,36247,30k-60k,Standard
1971,25262,10k-30k,Gold
1972,24199,10k-30k,Gold
1973,17071,10k-30k,Standard
1974,50912,30k-60k,Gold
1975,22749,10k-30k,Standard
1976,71547,60k-100k,Gold
1977,31033,30k-60k,Gold
1978,17310,10k-30k,Gold
1979,30746,30k-60k,Standard
1980,27238,10k-30k,Standard
1981,73597,60k-100k,Standard
1982,28048,10k-30k,Platinum
1983,29931,10k-30k,Platinum
1984,97546,60k-100k,Standard
1985,51833,30k-60k,Gold
1986,116296,> 100k,Platinum
1987,87669,60k-100k,Standard
1988,19515,10k-30k,Gold
1989,72617,60k-100k,Standard
1990,105631,> 100k,Standard
1991,106188,> 100k,Standard
1992,72523,60k-100k,Standard
1993,71486,60k-100k,Gold
1994,29381,10k-30k,Standard
1995,20207,10k-30k,Standard
1996,28380,10k-30k,Standard
1997,11323,10k-30k,Standard
1998,92962,60k-100k,Standard
1999,29783,10k-30k,Standard
2000,89673,60k-100k,Standard
2001,15335,10k-30k,Gold
2002,77484,60k-100k,Platinum
2003,25682,10k-30k,Standard
2004,14778,10k-30k,Gold
2005,113434,> 100k,Platinum
2006,78835,60k-100k,Gold
2007,42119,30k-60k,Gold
2008,37188,30k-60k,Gold
2009,49397,30k-60k,Standard
2010,41616,30k-60k,Standard
2011,20856,10k-30k,Gold
2012,27216,10k-30k,Standard
2013,143272,> 100k,Gold
2014,235745,> 100k,Gold
2015,108430,> 100k,Standard
2016,50754,30k-60k,Gold
2017,28669,10k-30k,Standard
2018,20770,10k-30k,Gold
2019,21750,10k-30k,Standard
2020,24654,10k-30k,Platinum
2021,163703,> 100k,Standard
2022,128591,> 100k,Gold
2023,61230,60k-100k,Platinum
2024,18537,10k-30k,Standard
2025,67855,60k-100k,Gold
2026,30729,30k-60k,Standard
2027,8045,< 10k,Gold
2028,44398,30k-60k,Standard
2029,20143,10k-30k,Platinum
2030,20627,10k-30k,Gold
2031,30476,30k-60k,Standard
2032,25621,10k-30k,Standard
2033,35455,30k-60k,Gold
2034,34281,30k-60k,Standard
2035,9768,< 10k,Standard
2036,105260,> 100k,Standard
2037,18244,10k-30k,Standard
2038,18644,10k-30k,Standard
2039,28854,10k-30k,Gold
2040,33663,30k-60k,Gold
2041,100839,> 100k,Gold
2042,43852,30k-60k,Standard
2043,53988,30k-60k,Standard
2044,44010,30k-60k,Standard
2045,42702,30k-60k,Platinum
2046,45107,30k-60k,Standard
2047,9387,< 10k,Standard
2048,30487,30k-60k,Standard
2049,81926,60k-100k,Gold
2050,500000,> 100k,Gold
2051,15630,10k-30k,Standard
2052,48832,30k-60k,Standard
2053,24349,10k-30k,Gold
2054,152261,> 100k,Standard
2055,14077,10k-30k,Gold
2056,56244,30k-60k,Gold
2057,13560,10k-30k,Gold
2058,29056,10k-30k,Gold
2059,35453,30k-60k,Gold
2060,76786,60k-100k,Platinum
2061,17085,10k-30k,Standard
2062,57778,30k-60k,Standard
2063,36795,30k-60k,Gold
2064,43956,30k-60k,Standard
2065,71028,60k-100k,Platinum
2066,14797,10k-30k,Standard
2067,64049,60k-100k,Platinum
2068,24386,10k-30k,Standard
2069,78206,60k-100k,Gold
2070,45898,30k-60k,Standard
2071,31361,30k-60k,Platinum
2072,24028,10k-30k,Standard
2073,64621,60k-100k,Standard
2074,87786,60k-100k,Standard
2075,25009,10k-30k,Platinum
2076,16430,10k-30k,Standard
2077,59038,30k-60k,Gold
2078,13174,10k-30k,Gold
2079,14561,10k-30k,Gold
2080,17259,10k-30k,Gold
2081,27151,10k-30k,Standard
2082,14250,10k-30k,Gold
2083,9347,< 10k,Gold
2084,16402,10k-30k,Standard
2085,56938,30k-60k,Standard
2086,14911,10k-30k,Standard
2087,28618,10k-30k,Standard
2088,141873,> 100k,Standard
2089,35086,30k-60k,Gold
2090,46155,30k-60k,Platinum
2091,18727,10k-30k,Standard
2092,165120,> 100k,Gold
2093,24861,10k-30k,Standard
2094,30956,30k-60k,Standard
2095,91303,60k-100k,Gold
2096,31977,30k-60k,Platinum
2097,37553,30k-60k,Standard
2098,29816,10k-30k,Standard
2099,29959,10k-30k,Standard
2100,47068,30k-60k,Standard
2101,53479,30k-60k,Gold
2102,23149,10k-30k,Gold
2103,21242,10k-30k,Gold
2104,23708,10k-30k,Standard
2105,13617,10k-30k,Platinum
2106,11928,10k-30k,Standard
2107,44712,30k-60k,Gold
2108,70053,60k-100k,Standard
2109,66818,60k-100k,Gold
2110,6854,< 10k,Gold
2111,30590,30k-60k,Platinum
2112,16789,10k-30k,Standard
2113,40159,30k-60k,Gold
2114,27106,10k-30k,Gold
2115,54958,30k-60k,Gold
2116,35831,30k-60k,Standard
2117,9631,< 10k,Standard
2118,18454,10k-30k,Standard
2119,36462,30k-60k,Standard
2120,38679,30k-60k,Gold
2121,13575,10k-30k,Gold
2122,12387,10k-30k,Standard
2123,37773,30k-60k,Platinum
2124,13594,10k-30k,Standard
2125,11293,10k-30k,Standard
2126,26592,10k-30k,Standard
2127,25798,10k-30k,Gold
2128,19635,10k-30k,Gold
2129,22189,10k-30k,Standard
2130,36668,30k-60k,Gold
2131,21936,10k-30k,Standard
2132,38157,30k-60k,Standard
2133,27824,10k-30k,Standard
2134,40837,30k-60k,Standard
2135,67154,60k-100k,Gold
2136,65347,60k-100k,Gold
2137,89477,60k-100k,Standard
2138,65297,60k-100k,Standard
2139,42915,30k-60k,Standard
2140,26811,10k-30k,Standard
2141,27682,10k-30k,Standard
2142,19644,10k-30k,Standard
2143,36430,30k-60k,Gold
2144,59170,30k-60k,Standard
2145,21851,10k-30k,Standard
2146,35381,30k-60k,Platinum
2147,22603,10k-30k,Standard
2148,42047,30k-60k,Standard
2149,24721,10k-30k,Standard
2150,21640,10k-30k,Standard
2151,22562,10k-30k,Standard
2152,51654,30k-60k,Standard
2153,33937,30k-60k,Gold
2154,26906,10k-30k,Gold
2155,43607,30k-60k,Gold
2156,27169,10k-30k,Standard
2157,79902,60k-100k,Standard
2158,18366,10k-30k,Standard
2159,31860,30k-60k,Standard
2160,13584,10k-30k,Standard
2161,28486,10k-30k,Standard
2162,11206,10k-30k,Standard
2163,61231,60k-100k,Standard
2164,62103,60k-100k,Standard
2165,62875,60k-100k,Standard
2166,37056,30k-60k,Standard
2167,19615,10k-30k,Standard
2168,20738,10k-30k,Standard
2169,105992,> 100k,Standard
2170,99208,60k-100k,Standard
2171,39568,30k-60k,Standard
2172,25312,10k-30k,Standard
2173,94659,60k-100k,Gold
2174,22333,10k-30k,Standard
2175,42624,30k-60k,Standard
2176,93561,60k-100k,Standard
2177,20222,10k-30k,Standard
2178,64890,60k-100k,Standard
2179,52281,30k-60k,Platinum
2180,35324,30k-60k,Gold
2181,18116,10k-30k,Standard
2182,21870,10k-30k,Gold
2183,44472,30k-60k,Standard
2184,13408,10k-30k,Standard
2185,39795,30k-60k,Gold
2186,53036,30k-60k,Standard
2187,72377,60k-100k,Standard
2188,13645,10k-30k,Gold
2189,91251,60k-100k,Standard
2190,118985,> 100k,Platinum
2191,48392,30k-60k,Gold
2192,17559,10k-30k,Gold
2193,28863,10k-30k,Standard
2194,35125,30k-60k,Standard
2195,43884,30k-60k,Gold
2196,36878,30k-60k,Platinum
2197,44214,30k-60k,Standard
2198,34080,30k-60k,Platinum
2199,43720,30k-60k,Standard
2200,26308,10k-30k,Standard
2201,28660,10k-30k,Standard
2202,24264,10k-30k,Standard
2203,138979,> 100k,Gold
2204,101187,> 100k,Standard
2205,53567,30k-60k,Platinum
2206,91832,60k-100k,Standard
2207,63508,60k-100k,Standard
2208,41228,30k-60k,Gold
2209,12658,10k-30k,Standard
2210,30226,30k-60k,Gold
2211,28723,10k-30k,Standard
2212,16429,10k-30k,Standard
2213,12831,10k-30k,Standard
2214,51272,30k-60k,Platinum
2215,45576,30k-60k,Standard
2216,16039,10k-30k,Gold
2217,21544,10k-30k,Gold
2218,81867,60k-100k,Standard
2219,19645,10k-30k,Gold
2220,40927,30k-60k,Standard
2221,31797,30k-60k,Standard
2222,51764,30k-60k,Standard
2223,19944,10k-30k,Standard
2224,38679,30k-60k,Standard
2225,40868,30k-60k,Standard
2226,42664,30k-60k,Standard
2227,38382,30k-60k,Gold
2228,46222,30k-60k,Standard
2229,168423,> 100k,Gold
2230,218143,> 100k,Standard
2231,23214,10k-30k,Gold
2232,7166,< 10k,Standard
2233,55096,30k-60k,Standard
2234,41372,30k-60k,Standard
2235,76322,60k-100k,Standard
2236,44330,30k-60k,Standard
2237,37836,30k-60k,Gold
2238,80036,60k-100k,Gold
2239,88269,60k-100k,Gold
2240,13758,10k-30k,Standard
2241,20504,10k-30k,Standard
2242,33728,30k-60k,Platinum
2243,38906,30k-60k,Standard
2244,31002,30k-60k,Platinum
2245,49214,30k-60k,Standard
2246,72931,60k-100k,Platinum
2247,121284,> 100k,Platinum
2248,54460,30k-60k,Gold
2249,19997,10k-30k,Standard
2250,32755,30k-60k,Standard
2251,34449,30k-60k,Platinum
2252,52064,30k-60k,Gold
2253,47653,30k-60k,Standard
2254,152554,> 100k,Standard
2255,26289,10k-30k,Gold
2256,47539,30k-60k,Standard
2257,188772,> 100k,Gold
2258,24109,10k-30k,Gold
2259,40199,30k-60k,Platinum
2260,18743,10k-30k,Standard
2261,38463,30k-60k,Standard
2262,21033,10k-30k,Standard
2263,75565,60k-100k,Platinum
2264,40260,30k-60k,Standard
2265,18867,10k-30k,Standard
2266,65407,60k-100k,Standard
2267,41182,30k-60k,Standard
2268,70754,60k-100k,Gold
2269,16262,10k-30k,Gold
2270,47012,30k-60k,Gold
2271,62401,60k-100k,Standard
2272,27001,10k-30k,Platinum
2273,15043,10k-30k,Standard
2274,35273,30k-60k,Gold
2275,85791,60k-100k,Standard
2276,79869,60k-100k,Standard
2277,26905,10k-30k,Standard
2278,14791,10k-30k,Standard
2279,26854,10k-30k,Gold
2280,26162,10k-30k,Standard
2281,49638,30k-60k,Standard
2282,33742,30k-60k,Gold
2283,21433,10k-30k,Standard
2284,78667,60k-100k,Standard
2285,40066,30k-60k,Standard
2286,49256,30k-60k,Gold
2287,10856,10k-30k,Standard
2288,6654,< 10k,Platinum
2289,13276,10k-30k,Standard
2290,25942,10k-30k,Standard
2291,54363,30k-60k,Standard
2292,7047,< 10k,Gold
2293,110746,> 100k,Standard
2294,40920,30k-60k,Gold
2295,94108,60k-100k,Standard
2296,19532,10k-30k,Standard
2297,51673,30k-60k,Gold
2298,38547,30k-60k,Gold
2299,64368,60k-100k,Standard
2300,30833,30k-60k,Gold
2301,50576,30k-60k,Gold
2302,78553,60k-100k,Standard
2303,23021,10k-30k,Standard
2304,43026,30k-60k,Standard
2305,9686,< 10k,Standard
2306,59382,30k-60k,Gold
2307,142666,> 100k,Standard
2308,15197,10k-30k,Standard
2309,34065,30k-60k,Standard
2310,67261,60k-100k,Platinum
2311,37123,30k-60k,Gold
2312,40764,30k-60k,Standard
2313,27620,10k-30k,Standard
2314,26911,10k-30k,Standard
2315,34177,30k-60k,Gold
2316,37390,30k-60k,Standard
2317,15882,10k-30k,Platinum
2318,34675,30k-60k,Standard
2319,108876,> 100k,Standard
2320,27081,10k-30k,Gold
2321,15274,10k-30k,Gold
2322,32663,30k-60k,Standard
2323,22021,10k-30k,Gold
2324,14230,10k-30k,Standard
2325,40031,30k-60k,Standard
2326,22088,10k-30k,Gold
2327,23451,10k-30k,Platinum
2328,40432,30k-60k,Gold
2329,12416,10k-30k,Standard
2330,10731,10k-30k,Gold
2331,58081,30k-60k,Standard
2332,9399,< 10k,Standard
2333,18330,10k-30k,Gold
2334,10302,10k-30k,Standard
2335,25840,10k-30k,Platinum
2336,49003,30k-60k,Standard
2337,39286,30k-60k,Standard
2338,193747,> 100k,Gold
2339,77717,60k-100k,Gold
2340,18924,10k-30k,Standard
2341,15710,10k-30k,Standard
2342,241513,> 100k,Gold
2343,76404,60k-100k,Standard
2344,54861,30k-60k,Standard
2345,38269,30k-60k,Gold
2346,43978,30k-60k,Standard
2347,12868,10k-30k,Platinum
2348,40535,30k-60k,Gold
2349,38172,30k-60k,Platinum
2350,19285,10k-30k,Standard
2351,24910,10k-30k,Platinum
2352,104885,> 100k,Standard
2353,33268,30k-60k,Standard
2354,154789,> 100k,Standard
2355,10737,10k-30k,Standard
2356,25197,10k-30k,Standard
2357,12294,10k-30k,Standard
2358,15574,10k-30k,Standard
2359,20338,10k-30k,Standard
2360,45284,30k-60k,Gold
2361,43773,30k-60k,Standard
2362,22572,10k-30k,Gold
2363,7635,< 10k,Standard
2364,102169,> 100k,Platinum
2365,29731,10k-30k,Standard
2366,16623,10k-30k,Platinum
2367,44022,30k-60k,Standard
2368,41902,30k-60k,Platinum
2369,28973,10k-30k,Standard
2370,40294,30k-60k,Gold
2371,16179,10k-30k,Gold
2372,61817,60k-100k,Standard
2373,18073,10k-30k,Standard
2374,23768,10k-30k,Gold
2375,57191,30k-60k,Standard
2376,84353,60k-100k,Standard
2377,110198,> 100k,Gold
2378,76043,60k-100k,Standard
2379,28944,10k-30k,Gold
2380,12348,10k-30k,Standard
2381,97104,60k-100k,Standard
2382,94796,60k-100k,Standard
2383,22688,10k-30k,Gold
2384,69205,60k-100k,Platinum
2385,28781,10k-30k,Standard
2386,103869,> 100k,Standard
2387,25326,10k-30k,Standard
2388,145082,> 100k,Gold
2389,62961,60k-100k,Standard
2390,127807,> 100k,Standard
2391,26247,10k-30k,Standard
2392,48219,30k-60k,Standard
2393,18425,10k-30k,Standard
2394,65564,60k-100k,Standard
2395,68140,60k-100k,Gold
2396,194447,> 100k,Platinum
2397,50890,30k-60k,Gold
2398,60286,60k-100k,Standard
2399,26119,10k-30k,Standard
2400,53048,30k-60k,Standard
2401,27835,10k-30k,Gold
2402,39383,30k-60k,Standard
2403,41034,30k-60k,Platinum
2404,28378,10k-30k,Standard
2405,37951,30k-60k,Gold
2406,27925,10k-30k,Gold
2407,27838,10k-30k,Standard
2408,77162,60k-100k,Gold
2409,41059,30k-60k,Platinum
2410,46302,30k-60k,Platinum
2411,13093,10k-30k,Gold
2412,48845,30k-60k,Standard
2413,52643,30k-60k,Gold
2414,27478,10k-30k,Gold
2415,156298,> 100k,Standard
2416,7313,< 10k,Standard
2417,62884,60k-100k,Standard
2418,59812,30k-60k,Standard
2419,53056,30k-60k,Gold
2420,41082,30k-60k,Standard
2421,53395,30k-60k,Standard
2422,66684,60k-100k,Standard
2423,21848,10k-30k,Standard
2424,44776,30k-60k,Standard
2425,31942,30k-60k,Standard
2426,16888,10k-30k,Standard
2427,59995,30k-60k,Gold
2428,24463,10k-30k,Standard
2429,12727,10k-30k,Standard
2430,24899,10k-30k,Standard
2431,20759,10k-30k,Standard
2432,74602,60k-100k,Standard
2433,40426,30k-60k,Standard
2434,95575,60k-100k,Standard
2435,22774,10k-30k,Standard
2436,66964,60k-100k,Standard
2437,265066,> 100k,Gold
2438,46593,30k-60k,Standard
2439,66380,60k-100k,Gold
2440,59010,30k-60k,Gold
2441,13420,10k-30k,Gold
2442,54724,30k-60k,Standard
2443,45004,30k-60k,Gold
2444,30278,30k-60k,Standard
2445,19558,10k-30k,Standard
2446,59029,30k-60k,Standard
2447,18385,10k-30k,Platinum
2448,161708,> 100k,Standard
2449,39336,30k-60k,Platinum
2450,15424,10k-30k,Standard
2451,25341,10k-30k,Platinum
2452,29890,10k-30k,Platinum
2453,196548,> 100k,Platinum
2454,19551,10k-30k,Standard
2455,33478,30k-60k,Gold
2456,24922,10k-30k,Platinum
2457,51507,30k-60k,Standard
2458,25202,10k-30k,Standard
2459,16361,10k-30k,Gold
2460,31675,30k-60k,Standard
2461,29449,10k-30k,Gold
2462,23990,10k-30k,Standard
2463,24905,10k-30k,Standard
2464,83223,60k-100k,Standard
2465,29032,10k-30k,Standard
2466,16417,10k-30k,Standard
2467,26278,10k-30k,Gold
2468,37723,30k-60k,Standard
2469,14251,10k-30k,Gold
2470,113344,> 100k,Gold
2471,66656,60k-100k,Standard
2472,98826,60k-100k,Standard
2473,47786,30k-60k,Standard
2474,8386,< 10k,Standard
2475,106375,> 100k,Standard
2476,19840,10k-30k,Standard
2477,21004,10k-30k,Platinum
2478,40515,30k-60k,Standard
2479,95297,60k-100k,Standard
2480,75909,60k-100k,Platinum
2481,68486,60k-100k,Gold
2482,29194,10k-30k,Gold
2483,28873,10k-30k,Gold
2484,46265,30k-60k,Standard
2485,33155,30k-60k,Gold
2486,67678,60k-100k,Platinum
2487,64931,60k-100k,Standard
2488,54936,30k-60k,Standard
2489,6197,< 10k,Standard
2490,39719,30k-60k,Standard
2491,33651,30k-60k,Standard
2492,40848,30k-60k,Gold
2493,21417,10k-30k,Standard
2494,14366,10k-30k,Standard
2495,50221,30k-60k,Standard
2496,28299,10k-30k,Gold
2497,54300,30k-60k,Standard
2498,22705,10k-30k,Standard
2499,97844,60k-100k,Gold
2500,73184,60k-100k,Standard
2501,44702,30k-60k,Standard
2502,31278,30k-60k,Standard
2503,65952,60k-100k,Gold
2504,47800,30k-60k,Gold
2505,42916,30k-60k,Standard
2506,75358,60k-100k,Standard
2507,98575,60k-100k,Gold
2508,15113,10k-30k,Gold
2509,17408,10k-30k,Gold
2510,21032,10k-30k,Gold
2511,12686,10k-30k,Standard
2512,34754,30k-60k,Gold
2513,55275,30k-60k,Gold
2514,35775,30k-60k,Gold
2515,24987,10k-30k,Platinum
2516,79899,60k-100k,Standard
2517,40070,30k-60k,Platinum
2518,46170,30k-60k,Gold
2519,81467,60k-100k,Gold
2520,33313,30k-60k,Standard
2521,153606,> 100k,Gold
2522,26543,10k-30k,Gold
2523,147055,> 100k,Standard
2524,18355,10k-30k,Gold
2525,52168,30k-60k,Gold
2526,23161,10k-30k,Standard
2527,79514,60k-100k,Standard
2528,25984,10k-30k,Standard
2529,44516,30k-60k,Standard
2530,23031,10k-30k,Standard
2531,69986,60k-100k,Standard
2532,22947,10k-30k,Standard
2533,117994,> 100k,Standard
2534,18084,10k-30k,Standard
2535,14158,10k-30k,Gold
2536,70691,60k-100k,Standard
2537,24000,10k-30k,Gold
2538,36131,30k-60k,Standard
2539,28982,10k-30k,Standard
2540,14489,10k-30k,Standard
2541,34410,30k-60k,Gold
2542,88030,60k-100k,Gold
2543,73291,60k-100k,Gold
2544,42712,30k-60k,Standard
2545,79109,60k-100k,Gold
2546,17297,10k-30k,Standard
2547,28916,10k-30k,Gold
2548,47909,30k-60k,Standard
2549,33147,30k-60k,Standard
2550,30553,30k-60k,Standard
2551,15670,10k-30k,Gold
2552,8459,< 10k,Standard
2553,64376,60k-100k,Standard
2554,43055,30k-60k,Standard
2555,68281,60k-100k,Platinum
2556,26740,10k-30k,Standard
2557,22049,10k-30k,Gold
2558,36482,30k-60k,Platinum
2559,66034,60k-100k,Platinum
2560,30883,30k-60k,Gold
2561,63656,60k-100k,Gold
2562,17954,10k-30k,Standard
2563,32434,30k-60k,Standard
2564,34576,30k-60k,Gold
2565,85688,60k-100k,Standard
2566,41996,30k-60k,Standard
2567,123285,> 100k,Gold
2568,14137,10k-30k,Standard
2569,39772,30k-60k,Gold
2570,41174,30k-60k,Gold
2571,56053,30k-60k,Standard
2572,20550,10k-30k,Standard
2573,118079,> 100k,Standard
2574,36646,30k-60k,Platinum
2575,16967,10k-30k,Standard
2576,35910,30k-60k,Standard
2577,29166,10k-30k,Gold
2578,254807,> 100k,Standard
2579,75732,60k-100k,Standard
2580,37600,30k-60k,Standard
2581,33579,30k-60k,Standard
2582,70667,60k-100k,Standard
2583,73072,60k-100k,Gold
2584,4731,< 10k,Standard
2585,56959,30k-60k,Standard
2586,37033,30k-60k,Standard
2587,14504,10k-30k,Standard
2588,67248,60k-100k,Platinum
2589,174963,> 100k,Standard
2590,53624,30k-60k,Platinum
2591,78456,60k-100k,Standard
2592,128397,> 100k,Gold
2593,20308,10k-30k,Standard
2594,9894,< 10k,Standard
2595,57515,30k-60k,Standard
2596,30536,30k-60k,Gold
2597,13878,10k-30k,Standard
2598,34381,30k-60k,Standard
2599,60432,60k-100k,Gold
2600,32719,30k-60k,Standard
2601,20935,10k-30k,Standard
2602,31055,30k-60k,Gold
2603,35823,30k-60k,Standard
2604,9408,< 10k,Gold
2605,32861,30k-60k,Standard
2606,14171,10k-30k,Standard
2607,57602,30k-60k,Standard
2608,12176,10k-30k,Platinum
2609,73783,60k-100k,Gold
2610,27271,10k-30k,Platinum
2611,24832,10k-30k,Standard
2612,44628,30k-60k,Gold
2613,19806,10k-30k,Standard
2614,44140,30k-60k,Standard
2615,21753,10k-30k,Gold
2616,24594,10k-30k,Standard
2617,48230,30k-60k,Standard
2618,16366,10k-30k,Standard
2619,14987,10k-30k,Gold
2620,43207,30k-60k,Standard
2621,35638,30k-60k,Standard
2622,40867,30k-60k,Platinum
2623,45676,30k-60k,Standard
2624,37803,30k-60k,Standard
2625,55584,30k-60k,Gold
2626,38878,30k-60k,Gold
2627,8909,< 10k,Standard
2628,10683,10k-30k,Gold
2629,140023,> 100k,Standard
2630,36317,30k-60k,Standard
2631,70627,60k-100k,Standard
2632,28509,10k-30k,Standard
2633,34870,30k-60k,Standard
2634,26440,10k-30k,Platinum
2635,204055,> 100k,Gold
2636,43359,30k-60k,Platinum
2637,24974,10k-30k,Gold
2638,11429,10k-30k,Standard
2639,144583,> 100k,Standard
2640,32393,30k-60k,Platinum
2641,61142,60k-100k,Gold
2642,66118,60k-100k,Platinum
2643,26265,10k-30k,Standard
2644,58146,30k-60k,Standard
2645,23791,10k-30k,Standard
2646,18155,10k-30k,Standard
2647,82053,60k-100k,Standard
2648,32508,30k-60k,Standard
2649,52206,30k-60k,Gold
2650,48418,30k-60k,Standard
2651,56758,30k-60k,Standard
2652,12215,10k-30k,Gold
2653,24107,10k-30k,Standard
2654,28936,10k-30k,Standard
2655,20291,10k-30k,Standard
2656,49035,30k-60k,Gold
2657,83351,60k-100k,Standard
2658,93118,60k-100k,Platinum
2659,28639,10k-30k,Standard
2660,44550,30k-60k,Standard
2661,49610,30k-60k,Standard
2662,56099,30k-60k,Standard
2663,19639,10k-30k,Standard
2664,129885,> 100k,Gold
2665,69464,60k-100k,Standard
2666,70746,60k-100k,Gold
2667,84324,60k-100k,Gold
2668,52780,30k-60k,Gold
2669,17692,10k-30k,Standard
2670,32949,30k-60k,Platinum
2671,11433,10k-30k,Standard
2672,48559,30k-60k,Standard
2673,32258,30k-60k,Gold
2674,35299,30k-60k,Standard
2675,84355,60k-100k,Gold
2676,26373,10k-30k,Standard
2677,30440,30k-60k,Standard
2678,36878,30k-60k,Standard
2679,10016,10k-30k,Standard
2680,30144,30k-60k,Standard
2681,6373,< 10k,Standard
2682,24104,10k-30k,Gold
2683,66080,60k-100k,Gold
2684,49666,30k-60k,Gold
2685,23947,10k-30k,Gold
2686,37367,30k-60k,Standard
2687,17111,10k-30k,Gold
2688,36255,30k-60k,Standard
2689,282440,> 100k,Standard
2690,132198,> 100k,Gold
2691,37678,30k-60k,Standard
2692,40623,30k-60k,Gold
2693,18293,10k-30k,Standard
2694,20717,10k-30k,Standard
2695,46794,30k-60k,Standard
2696,25149,10k-30k,Standard
2697,68384,60k-100k,Gold
2698,108964,> 100k,Platinum
2699,45836,30k-60k,Standard
2700,38996,30k-60k,Standard
2701,11197,10k-30k,Standard
2702,61287,60k-100k,Gold
2703,16308,10k-30k,Standard
2704,27102,10k-30k,Platinum
2705,71090,60k-100k,Gold
2706,74669,60k-100k,Gold
2707,26198,10k-30k,Standard
2708,27275,10k-30k,Gold
2709,22258,10k-30k,Gold
2710,15701,10k-30k,Gold
2711,23286,10k-30k,Gold
2712,11740,10k-30k,Standard
2713,58579,30k-60k,Gold
2714,47866,30k-60k,Platinum
2715,53764,30k-60k,Platinum
2716,18618,10k-30k,Gold
2717,15731,10k-30k,Standard
2718,37701,30k-60k,Standard
2719,37982,30k-60k,Gold
2720,32758,30k-60k,Standard
2721,29654,10k-30k,Standard
2722,120275,> 100k,Standard
2723,48933,30k-60k,Gold
2724,144274,> 100k,Standard
2725,88280,60k-100k,Standard
2726,119645,> 100k,Standard
2727,17117,10k-30k,Gold
2728,55007,30k-60k,Platinum
2729,26843,10k-30k,Standard
2730,11334,10k-30k,Standard
2731,103487,> 100k,Gold
2732,29567,10k-30k,Gold
2733,17351,10k-30k,Gold
2734,27168,10k-30k,Gold
2735,20798,10k-30k,Gold
2736,22346,10k-30k,Standard
2737,31097,30k-60k,Standard
2738,121974,> 100k,Gold
2739,22778,10k-30k,Gold
2740,116016,> 100k,Standard
2741,65787,60k-100k,Platinum
2742,47924,30k-60k,Gold
2743,61309,60k-100k,Gold
2744,36664,30k-60k,Standard
2745,89342,60k-100k,Standard
2746,54007,30k-60k,Gold
2747,11324,10k-30k,Standard
2748,44684,30k-60k,Standard
2749,62867,60k-100k,Platinum
2750,29664,10k-30k,Gold
2751,39671,30k-60k,Standard
2752,23647,10k-30k,Gold
2753,13844,10k-30k,Standard
2754,12267,10k-30k,Standard
2755,12382,10k-30k,Gold
2756,58007,30k-60k,Gold
2757,6353,< 10k,Standard
2758,22776,10k-30k,Standard
2759,21248,10k-30k,Standard
2760,29806,10k-30k,Platinum
2761,9902,< 10k,Gold
2762,48181,30k-60k,Standard
2763,14895,10k-30k,Standard
2764,80232,60k-100k,Standard
2765,23500,10k-30k,Gold
2766,33964,30k-60k,Gold
2767,36411,30k-60k,Standard
2768,43086,30k-60k,Platinum
2769,37268,30k-60k,Standard
2770,26930,10k-30k,Standard
2771,46172,30k-60k,Standard
2772,50327,30k-60k,Standard
2773,21256,10k-30k,Platinum
2774,48945,30k-60k,Gold
2775,83633,60k-100k,Standard
2776,59523,30k-60k,Standard
2777,69749,60k-100k,Standard
2778,40959,30k-60k,Standard
2779,18858,10k-30k,Gold
2780,20604,10k-30k,Gold
2781,45429,30k-60k,Standard
2782,70258,60k-100k,Standard
2783,255285,> 100k,Standard
2784,72205,60k-100k,Platinum
2785,16005,10k-30k,Standard
2786,21224,10k-30k,Standard
2787,178967,> 100k,Standard
2788,31254,30k-60k,Standard
2789,37543,30k-60k,Standard
2790,18540,10k-30k,Gold
2791,108615,> 100k,Platinum
2792,51546,30k-60k,Standard
2793,21115,10k-30k,Standard
2794,18111,10k-30k,Gold
2795,45028,30k-60k,Gold
2796,37456,30k-60k,Standard
2797,65021,60k-100k,Gold
2798,53256,30k-60k,Gold
2799,30177,30k-60k,Standard
2800,24818,10k-30k,Standard
2801,32468,30k-60k,Gold
2802,24699,10k-30k,Gold
2803,33152,30k-60k,Standard
2804,36735,30k-60k,Standard
2805,19369,10k-30k,Standard
2806,56470,30k-60k,Gold
2807,28020,10k-30k,Standard
2808,20144,10k-30k,Standard
2809,28392,10k-30k,Gold
2810,43026,30k-60k,Standard
2811,38488,30k-60k,Gold
2812,48799,30k-60k,Standard
2813,68107,60k-100k,Standard
2814,90531,60k-100k,Standard
2815,44348,30k-60k,Platinum
2816,17178,10k-30k,Gold
2817,30080,30k-60k,Standard
2818,17979,10k-30k,Platinum
2819,119109,> 100k,Gold
2820,145973,> 100k,Standard
2821,57251,30k-60k,Standard
2822,66232,60k-100k,Standard
2823,43289,30k-60k,Gold
2824,46921,30k-60k,Gold
2825,11870,10k-30k,Standard
2826,34483,30k-60k,Standard
2827,19598,10k-30k,Standard
2828,44220,30k-60k,Standard
2829,34831,30k-60k,Standard
2830,141885,> 100k,Standard
2831,68984,60k-100k,Standard
2832,44318,30k-60k,Platinum
2833,30125,30k-60k,Standard
2834,117385,> 100k,Standard
2835,35561,30k-60k,Standard
2836,45806,30k-60k,Standard
2837,37405,30k-60k,Gold
2838,27366,10k-30k,Standard
2839,37255,30k-60k,Standard
2840,9196,< 10k,Standard
2841,12290,10k-30k,Standard
2842,46385,30k-60k,Standard
2843,108851,> 100k,Gold
2844,46339,30k-60k,Standard
2845,21932,10k-30k,Gold
2846,13226,10k-30k,Standard
2847,62891,60k-100k,Standard
2848,24415,10k-30k,Standard
2849,56969,30k-60k,Platinum
2850,47710,30k-60k,Standard
2851,50757,30k-60k,Standard
2852,37179,30k-60k,Standard
2853,47503,30k-60k,Gold
2854,33402,30k-60k,Standard
2855,23278,10k-30k,Platinum
2856,18500,10k-30k,Gold
2857,6839,< 10k,Gold
2858,31991,30k-60k,Standard
2859,105194,> 100k,Gold
2860,60539,60k-100k,Standard
2861,42590,30k-60k,Standard
2862,21724,10k-30k,Platinum
2863,72994,60k-100k,Standard
2864,33405,30k-60k,Platinum
2865,109365,> 100k,Standard
2866,18274,10k-30k,Platinum
2867,21483,10k-30k,Standard
2868,20068,10k-30k,Gold
2869,12868,10k-30k,Standard
2870,18846,10k-30k,Standard
2871,39036,30k-60k,Gold
2872,22058,10k-30k,Gold
2873,2441,< 10k,Standard
2874,77033,60k-100k,Standard
2875,11171,10k-30k,Standard
2876,54855,30k-60k,Standard
2877,37117,30k-60k,Standard
2878,159877,> 100k,Gold
2879,72974,60k-100k,Standard
2880,25508,10k-30k,Standard
2881,22215,10k-30k,Platinum
2882,103975,> 100k,Standard
2883,12924,10k-30k,Standard
2884,41506,30k-60k,Gold
2885,33130,30k-60k,Gold
2886,28559,10k-30k,Gold
2887,46511,30k-60k,Gold
2888,41468,30k-60k,Standard
2889,50020,30k-60k,Standard
2890,40025,30k-60k,Gold
2891,48648,30k-60k,Standard
2892,38768,30k-60k,Standard
2893,22888,10k-30k,Gold
2894,36417,30k-60k,Gold
2895,22024,10k-30k,Standard
2896,21030,10k-30k,Platinum
2897,28701,10k-30k,Gold
2898,33403,30k-60k,Platinum
2899,37222,30k-60k,Platinum
2900,68972,60k-100k,Standard
2901,25618,10k-30k,Gold
2902,41680,30k-60k,Gold
2903,39443,30k-60k,Gold
2904,23717,10k-30k,Gold
2905,38239,30k-60k,Standard
2906,73269,60k-100k,Standard
2907,41380,30k-60k,Standard
2908,42557,30k-60k,Gold
2909,22165,10k-30k,Gold
2910,144091,> 100k,Standard
2911,23066,10k-30k,Standard
2912,11299,10k-30k,Gold
2913,66312,60k-100k,Standard
2914,33510,30k-60k,Standard
2915,29374,10k-30k,Standard
2916,24787,10k-30k,Platinum
2917,134618,> 100k,Gold
2918,46546,30k-60k,Standard
2919,53360,30k-60k,Standard
2920,40693,30k-60k,Gold
2921,43872,30k-60k,Gold
2922,96667,60k-100k,Gold
2923,30467,30k-60k,Standard
2924,13097,10k-30k,Standard
2925,66678,60k-100k,Platinum
2926,51415,30k-60k,Standard
2927,39166,30k-60k,Standard
2928,50489,30k-60k,Gold
2929,28014,10k-30k,Platinum
2930,36845,30k-60k,Gold
2931,33117,30k-60k,Gold
2932,24003,10k-30k,Standard
2933,83484,60k-100k,Standard
2934,13513,10k-30k,Standard
2935,189589,> 100k,Standard
2936,67114,60k-100k,Standard
2937,10461,10k-30k,Gold
2938,31041,30k-60k,Standard
2939,32274,30k-60k,Standard
2940,47778,30k-60k,Standard
2941,18168,10k-30k,Gold
2942,37138,30k-60k,Standard
2943,33363,30k-60k,Gold
2944,21669,10k-30k,Standard
2945,19658,10k-30k,Gold
2946,69089,60k-100k,Gold
2947,11074,10k-30k,Standard
2948,50742,30k-60k,Gold
2949,63465,60k-100k,Standard
2950,31163,30k-60k,Gold
2951,37671,30k-60k,Gold
2952,81997,60k-100k,Standard
2953,22172,10k-30k,Standard
2954,23833,10k-30k,Standard
2955,25672,10k-30k,Platinum
2956,82102,60k-100k,Standard
2957,89734,60k-100k,Gold
2958,13668,10k-30k,Gold
2959,73450,60k-100k,Gold
2960,64423,60k-100k,Standard
2961,107744,> 100k,Standard
2962,47551,30k-60k,Standard
2963,35207,30k-60k,Standard
2964,80955,60k-100k,Standard
2965,59232,30k-60k,Standard
2966,174805,> 100k,Standard
2967,71046,60k-100k,Standard
2968,40436,30k-60k,Standard
2969,15964,10k-30k,Standard
2970,24181,10k-30k,Standard
2971,13290,10k-30k,Standard
2972,31240,30k-60k,Standard
2973,69442,60k-100k,Gold
2974,36222,30k-60k,Standard
2975,74251,60k-100k,Platinum
2976,45995,30k-60k,Standard
2977,27387,10k-30k,Platinum
2978,38612,30k-60k,Gold
2979,50537,30k-60k,Gold
2980,40032,30k-60k,Platinum
2981,40355,30k-60k,Standard
2982,21198,10k-30k,Standard
2983,26820,10k-30k,Standard
2984,176472,> 100k,Standard
2985,85813,60k-100k,Standard
2986,12943,10k-30k,Standard
2987,6926,< 10k,Standard
2988,38304,30k-60k,Standard
2989,67875,60k-100k,Standard
2990,25236,10k-30k,Gold
2991,74247,60k-100k,Platinum
2992,37864,30k-60k,Standard
2993,32398,30k-60k,Standard
2994,61653,60k-100k,Standard
2995,25026,10k-30k,Gold
2996,29711,10k-30k,Standard
2997,58053,30k-60k,Platinum
2998,35526,30k-60k,Standard
2999,138156,> 100k,Standard
3000,59022,30k-60k,Platinum
3001,56396,30k-60k,Platinum
3002,35078,30k-60k,Gold
3003,66991,60k-100k,Standard
3004,28974,10k-30k,Gold
3005,44252,30k-60k,Standard
3006,19122,10k-30k,Standard
3007,75177,60k-100k,Standard
3008,44507,30k-60k,Standard
3009,145474,> 100k,Gold
3010,193805,> 100k,Standard
3011,61964,60k-100k,Platinum
3012,38097,30k-60k,Standard
3013,18727,10k-30k,Standard
3014,68413,60k-100k,Gold
3015,42074,30k-60k,Gold
3016,52924,30k-60k,Platinum
3017,121887,> 100k,Gold
3018,20392,10k-30k,Standard
3019,19015,10k-30k,Platinum
3020,30776,30k-60k,Platinum
3021,64527,60k-100k,Standard
3022,53551,30k-60k,Standard
3023,19399,10k-30k,Standard
3024,61672,60k-100k,Standard
3025,15664,10k-30k,Platinum
3026,20202,10k-30k,Standard
3027,33495,30k-60k,Gold
3028,24651,10k-30k,Standard
3029,67704,60k-100k,Standard
3030,44376,30k-60k,Gold
3031,124977,> 100k,Standard
3032,30545,30k-60k,Standard
3033,33338,30k-60k,Platinum
3034,84733,60k-100k,Gold
3035,34076,30k-60k,Standard
3036,103342,> 100k,Standard
3037,53028,30k-60k,Standard
3038,6995,< 10k,Gold
3039,82809,60k-100k,Gold
3040,68796,60k-100k,Standard
3041,70681,60k-100k,Gold
3042,9531,< 10k,Standard
3043,22831,10k-30k,Standard
3044,24050,10k-30k,Standard
3045,20155,10k-30k,Standard
3046,122926,> 100k,Standard
3047,36017,30k-60k,Gold
3048,35397,30k-60k,Standard
3049,53444,30k-60k,Gold
3050,54095,30k-60k,Gold
3051,3517,< 10k,Gold
3052,23099,10k-30k,Standard
3053,13508,10k-30k,Standard
3054,48060,30k-60k,Gold
3055,29666,10k-30k,Standard
3056,36708,30k-60k,Gold
3057,8476,< 10k,Standard
3058,29234,10k-30k,Standard
3059,79268,60k-100k,Gold
3060,97403,60k-100k,Platinum
3061,60066,60k-100k,Standard
3062,14259,10k-30k,Standard
3063,87691,60k-100k,Gold
3064,60282,60k-100k,Standard
3065,33455,30k-60k,Standard
3066,8799,< 10k,Standard
3067,70793,60k-100k,Standard
3068,23992,10k-30k,Standard
3069,46273,30k-60k,Standard
3070,38096,30k-60k,Platinum
3071,106604,> 100k,Gold
3072,33264,30k-60k,Platinum
3073,35933,30k-60k,Standard
3074,109648,> 100k,Standard
3075,22908,10k-30k,Platinum
3076,64217,60k-100k,Standard
3077,31601,30k-60k,Gold
3078,18001,10k-30k,Standard
3079,36345,30k-60k,Gold
3080,58935,30k-60k,Platinum
3081,93675,60k-100k,Standard
3082,101954,> 100k,Standard
3083,29544,10k-30k,Standard
3084,18195,10k-30k,Standard
3085,29053,10k-30k,Standard
3086,15881,10k-30k,Gold
3087,31189,30k-60k,Standard
3088,28590,10k-30k,Standard
3089,60430,60k-100k,Standard
3090,7753,< 10k,Standard
3091,21730,10k-30k,Standard
3092,21853,10k-30k,Gold
3093,83365,60k-100k,Gold
3094,16652,10k-30k,Standard
3095,42559,30k-60k,Standard
3096,33200,30k-60k,Gold
3097,75367,60k-100k,Standard
3098,55109,30k-60k,Standard
3099,39532,30k-60k,Gold
3100,24630,10k-30k,Standard
3101,9930,< 10k,Standard
3102,43172,30k-60k,Platinum
3103,52645,30k-60k,Standard
3104,12059,10k-30k,Platinum
3105,15312,10k-30k,Standard
3106,43331,30k-60k,Gold
3107,46046,30k-60k,Standard
3108,18152,10k-30k,Standard
3109,24298,10k-30k,Gold
3110,10041,10k-30k,Gold
3111,95233,60k-100k,Standard
3112,14619,10k-30k,Gold
3113,53081,30k-60k,Standard
3114,35437,30k-60k,Gold
3115,89564,60k-100k,Gold
3116,20856,10k-30k,Standard
3117,37906,30k-60k,Standard
3118,11060,10k-30k,Standard
3119,9349,< 10k,Platinum
3120,55129,30k-60k,Standard
3121,10409,10k-30k,Gold
3122,30953,30k-60k,Standard
3123,73710,60k-100k,Gold
3124,61247,60k-100k,Gold
3125,22806,10k-30k,Gold
3126,11944,10k-30k,Platinum
3127,51877,30k-60k,Standard
3128,92927,60k-100k,Standard
3129,22843,10k-30k,Platinum
3130,20695,10k-30k,Standard
3131,25148,10k-30k,Gold
3132,54183,30k-60k,Gold
3133,85816,60k-100k,Gold
3134,15249,10k-30k,Standard
3135,12723,10k-30k,Standard
3136,186838,> 100k,Gold
3137,32076,30k-60k,Standard
3138,43348,30k-60k,Gold
3139,22373,10k-30k,Standard
3140,51173,30k-60k,Standard
3141,71114,60k-100k,Standard
3142,44795,30k-60k,Platinum
3143,122835,> 100k,Standard
3144,28890,10k-30k,Standard
3145,30211,30k-60k,Platinum
3146,42701,30k-60k,Gold
3147,50285,30k-60k,Platinum
3148,42598,30k-60k,Standard
3149,14778,10k-30k,Gold
3150,45195,30k-60k,Standard
3151,27947,10k-30k,Gold
3152,24180,10k-30k,Gold
3153,37150,30k-60k,Standard
3154,18526,10k-30k,Standard
3155,16403,10k-30k,Gold
3156,5820,< 10k,Standard
3157,123385,> 100k,Gold
3158,53584,30k-60k,Standard
3159,33465,30k-60k,Platinum
3160,22764,10k-30k,Standard
3161,4850,< 10k,Standard
3162,21807,10k-30k,Standard
3163,59940,30k-60k,Standard
3164,70229,60k-100k,Standard
3165,56931,30k-60k,Standard
3166,40573,30k-60k,Standard
3167,90464,60k-100k,Gold
3168,28854,10k-30k,Standard
3169,77624,60k-100k,Gold
3170,27744,10k-30k,Standard
3171,19598,10k-30k,Standard
3172,17961,10k-30k,Standard
3173,17237,10k-30k,Gold
3174,57604,30k-60k,Standard
3175,21591,10k-30k,Standard
3176,17621,10k-30k,Standard
3177,59851,30k-60k,Standard
3178,45687,30k-60k,Standard
3179,71240,60k-100k,Standard
3180,51990,30k-60k,Standard
3181,21435,10k-30k,Gold
3182,38302,30k-60k,Standard
3183,39639,30k-60k,Standard
3184,19083,10k-30k,Standard
3185,16760,10k-30k,Standard
3186,22550,10k-30k,Standard
3187,151086,> 100k,Gold
3188,27202,10k-30k,Gold
3189,86077,60k-100k,Standard
3190,26158,10k-30k,Standard
3191,67655,60k-100k,Standard
3192,68305,60k-100k,Standard
3193,70743,60k-100k,Platinum
3194,47642,30k-60k,Gold
3195,95240,60k-100k,Standard
3196,47327,30k-60k,Platinum
3197,120507,> 100k,Standard
3198,11684,10k-30k,Standard
3199,46341,30k-60k,Standard
3200,44281,30k-60k,Standard
3201,18853,10k-30k,Gold
3202,54486,30k-60k,Gold
3203,12796,10k-30k,Gold
3204,22972,10k-30k,Standard
3205,8961,< 10k,Gold
3206,108124,> 100k,Gold
3207,30881,30k-60k,Standard
3208,165515,> 100k,Standard
3209,63707,60k-100k,Gold
3210,49695,30k-60k,Gold
3211,24092,10k-30k,Gold
3212,17458,10k-30k,Standard
3213,52369,30k-60k,Standard
3214,34542,30k-60k,Gold
3215,14221,10k-30k,Gold
3216,12559,10k-30k,Standard
3217,18562,10k-30k,Standard
3218,129920,> 100k,Platinum
3219,170978,> 100k,Platinum
3220,41918,30k-60k,Gold
3221,40306,30k-60k,Standard
3222,28697,10k-30k,Gold
3223,18880,10k-30k,Standard
3224,95094,60k-100k,Gold
3225,134794,> 100k,Standard
3226,19430,10k-30k,Gold
3227,34269,30k-60k,Gold
3228,26505,10k-30k,Gold
3229,27060,10k-30k,Standard
3230,83294,60k-100k,Standard
3231,14495,10k-30k,Gold
3232,50338,30k-60k,Standard
3233,60461,60k-100k,Standard
3234,32875,30k-60k,Platinum
3235,67856,60k-100k,Standard
3236,40269,30k-60k,Gold
3237,85134,60k-100k,Standard
3238,12512,10k-30k,Gold
3239,28448,10k-30k,Gold
3240,34535,30k-60k,Gold
3241,5594,< 10k,Platinum
3242,16980,10k-30k,Standard
3243,20547,10k-30k,Gold
3244,70526,60k-100k,Gold
3245,22141,10k-30k,Standard
3246,20482,10k-30k,Standard
3247,64359,60k-100k,Platinum
3248,11701,10k-30k,Standard
3249,8519,< 10k,Standard
3250,28194,10k-30k,Standard
3251,13181,10k-30k,Standard
3252,13537,10k-30k,Gold
3253,54252,30k-60k,Standard
3254,67049,60k-100k,Standard
3255,63082,60k-100k,Gold
3256,78916,60k-100k,Standard
3257,86577,60k-100k,Gold
3258,8184,< 10k,Gold
3259,49776,30k-60k,Gold
3260,25066,10k-30k,Gold
3261,21521,10k-30k,Standard
3262,53760,30k-60k,Standard
3263,10816,10k-30k,Standard
3264,10659,10k-30k,Standard
3265,56585,30k-60k,Standard
3266,51095,30k-60k,Standard
3267,39963,30k-60k,Standard
3268,19615,10k-30k,Standard
3269,61125,60k-100k,Standard
3270,58466,30k-60k,Standard
3271,38550,30k-60k,Standard
3272,15928,10k-30k,Gold
3273,26965,10k-30k,Gold
3274,65282,60k-100k,Gold
3275,91953,60k-100k,Gold
3276,28895,10k-30k,Gold
3277,30492,30k-60k,Gold
3278,32429,30k-60k,Standard
3279,44021,30k-60k,Standard
3280,24179,10k-30k,Gold
3281,4788,< 10k,Standard
3282,83695,60k-100k,Standard
3283,127552,> 100k,Standard
3284,23654,10k-30k,Standard
3285,17211,10k-30k,Gold
3286,32992,30k-60k,Standard
3287,31848,30k-60k,Standard
3288,72901,60k-100k,Standard
3289,37731,30k-60k,Gold
3290,20851,10k-30k,Gold
3291,14430,10k-30k,Standard
3292,66565,60k-100k,Gold
3293,55251,30k-60k,Standard
3294,76297,60k-100k,Gold
3295,18439,10k-30k,Gold
3296,131518,> 100k,Platinum
3297,10715,10k-30k,Standard
3298,59678,30k-60k,Standard
3299,9540,< 10k,Standard
3300,20884,10k-30k,Standard
3301,108306,> 100k,Standard
3302,64987,60k-100k,Standard
3303,24776,10k-30k,Standard
3304,25255,10k-30k,Platinum
3305,38965,30k-60k,Standard
3306,52046,30k-60k,Platinum
3307,87212,60k-100k,Gold
3308,26387,10k-30k,Gold
3309,11751,10k-30k,Platinum
3310,40533,30k-60k,Gold
3311,26365,10k-30k,Gold
3312,14611,10k-30k,Standard
3313,44728,30k-60k,Standard
3314,31282,30k-60k,Platinum
3315,45006,30k-60k,Standard
3316,19416,10k-30k,Standard
3317,51056,30k-60k,Gold
3318,14443,10k-30k,Standard
3319,20344,10k-30k,Gold
3320,30636,30k-60k,Standard
3321,122918,> 100k,Gold
3322,62904,60k-100k,Standard
3323,77190,60k-100k,Platinum
3324,97924,60k-100k,Standard
3325,452246,> 100k,Gold
3326,37388,30k-60k,Standard
3327,98152,60k-100k,Standard
3328,73780,60k-100k,Standard
3329,72927,60k-100k,Standard
3330,125739,> 100k,Gold
3331,27078,10k-30k,Standard
3332,25614,10k-30k,Standard
3333,45425,30k-60k,Standard
3334,31955,30k-60k,Gold
3335,45385,30k-60k,Standard
3336,108436,> 100k,Standard
3337,25985,10k-30k,Gold
3338,29340,10k-30k,Platinum
3339,41028,30k-60k,Gold
3340,30951,30k-60k,Gold
3341,9510,< 10k,Standard
3342,24195,10k-30k,Gold
3343,58756,30k-60k,Gold
3344,99337,60k-100k,Platinum
3345,16183,10k-30k,Standard
3346,16131,10k-30k,Platinum
3347,37092,30k-60k,Standard
3348,8493,< 10k,Gold
3349,26596,10k-30k,Standard
3350,10772,10k-30k,Standard
3351,94688,60k-100k,Standard
3352,21193,10k-30k,Standard
3353,115495,> 100k,Gold
3354,79178,60k-100k,Gold
3355,23099,10k-30k,Gold
3356,17147,10k-30k,Standard
3357,31714,30k-60k,Platinum
3358,33750,30k-60k,Gold
3359,46272,30k-60k,Standard
3360,21087,10k-30k,Gold
3361,61235,60k-100k,Standard
3362,43727,30k-60k,Standard
3363,28616,10k-30k,Standard
3364,22061,10k-30k,Standard
3365,31906,30k-60k,Standard
3366,20499,10k-30k,Standard
3367,37831,30k-60k,Platinum
3368,38553,30k-60k,Standard
3369,43616,30k-60k,Standard
3370,125037,> 100k,Platinum
3371,33100,30k-60k,Standard
3372,73366,60k-100k,Gold
3373,42646,30k-60k,Standard
3374,30737,30k-60k,Standard
3375,33409,30k-60k,Standard
3376,34850,30k-60k,Platinum
3377,44171,30k-60k,Standard
3378,18554,10k-30k,Standard
3379,13020,10k-30k,Platinum
3380,57411,30k-60k,Platinum
3381,68096,60k-100k,Standard
3382,61202,60k-100k,Gold
3383,40476,30k-60k,Standard
3384,62134,60k-100k,Standard
3385,59838,30k-60k,Standard
3386,63028,60k-100k,Standard
3387,19896,10k-30k,Standard
3388,16850,10k-30k,Standard
3389,27667,10k-30k,Standard
3390,35876,30k-60k,Standard
3391,30658,30k-60k,Standard
3392,9762,< 10k,Platinum
3393,121198,> 100k,Gold
3394,29976,10k-30k,Standard
3395,40982,30k-60k,Platinum
3396,86784,60k-100k,Standard
3397,7034,< 10k,Standard
3398,25382,10k-30k,Standard
3399,27695,10k-30k,Standard
3400,28698,10k-30k,Gold
3401,32162,30k-60k,Platinum
3402,100006,> 100k,Standard
3403,58187,30k-60k,Standard
3404,71013,60k-100k,Standard
3405,37533,30k-60k,Standard
3406,13635,10k-30k,Gold
3407,8469,< 10k,Gold
3408,12449,10k-30k,Standard
3409,46715,30k-60k,Gold
3410,37132,30k-60k,Standard
3411,31347,30k-60k,Platinum
3412,28057,10k-30k,Standard
3413,148479,> 100k,Gold
3414,20413,10k-30k,Standard
3415,69527,60k-100k,Standard
3416,36364,30k-60k,Gold
3417,34798,30k-60k,Standard
3418,82755,60k-100k,Platinum
3419,101090,> 100k,Standard
3420,30709,30k-60k,Platinum
3421,63541,60k-100k,Platinum
3422,46850,30k-60k,Standard
3423,36505,30k-60k,Standard
3424,41897,30k-60k,Gold
3425,22435,10k-30k,Standard
3426,29311,10k-30k,Gold
3427,24186,10k-30k,Standard
3428,68252,60k-100k,Gold
3429,33974,30k-60k,Standard
3430,14641,10k-30k,Gold
3431,21885,10k-30k,Standard
3432,3868,< 10k,Gold
3433,25689,10k-30k,Standard
3434,37285,30k-60k,Standard
3435,33014,30k-60k,Platinum
3436,145234,> 100k,Gold
3437,54308,30k-60k,Platinum
3438,52644,30k-60k,Standard
3439,11495,10k-30k,Gold
3440,28134,10k-30k,Gold
3441,25831,10k-30k,Gold
3442,20946,10k-30k,Standard
3443,20745,10k-30k,Standard
3444,10242,10k-30k,Platinum
3445,14867,10k-30k,Standard
3446,66960,60k-100k,Platinum
3447,32858,30k-60k,Standard
3448,25476,10k-30k,Platinum
3449,36178,30k-60k,Gold
3450,82221,60k-100k,Gold
3451,36422,30k-60k,Standard
3452,53011,30k-60k,Platinum
3453,20077,10k-30k,Standard
3454,23551,10k-30k,Gold
3455,46526,30k-60k,Standard
3456,136606,> 100k,Gold
3457,98798,60k-100k,Gold
3458,54610,30k-60k,Standard
3459,40376,30k-60k,Gold
3460,96833,60k-100k,Standard
3461,63340,60k-100k,Platinum
3462,7291,< 10k,Platinum
3463,17365,10k-30k,Standard
3464,46013,30k-60k,Standard
3465,10395,10k-30k,Gold
3466,19374,10k-30k,Standard
3467,22250,10k-30k,Standard
3468,30354,30k-60k,Standard
3469,29696,10k-30k,Standard
3470,29661,10k-30k,Standard
3471,64712,60k-100k,Standard
3472,30162,30k-60k,Standard
3473,27743,10k-30k,Gold
3474,14123,10k-30k,Standard
3475,74387,60k-100k,Standard
3476,22696,10k-30k,Gold
3477,16967,10k-30k,Gold
3478,42157,30k-60k,Standard
3479,21229,10k-30k,Gold
3480,25130,10k-30k,Gold
3481,43517,30k-60k,Standard
3482,28896,10k-30k,Standard
3483,183162,> 100k,Standard
3484,34462,30k-60k,Gold
3485,55965,30k-60k,Standard
3486,9328,< 10k,Platinum
3487,19881,10k-30k,Gold
3488,16969,10k-30k,Standard
3489,18618,10k-30k,Standard
3490,48575,30k-60k,Standard
3491,74973,60k-100k,Standard
3492,46223,30k-60k,Standard
3493,30987,30k-60k,Gold
3494,23351,10k-30k,Gold
3495,79183,60k-100k,Standard
3496,154798,> 100k,Standard
3497,39916,30k-60k,Standard
3498,70091,60k-100k,Standard
3499,46182,30k-60k,Gold
3500,61626,60k-100k,Standard
3501,16071,10k-30k,Gold
3502,25804,10k-30k,Platinum
3503,47897,30k-60k,Gold
3504,84858,60k-100k,Standard
3505,20482,10k-30k,Standard
3506,8748,< 10k,Standard
3507,25622,10k-30k,Gold
3508,73650,60k-100k,Gold
3509,11983,10k-30k,Gold
3510,15933,10k-30k,Gold
3511,40503,30k-60k,Gold
3512,33483,30k-60k,Gold
3513,55057,30k-60k,Standard
3514,15365,10k-30k,Gold
3515,28926,10k-30k,Gold
3516,83837,60k-100k,Standard
3517,15755,10k-30k,Platinum
3518,102113,> 100k,Platinum
3519,17202,10k-30k,Standard
3520,65812,60k-100k,Gold
3521,27971,10k-30k,Standard
3522,16294,10k-30k,Standard
3523,25646,10k-30k,Standard
3524,53180,30k-60k,Standard
3525,36141,30k-60k,Standard
3526,79453,60k-100k,Standard
3527,99212,60k-100k,Gold
3528,15865,10k-30k,Standard
3529,15072,10k-30k,Standard
3530,14568,10k-30k,Standard
3531,19352,10k-30k,Standard
3532,78664,60k-100k,Standard
3533,53758,30k-60k,Standard
3534,24797,10k-30k,Standard
3535,36034,30k-60k,Standard
3536,97053,60k-100k,Standard
3537,138082,> 100k,Platinum
3538,43545,30k-60k,Standard
3539,5644,< 10k,Gold
3540,44716,30k-60k,Standard
3541,69865,60k-100k,Standard
3542,42499,30k-60k,Standard
3543,60388,60k-100k,Platinum
3544,46627,30k-60k,Standard
3545,15302,10k-30k,Gold
3546,19528,10k-30k,Gold
3547,29004,10k-30k,Standard
3548,76556,60k-100k,Platinum
3549,21245,10k-30k,Standard
3550,49967,30k-60k,Standard
3551,44917,30k-60k,Standard
3552,110231,> 100k,Standard
3553,35271,30k-60k,Standard
3554,10632,10k-30k,Gold
3555,57114,30k-60k,Standard
3556,162208,> 100k,Gold
3557,59794,30k-60k,Standard
3558,20923,10k-30k,Platinum
3559,17028,10k-30k,Standard
3560,18637,10k-30k,Gold
3561,147608,> 100k,Gold
3562,28879,10k-30k,Standard
3563,22837,10k-30k,Standard
3564,32503,30k-60k,Standard
3565,29090,10k-30k,Standard
3566,108809,> 100k,Standard
3567,17851,10k-30k,Gold
3568,82987,60k-100k,Standard
3569,39555,30k-60k,Standard
3570,84534,60k-100k,Standard
3571,109955,> 100k,Gold
3572,38536,30k-60k,Standard
3573,29128,10k-30k,Standard
3574,38037,30k-60k,Standard
3575,33984,30k-60k,Standard
3576,11385,10k-30k,Gold
3577,107660,> 100k,Gold
3578,43133,30k-60k,Gold
3579,16088,10k-30k,Standard
3580,8541,< 10k,Platinum
3581,7120,< 10k,Standard
3582,62276,60k-100k,Standard
3583,23546,10k-30k,Standard
3584,26411,10k-30k,Standard
3585,51108,30k-60k,Standard
3586,25305,10k-30k,Standard
3587,53240,30k-60k,Standard
3588,38819,30k-60k,Standard
3589,34238,30k-60k,Gold
3590,12077,10k-30k,Platinum
3591,20459,10k-30k,Standard
3592,55368,30k-60k,Gold
3593,22529,10k-30k,Gold
3594,84436,60k-100k,Platinum
3595,187677,> 100k,Standard
3596,57495,30k-60k,Gold
3597,103257,> 100k,Standard
3598,60144,60k-100k,Gold
3599,24984,10k-30k,Gold
3600,41777,30k-60k,Gold
3601,148646,> 100k,Standard
3602,25172,10k-30k,Gold
3603,17544,10k-30k,Standard
3604,16416,10k-30k,Standard
3605,31186,30k-60k,Standard
3606,17989,10k-30k,Gold
3607,117220,> 100k,Platinum
3608,42253,30k-60k,Gold
3609,71697,60k-100k,Standard
3610,29464,10k-30k,Standard
3611,16348,10k-30k,Standard
3612,14522,10k-30k,Standard
3613,19233,10k-30k,Standard
3614,46317,30k-60k,Standard
3615,52256,30k-60k,Standard
3616,55394,30k-60k,Gold
3617,12809,10k-30k,Gold
3618,36305,30k-60k,Gold
3619,17707,10k-30k,Standard
3620,48099,30k-60k,Standard
3621,50784,30k-60k,Standard
3622,15986,10k-30k,Standard
3623,71512,60k-100k,Gold
3624,186684,> 100k,Standard
3625,65145,60k-100k,Gold
3626,32403,30k-60k,Platinum
3627,29097,10k-30k,Standard
3628,31371,30k-60k,Standard
3629,21321,10k-30k,Platinum
3630,43333,30k-60k,Gold
3631,16367,10k-30k,Gold
3632,9674,< 10k,Gold
3633,42349,30k-60k,Standard
3634,36859,30k-60k,Standard
3635,24347,10k-30k,Standard
3636,14796,10k-30k,Standard
3637,44481,30k-60k,Standard
3638,18158,10k-30k,Standard
3639,32949,30k-60k,Gold
3640,124926,> 100k,Standard
3641,57287,30k-60k,Standard
3642,13927,10k-30k,Standard
3643,14877,10k-30k,Standard
3644,40387,30k-60k,Standard
3645,13867,10k-30k,Gold
3646,8944,< 10k,Gold
3647,52715,30k-60k,Standard
3648,45463,30k-60k,Standard
3649,49782,30k-60k,Gold
3650,43657,30k-60k,Standard
3651,34692,30k-60k,Standard
3652,22844,10k-30k,Standard
3653,52119,30k-60k,Platinum
3654,105970,> 100k,Standard
3655,25569,10k-30k,Platinum
3656,17773,10k-30k,Standard
3657,16406,10k-30k,Standard
3658,19797,10k-30k,Gold
3659,41848,30k-60k,Standard
3660,8121,< 10k,Standard
3661,49385,30k-60k,Standard
3662,56996,30k-60k,Standard
3663,10314,10k-30k,Standard
3664,18298,10k-30k,Gold
3665,38398,30k-60k,Gold
3666,32845,30k-60k,Platinum
3667,52247,30k-60k,Gold
3668,32899,30k-60k,Gold
3669,88021,60k-100k,Gold
3670,29003,10k-30k,Gold
3671,18249,10k-30k,Standard
3672,17250,10k-30k,Standard
3673,60768,60k-100k,Gold
3674,37076,30k-60k,Standard
3675,56590,30k-60k,Platinum
3676,55780,30k-60k,Standard
3677,8831,< 10k,Standard
3678,16349,10k-30k,Gold
3679,17775,10k-30k,Standard
3680,20511,10k-30k,Platinum
3681,27058,10k-30k,Platinum
3682,73086,60k-100k,Gold
3683,84030,60k-100k,Standard
3684,29583,10k-30k,Standard
3685,30457,30k-60k,Standard
3686,22163,10k-30k,Gold
3687,38654,30k-60k,Standard
3688,41846,30k-60k,Standard
3689,63865,60k-100k,Standard
3690,63507,60k-100k,Standard
3691,7248,< 10k,Gold
3692,32637,30k-60k,Standard
3693,95690,60k-100k,Standard
3694,26724,10k-30k,Gold
3695,80617,60k-100k,Gold
3696,29304,10k-30k,Gold
3697,41045,30k-60k,Gold
3698,16385,10k-30k,Standard
3699,16823,10k-30k,Standard
3700,60345,60k-100k,Platinum
3701,67324,60k-100k,Platinum
3702,36993,30k-60k,Gold
3703,15378,10k-30k,Gold
3704,37446,30k-60k,Platinum
3705,87558,60k-100k,Standard
3706,123008,> 100k,Standard
3707,29094,10k-30k,Gold
3708,11362,10k-30k,Platinum
3709,65398,60k-100k,Gold
3710,29936,10k-30k,Gold
3711,70271,60k-100k,Standard
3712,44211,30k-60k,Standard
3713,19566,10k-30k,Standard
3714,37826,30k-60k,Platinum
3715,90747,60k-100k,Standard
3716,32715,30k-60k,Standard
3717,17599,10k-30k,Platinum
3718,11943,10k-30k,Standard
3719,21151,10k-30k,Gold
3720,27252,10k-30k,Standard
3721,64472,60k-100k,Standard
3722,16570,10k-30k,Gold
3723,107756,> 100k,Platinum
3724,14242,10k-30k,Standard
3725,185728,> 100k,Gold
3726,121523,> 100k,Standard
3727,40087,30k-60k,Standard
3728,11459,10k-30k,Standard
3729,34933,30k-60k,Gold
3730,27700,10k-30k,Standard
3731,14883,10k-30k,Standard
3732,44520,30k-60k,Gold
3733,20403,10k-30k,Standard
3734,22016,10k-30k,Standard
3735,31489,30k-60k,Standard
3736,24283,10k-30k,Gold
3737,155547,> 100k,Standard
3738,24959,10k-30k,Gold
3739,49445,30k-60k,Standard
3740,40209,30k-60k,Standard
3741,46486,30k-60k,Gold
3742,49038,30k-60k,Standard
3743,67302,60k-100k,Platinum
3744,43761,30k-60k,Standard
3745,42507,30k-60k,Standard
3746,37832,30k-60k,Standard
3747,32961,30k-60k,Standard
3748,19182,10k-30k,Standard
3749,34800,30k-60k,Standard
3750,42997,30k-60k,Standard
3751,48122,30k-60k,Standard
3752,41200,30k-60k,Standard
3753,30851,30k-60k,Standard
3754,34893,30k-60k,Standard
3755,24647,10k-30k,Standard
3756,45218,30k-60k,Standard
3757,31107,30k-60k,Gold
3758,41208,30k-60k,Gold
3759,73171,60k-100k,Standard
3760,22102,10k-30k,Standard
3761,55143,30k-60k,Standard
3762,37169,30k-60k,Gold
3763,149467,> 100k,Standard
3764,31212,30k-60k,Standard
3765,59078,30k-60k,Standard
3766,36707,30k-60k,Platinum
3767,13741,10k-30k,Gold
3768,25223,10k-30k,Standard
3769,67260,60k-100k,Standard
3770,26825,10k-30k,Gold
3771,7675,< 10k,Standard
3772,35525,30k-60k,Standard
3773,16904,10k-30k,Gold
3774,39825,30k-60k,Standard
3775,107559,> 100k,Standard
3776,62231,60k-100k,Standard
3777,106474,> 100k,Platinum
3778,24512,10k-30k,Standard
3779,32852,30k-60k,Gold
3780,17481,10k-30k,Standard
3781,22497,10k-30k,Platinum
3782,18980,10k-30k,Platinum
3783,14549,10k-30k,Standard
3784,94475,60k-100k,Standard
3785,8396,< 10k,Gold
3786,94759,60k-100k,Gold
3787,86876,60k-100k,Standard
3788,51526,30k-60k,Gold
3789,16644,10k-30k,Standard
3790,11997,10k-30k,Standard
3791,24738,10k-30k,Gold
3792,56251,30k-60k,Standard
3793,36393,30k-60k,Standard
3794,17492,10k-30k,Platinum
3795,81124,60k-100k,Gold
3796,118074,> 100k,Platinum
3797,30988,30k-60k,Gold
3798,39204,30k-60k,Gold
3799,12629,10k-30k,Standard
3800,27171,10k-30k,Standard
3801,51912,30k-60k,Standard
3802,46555,30k-60k,Standard
3803,25454,10k-30k,Platinum
3804,29972,10k-30k,Standard
3805,26554,10k-30k,Standard
3806,29883,10k-30k,Gold
3807,48838,30k-60k,Standard
3808,9161,< 10k,Standard
3809,34473,30k-60k,Standard
3810,46396,30k-60k,Gold
3811,24359,10k-30k,Standard
3812,25964,10k-30k,Standard
3813,26495,10k-30k,Standard
3814,25969,10k-30k,Standard
3815,36465,30k-60k,Standard
3816,39747,30k-60k,Platinum
3817,8346,< 10k,Standard
3818,57355,30k-60k,Standard
3819,29643,10k-30k,Platinum
3820,140515,> 100k,Gold
3821,15769,10k-30k,Standard
3822,19788,10k-30k,Standard
3823,31506,30k-60k,Gold
3824,48497,30k-60k,Standard
3825,9269,< 10k,Standard
3826,20325,10k-30k,Standard
3827,54935,30k-60k,Standard
3828,18700,10k-30k,Gold
3829,94752,60k-100k,Standard
3830,26430,10k-30k,Standard
3831,19349,10k-30k,Gold
3832,55668,30k-60k,Standard
3833,111896,> 100k,Standard
3834,48604,30k-60k,Standard
3835,87754,60k-100k,Gold
3836,117435,> 100k,Standard
3837,19047,10k-30k,Gold
3838,70043,60k-100k,Standard
3839,12501,10k-30k,Gold
3840,48895,30k-60k,Gold
3841,34547,30k-60k,Gold
3842,86687,60k-100k,Standard
3843,82501,60k-100k,Standard
3844,54114,30k-60k,Standard
3845,44752,30k-60k,Standard
3846,51836,30k-60k,Standard
3847,37920,30k-60k,Standard
3848,34792,30k-60k,Platinum
3849,99688,60k-100k,Gold
3850,108447,> 100k,Standard
3851,32887,30k-60k,Standard
3852,42887,30k-60k,Gold
3853,38451,30k-60k,Standard
3854,11752,10k-30k,Standard
3855,28695,10k-30k,Standard
3856,111278,> 100k,Standard
3857,21486,10k-30k,Gold
3858,159560,> 100k,Platinum
3859,82494,60k-100k,Standard
3860,48100,30k-60k,Standard
3861,53776,30k-60k,Standard
3862,19109,10k-30k,Gold
3863,30162,30k-60k,Gold
3864,99606,60k-100k,Standard
3865,23619,10k-30k,Gold
3866,76327,60k-100k,Standard
3867,13850,10k-30k,Standard
3868,15698,10k-30k,Gold
3869,137443,> 100k,Standard
3870,36015,30k-60k,Standard
3871,24910,10k-30k,Gold
3872,94270,60k-100k,Standard
3873,86861,60k-100k,Standard
3874,69184,60k-100k,Standard
3875,24369,10k-30k,Standard
3876,29707,10k-30k,Standard
3877,45167,30k-60k,Standard
3878,59046,30k-60k,Gold
3879,25439,10k-30k,Platinum
3880,40925,30k-60k,Standard
3881,43790,30k-60k,Standard
3882,89387,60k-100k,Gold
3883,61582,60k-100k,Platinum
3884,12647,10k-30k,Standard
3885,31271,30k-60k,Gold
3886,18955,10k-30k,Standard
3887,54049,30k-60k,Platinum
3888,69300,60k-100k,Standard
3889,38991,30k-60k,Platinum
3890,30100,30k-60k,Standard
3891,38117,30k-60k,Platinum
3892,42034,30k-60k,Standard
3893,23200,10k-30k,Standard
3894,15473,10k-30k,Gold
3895,8646,< 10k,Gold
3896,88170,60k-100k,Gold
3897,51403,30k-60k,Standard
3898,46805,30k-60k,Gold
3899,88048,60k-100k,Platinum
3900,15080,10k-30k,Standard
3901,10775,10k-30k,Standard
3902,47522,30k-60k,Gold
3903,44591,30k-60k,Gold
3904,10808,10k-30k,Gold
3905,46707,30k-60k,Gold
3906,27442,10k-30k,Gold
3907,20641,10k-30k,Gold
3908,28756,10k-30k,Platinum
3909,6574,< 10k,Gold
3910,24005,10k-30k,Gold
3911,22181,10k-30k,Standard
3912,53635,30k-60k,Standard
3913,32507,30k-60k,Standard
3914,56795,30k-60k,Gold
3915,6095,< 10k,Standard
3916,20183,10k-30k,Standard
3917,53594,30k-60k,Standard
3918,29254,10k-30k,Gold
3919,65632,60k-100k,Gold
3920,10267,10k-30k,Platinum
3921,60583,60k-100k,Standard
3922,23216,10k-30k,Standard
3923,21691,10k-30k,Standard
3924,72673,60k-100k,Standard
3925,81906,60k-100k,Gold
3926,74928,60k-100k,Standard
3927,151304,> 100k,Standard
3928,88147,60k-100k,Standard
3929,20810,10k-30k,Standard
3930,40100,30k-60k,Standard
3931,28222,10k-30k,Standard
3932,150296,> 100k,Standard
3933,78700,60k-100k,Standard
3934,31817,30k-60k,Standard
3935,67140,60k-100k,Gold
3936,15328,10k-30k,Platinum
3937,43268,30k-60k,Standard
3938,18834,10k-30k,Gold
3939,11136,10k-30k,Platinum
3940,62892,60k-100k,Standard
3941,68597,60k-100k,Standard
3942,50013,30k-60k,Standard
3943,31949,30k-60k,Standard
3944,14966,10k-30k,Gold
3945,16107,10k-30k,Standard
3946,18425,10k-30k,Gold
3947,30835,30k-60k,Standard
3948,77135,60k-100k,Platinum
3949,76288,60k-100k,Platinum
3950,11452,10k-30k,Platinum
3951,22353,10k-30k,Gold
3952,21936,10k-30k,Standard
3953,6172,< 10k,Gold
3954,53975,30k-60k,Standard
3955,30567,30k-60k,Gold
3956,33550,30k-60k,Standard
3957,93163,60k-100k,Standard
3958,38631,30k-60k,Platinum
3959,26862,10k-30k,Standard
3960,54200,30k-60k,Standard
3961,76207,60k-100k,Standard
3962,44690,30k-60k,Gold
3963,58831,30k-60k,Gold
3964,32797,30k-60k,Gold
3965,34293,30k-60k,Gold
3966,39305,30k-60k,Standard
3967,21435,10k-30k,Standard
3968,24400,10k-30k,Gold
3969,95274,60k-100k,Gold
3970,148089,> 100k,Standard
3971,110695,> 100k,Standard
3972,14381,10k-30k,Standard
3973,13441,10k-30k,Standard
3974,15780,10k-30k,Standard
3975,39897,30k-60k,Standard
3976,5084,< 10k,Standard
3977,24048,10k-30k,Standard
3978,97243,60k-100k,Gold
3979,72236,60k-100k,Gold
3980,25428,10k-30k,Standard
3981,26813,10k-30k,Standard
3982,54017,30k-60k,Platinum
3983,69890,60k-100k,Standard
3984,25004,10k-30k,Platinum
3985,30820,30k-60k,Standard
3986,24435,10k-30k,Gold
3987,14300,10k-30k,Standard
3988,31137,30k-60k,Standard
3989,29520,10k-30k,Platinum
3990,15026,10k-30k,Platinum
3991,57082,30k-60k,Standard
3992,50935,30k-60k,Platinum
3993,59101,30k-60k,Standard
3994,21212,10k-30k,Gold
3995,9058,< 10k,Standard
3996,50369,30k-60k,Standard
3997,22813,10k-30k,Gold
3998,19468,10k-30k,Standard
3999,15063,10k-30k,Standard
4000,29949,10k-30k,Standard
4001,109549,> 100k,Standard
4002,25493,10k-30k,Gold
4003,16935,10k-30k,Standard
4004,57317,30k-60k,Gold
4005,40985,30k-60k,Standard
4006,8237,< 10k,Standard
4007,57736,30k-60k,Standard
4008,161123,> 100k,Gold
4009,5881,< 10k,Standard
4010,15290,10k-30k,Standard
4011,4944,< 10k,Standard
4012,34450,30k-60k,Gold
4013,72639,60k-100k,Standard
4014,39098,30k-60k,Gold
4015,96220,60k-100k,Standard
4016,64950,60k-100k,Standard
4017,119551,> 100k,Standard
4018,81809,60k-100k,Standard
4019,27390,10k-30k,Standard
4020,38051,30k-60k,Platinum
4021,19770,10k-30k,Standard
4022,30900,30k-60k,Standard
4023,37921,30k-60k,Standard
4024,34219,30k-60k,Standard
4025,92927,60k-100k,Standard
4026,28821,10k-30k,Gold
4027,18911,10k-30k,Standard
4028,19757,10k-30k,Gold
4029,57444,30k-60k,Standard
4030,13599,10k-30k,Standard
4031,31544,30k-60k,Standard
4032,91972,60k-100k,Standard
4033,44570,30k-60k,Standard
4034,34467,30k-60k,Standard
4035,35414,30k-60k,Standard
4036,17664,10k-30k,Gold
4037,19930,10k-30k,Standard
4038,31677,30k-60k,Gold
4039,43909,30k-60k,Standard
4040,70523,60k-100k,Gold
4041,38746,30k-60k,Standard
4042,93614,60k-100k,Standard
4043,111707,> 100k,Platinum
4044,63366,60k-100k,Standard
4045,85603,60k-100k,Standard
4046,18151,10k-30k,Standard
4047,16245,10k-30k,Standard
4048,52186,30k-60k,Platinum
4049,14202,10k-30k,Gold
4050,29635,10k-30k,Gold
4051,62307,60k-100k,Platinum
4052,97671,60k-100k,Standard
4053,30395,30k-60k,Standard
4054,23041,10k-30k,Gold
4055,45447,30k-60k,Standard
4056,17128,10k-30k,Standard
4057,32167,30k-60k,Standard
4058,36112,30k-60k,Platinum
4059,35611,30k-60k,Standard
4060,38636,30k-60k,Gold
4061,20248,10k-30k,Standard
4062,21831,10k-30k,Standard
4063,21526,10k-30k,Gold
4064,11683,10k-30k,Platinum
4065,46132,30k-60k,Standard
4066,67931,60k-100k,Standard
4067,63412,60k-100k,Standard
4068,30219,30k-60k,Gold
4069,20584,10k-30k,Standard
4070,61146,60k-100k,Standard
4071,56797,30k-60k,Gold
4072,42285,30k-60k,Standard
4073,123132,> 100k,Standard
4074,35649,30k-60k,Gold
4075,30338,30k-60k,Platinum
4076,27450,10k-30k,Platinum
4077,12177,10k-30k,Standard
4078,57695,30k-60k,Platinum
4079,33730,30k-60k,Gold
4080,51893,30k-60k,Standard
4081,131836,> 100k,Gold
4082,27624,10k-30k,Standard
4083,7068,< 10k,Gold
4084,50855,30k-60k,Gold
4085,40814,30k-60k,Gold
4086,21748,10k-30k,Standard
4087,47958,30k-60k,Gold
4088,62960,60k-100k,Standard
4089,18720,10k-30k,Platinum
4090,29409,10k-30k,Gold
4091,102102,> 100k,Standard
4092,21913,10k-30k,Standard
4093,38050,30k-60k,Gold
4094,5784,< 10k,Standard
4095,12870,10k-30k,Gold
4096,40548,30k-60k,Standard
4097,85784,60k-100k,Gold
4098,13996,10k-30k,Standard
4099,38261,30k-60k,Standard
4100,27917,10k-30k,Platinum
4101,70767,60k-100k,Gold
4102,15483,10k-30k,Standard
4103,49072,30k-60k,Platinum
4104,22980,10k-30k,Standard
4105,42451,30k-60k,Gold
4106,38110,30k-60k,Standard
4107,30447,30k-60k,Standard
4108,50739,30k-60k,Standard
4109,37442,30k-60k,Standard
4110,33091,30k-60k,Gold
4111,28296,10k-30k,Gold
4112,38342,30k-60k,Standard
4113,42422,30k-60k,Standard
4114,18171,10k-30k,Gold
4115,28434,10k-30k,Standard
4116,17350,10k-30k,Standard
4117,35316,30k-60k,Standard
4118,23989,10k-30k,Standard
4119,62289,60k-100k,Standard
4120,58157,30k-60k,Gold
4121,19035,10k-30k,Standard
4122,36256,30k-60k,Gold
4123,56781,30k-60k,Standard
4124,32121,30k-60k,Standard
4125,21812,10k-30k,Standard
4126,16904,10k-30k,Gold
4127,66038,60k-100k,Standard
4128,68315,60k-100k,Standard
4129,31396,30k-60k,Gold
4130,62087,60k-100k,Standard
4131,4556,< 10k,Gold
4132,91976,60k-100k,Platinum
4133,32537,30k-60k,Standard
4134,40104,30k-60k,Standard
4135,29017,10k-30k,Standard
4136,96470,60k-100k,Gold
4137,17283,10k-30k,Standard
4138,101938,> 100k,Gold
4139,47924,30k-60k,Gold
4140,56154,30k-60k,Standard
4141,28841,10k-30k,Gold
4142,14534,10k-30k,Standard
4143,69658,60k-100k,Standard
4144,45160,30k-60k,Gold
4145,94196,60k-100k,Standard
4146,31709,30k-60k,Standard
4147,27079,10k-30k,Gold
4148,95957,60k-100k,Gold
4149,138458,> 100k,Standard
4150,36553,30k-60k,Gold
4151,21441,10k-30k,Standard
4152,64046,60k-100k,Gold
4153,30399,30k-60k,Gold
4154,55242,30k-60k,Standard
4155,30287,30k-60k,Standard
4156,108533,> 100k,Gold
4157,22255,10k-30k,Gold
4158,50836,30k-60k,Standard
4159,25794,10k-30k,Standard
4160,29820,10k-30k,Standard
4161,27216,10k-30k,Standard
4162,60902,60k-100k,Gold
4163,69068,60k-100k,Standard
4164,53659,30k-60k,Gold
4165,33671,30k-60k,Platinum
4166,40059,30k-60k,Platinum
4167,68077,60k-100k,Standard
4168,69599,60k-100k,Gold
4169,5523,< 10k,Platinum
4170,30014,30k-60k,Standard
4171,31039,30k-60k,Standard
4172,58016,30k-60k,Platinum
4173,34657,30k-60k,Standard
4174,60079,60k-100k,Platinum
4175,17067,10k-30k,Standard
4176,43566,30k-60k,Standard
4177,68196,60k-100k,Standard
4178,12938,10k-30k,Standard
4179,210986,> 100k,Standard
4180,83585,60k-100k,Standard
4181,36349,30k-60k,Standard
4182,20335,10k-30k,Standard
4183,32126,30k-60k,Standard
4184,38509,30k-60k,Gold
4185,49437,30k-60k,Standard
4186,103825,> 100k,Gold
4187,26022,10k-30k,Gold
4188,53846,30k-60k,Standard
4189,14695,10k-30k,Standard
4190,27186,10k-30k,Platinum
4191,47273,30k-60k,Gold
4192,58916,30k-60k,Standard
4193,21434,10k-30k,Gold
4194,26674,10k-30k,Standard
4195,100950,> 100k,Standard
4196,81906,60k-100k,Standard
4197,42020,30k-60k,Standard
4198,7588,< 10k,Platinum
4199,210616,> 100k,Gold
4200,35812,30k-60k,Gold
4201,29178,10k-30k,Standard
4202,25193,10k-30k,Standard
4203,47261,30k-60k,Standard
4204,47600,30k-60k,Standard
4205,70646,60k-100k,Standard
4206,18991,10k-30k,Standard
4207,29180,10k-30k,Standard
4208,150449,> 100k,Platinum
4209,42498,30k-60k,Platinum
4210,32184,30k-60k,Standard
4211,18786,10k-30k,Gold
4212,51748,30k-60k,Standard
4213,74735,60k-100k,Standard
4214,66984,60k-100k,Platinum
4215,30298,30k-60k,Gold
4216,46764,30k-60k,Standard
4217,117027,> 100k,Standard
4218,76850,60k-100k,Platinum
4219,20974,10k-30k,Standard
4220,6110,< 10k,Standard
4221,44700,30k-60k,Platinum
4222,63512,60k-100k,Standard
4223,16941,10k-30k,Standard
4224,36092,30k-60k,Standard
4225,30194,30k-60k,Gold
4226,39065,30k-60k,Gold
4227,24802,10k-30k,Standard
4228,89622,60k-100k,Standard
4229,40278,30k-60k,Standard
4230,19627,10k-30k,Standard
4231,69024,60k-100k,Standard
4232,14988,10k-30k,Standard
4233,89245,60k-100k,Standard
4234,72674,60k-100k,Platinum
4235,96070,60k-100k,Standard
4236,32507,30k-60k,Standard
4237,25660,10k-30k,Standard
4238,38515,30k-60k,Gold
4239,34231,30k-60k,Standard
4240,22996,10k-30k,Standard
4241,24648,10k-30k,Gold
4242,28100,10k-30k,Platinum
4243,16010,10k-30k,Gold
4244,58370,30k-60k,Standard
4245,35010,30k-60k,Standard
4246,29264,10k-30k,Gold
4247,16693,10k-30k,Standard
4248,16118,10k-30k,Standard
4249,140806,> 100k,Platinum
4250,23410,10k-30k,Gold
4251,55679,30k-60k,Gold
4252,40694,30k-60k,Gold
4253,5204,< 10k,Gold
4254,127352,> 100k,Gold
4255,58621,30k-60k,Standard
4256,21218,10k-30k,Platinum
4257,35601,30k-60k,Standard
4258,16245,10k-30k,Standard
4259,130399,> 100k,Standard
4260,19237,10k-30k,Standard
4261,25180,10k-30k,Standard
4262,21792,10k-30k,Standard
4263,38417,30k-60k,Standard
4264,94771,60k-100k,Standard
4265,127078,> 100k,Standard
4266,27465,10k-30k,Standard
4267,47324,30k-60k,Standard
4268,38458,30k-60k,Gold
4269,18267,10k-30k,Standard
4270,197953,> 100k,Standard
4271,94271,60k-100k,Standard
4272,41455,30k-60k,Gold
4273,109898,> 100k,Gold
4274,84835,60k-100k,Standard
4275,38457,30k-60k,Gold
4276,45623,30k-60k,Gold
4277,104661,> 100k,Gold
4278,18726,10k-30k,Standard
4279,117193,> 100k,Gold
4280,31021,30k-60k,Standard
4281,105585,> 100k,Gold
4282,36182,30k-60k,Gold
4283,45996,30k-60k,Gold
4284,35453,30k-60k,Standard
4285,25026,10k-30k,Gold
4286,30060,30k-60k,Standard
4287,95356,60k-100k,Standard
4288,7187,< 10k,Standard
4289,15255,10k-30k,Gold
4290,21854,10k-30k,Standard
4291,17071,10k-30k,Standard
4292,104504,> 100k,Standard
4293,87585,60k-100k,Gold
4294,54963,30k-60k,Gold
4295,23237,10k-30k,Gold
4296,92460,60k-100k,Standard
4297,11947,10k-30k,Platinum
4298,162655,> 100k,Gold
4299,22488,10k-30k,Gold
4300,30229,30k-60k,Gold
4301,26888,10k-30k,Platinum
4302,17134,10k-30k,Gold
4303,139745,> 100k,Standard
4304,63084,60k-100k,Standard
4305,85035,60k-100k,Gold
4306,15420,10k-30k,Standard
4307,41219,30k-60k,Gold
4308,52298,30k-60k,Standard
4309,43893,30k-60k,Standard
4310,16118,10k-30k,Standard
4311,77099,60k-100k,Gold
4312,39540,30k-60k,Gold
4313,18611,10k-30k,Standard
4314,9910,< 10k,Standard
4315,55529,30k-60k,Standard
4316,201857,> 100k,Standard
4317,17842,10k-30k,Standard
4318,40917,30k-60k,Gold
4319,79011,60k-100k,Platinum
4320,14931,10k-30k,Standard
4321,25952,10k-30k,Standard
4322,19888,10k-30k,Gold
4323,72350,60k-100k,Platinum
4324,91845,60k-100k,Platinum
4325,40591,30k-60k,Standard
4326,20146,10k-30k,Standard
4327,26636,10k-30k,Standard
4328,23356,10k-30k,Gold
4329,18322,10k-30k,Gold
4330,33812,30k-60k,Standard
4331,54305,30k-60k,Gold
4332,51183,30k-60k,Standard
4333,36106,30k-60k,Platinum
4334,37795,30k-60k,Standard
4335,34300,30k-60k,Standard
4336,14646,10k-30k,Standard
4337,40623,30k-60k,Standard
4338,24136,10k-30k,Gold
4339,14141,10k-30k,Standard
4340,47074,30k-60k,Gold
4341,23665,10k-30k,Standard
4342,42592,30k-60k,Standard
4343,65732,60k-100k,Gold
4344,18672,10k-30k,Platinum
4345,38734,30k-60k,Standard
4346,10226,10k-30k,Platinum
4347,106167,> 100k,Gold
4348,14025,10k-30k,Standard
4349,25326,10k-30k,Gold
4350,92676,60k-100k,Standard
4351,30817,30k-60k,Standard
4352,15706,10k-30k,Gold
4353,59823,30k-60k,Standard
4354,58886,30k-60k,Standard
4355,23313,10k-30k,Standard
4356,25148,10k-30k,Gold
4357,26774,10k-30k,Gold
4358,31416,30k-60k,Standard
4359,9651,< 10k,Gold
4360,31984,30k-60k,Standard
4361,126593,> 100k,Gold
4362,19395,10k-30k,Platinum
4363,24138,10k-30k,Gold
4364,15858,10k-30k,Standard
4365,55743,30k-60k,Gold
4366,84308,60k-100k,Standard
4367,82969,60k-100k,Gold
4368,15159,10k-30k,Standard
4369,51526,30k-60k,Standard
4370,99074,60k-100k,Standard
4371,51883,30k-60k,Standard
4372,50761,30k-60k,Standard
4373,26104,10k-30k,Gold
4374,42364,30k-60k,Standard
4375,86286,60k-100k,Standard
4376,45695,30k-60k,Standard
4377,15156,10k-30k,Gold
4378,26390,10k-30k,Standard
4379,84668,60k-100k,Standard
4380,45584,30k-60k,Standard
4381,39471,30k-60k,Gold
4382,24641,10k-30k,Standard
4383,83451,60k-100k,Standard
4384,116272,> 100k,Gold
4385,87924,60k-100k,Standard
4386,99689,60k-100k,Standard
4387,28251,10k-30k,Standard
4388,25588,10k-30k,Platinum
4389,32550,30k-60k,Standard
4390,37309,30k-60k,Standard
4391,98885,60k-100k,Standard
4392,82135,60k-100k,Gold
4393,52940,30k-60k,Standard
4394,13335,10k-30k,Standard
4395,11140,10k-30k,Gold
4396,42972,30k-60k,Platinum
4397,67250,60k-100k,Gold
4398,34348,30k-60k,Standard
4399,138750,> 100k,Standard
4400,17022,10k-30k,Standard
4401,15586,10k-30k,Gold
4402,22811,10k-30k,Gold
4403,22212,10k-30k,Gold
4404,52491,30k-60k,Standard
4405,27032,10k-30k,Gold
4406,12289,10k-30k,Platinum
4407,67785,60k-100k,Platinum
4408,10593,10k-30k,Gold
4409,17156,10k-30k,Gold
4410,11662,10k-30k,Standard
4411,41981,30k-60k,Standard
4412,41366,30k-60k,Standard
4413,138901,> 100k,Standard
4414,68849,60k-100k,Standard
4415,99623,60k-100k,Standard
4416,44445,30k-60k,Gold
4417,18327,10k-30k,Standard
4418,39722,30k-60k,Standard
4419,54978,30k-60k,Standard
4420,59436,30k-60k,Standard
4421,26090,10k-30k,Standard
4422,51131,30k-60k,Platinum
4423,18899,10k-30k,Standard
4424,17495,10k-30k,Standard
4425,16629,10k-30k,Standard
4426,36946,30k-60k,Gold
4427,15922,10k-30k,Gold
4428,26975,10k-30k,Standard
4429,68325,60k-100k,Platinum
4430,17669,10k-30k,Gold
4431,25513,10k-30k,Standard
4432,38182,30k-60k,Standard
4433,43166,30k-60k,Standard
4434,25603,10k-30k,Standard
4435,62994,60k-100k,Gold
4436,54902,30k-60k,Standard
4437,80652,60k-100k,Standard
4438,34299,30k-60k,Standard
4439,25362,10k-30k,Standard
4440,22519,10k-30k,Gold
4441,45022,30k-60k,Standard
4442,27889,10k-30k,Standard
4443,24381,10k-30k,Gold
4444,26534,10k-30k,Standard
4445,22503,10k-30k,Standard
4446,41744,30k-60k,Standard
4447,13510,10k-30k,Standard
4448,44896,30k-60k,Standard
4449,58313,30k-60k,Standard
4450,24182,10k-30k,Standard
4451,139445,> 100k,Standard
4452,36766,30k-60k,Standard
4453,12174,10k-30k,Platinum
4454,29825,10k-30k,Standard
4455,37943,30k-60k,Gold
4456,49725,30k-60k,Gold
4457,30327,30k-60k,Standard
4458,17888,10k-30k,Gold
4459,16873,10k-30k,Gold
4460,22982,10k-30k,Standard
4461,24576,10k-30k,Platinum
4462,16407,10k-30k,Standard
4463,21742,10k-30k,Standard
4464,57619,30k-60k,Gold
4465,115138,> 100k,Standard
4466,61625,60k-100k,Gold
4467,90590,60k-100k,Gold
4468,71817,60k-100k,Platinum
4469,65068,60k-100k,Standard
4470,28668,10k-30k,Platinum
4471,40080,30k-60k,Standard
4472,27053,10k-30k,Standard
4473,31151,30k-60k,Standard
4474,38090,30k-60k,Gold
4475,59843,30k-60k,Standard
4476,48841,30k-60k,Standard
4477,32426,30k-60k,Standard
4478,37755,30k-60k,Standard
4479,49188,30k-60k,Platinum
4480,57940,30k-60k,Standard
4481,12540,10k-30k,Standard
4482,17082,10k-30k,Gold
4483,78835,60k-100k,Standard
4484,34800,30k-60k,Gold
4485,26987,10k-30k,Standard
4486,30198,30k-60k,Standard
4487,30194,30k-60k,Standard
4488,53667,30k-60k,Standard
4489,16720,10k-30k,Gold
4490,36950,30k-60k,Standard
4491,43143,30k-60k,Gold
4492,47924,30k-60k,Standard
4493,42446,30k-60k,Standard
4494,52111,30k-60k,Gold
4495,24321,10k-30k,Gold
4496,18783,10k-30k,Gold
4497,202785,> 100k,Gold
4498,29410,10k-30k,Standard
4499,31916,30k-60k,Gold
4500,58365,30k-60k,Standard
4501,110997,> 100k,Standard
4502,24805,10k-30k,Platinum
4503,18048,10k-30k,Standard
4504,15221,10k-30k,Gold
4505,110765,> 100k,Standard
4506,17559,10k-30k,Standard
4507,35621,30k-60k,Standard
4508,18322,10k-30k,Standard
4509,13175,10k-30k,Standard
4510,29594,10k-30k,Standard
4511,18836,10k-30k,Gold
4512,22378,10k-30k,Standard
4513,147897,> 100k,Standard
4514,48894,30k-60k,Gold
4515,69705,60k-100k,Platinum
4516,64683,60k-100k,Standard
4517,33839,30k-60k,Gold
4518,26694,10k-30k,Standard
4519,43228,30k-60k,Standard
4520,40860,30k-60k,Gold
4521,24387,10k-30k,Platinum
4522,39771,30k-60k,Standard
4523,22149,10k-30k,Standard
4524,32208,30k-60k,Standard
4525,28718,10k-30k,Standard
4526,14939,10k-30k,Gold
4527,7003,< 10k,Standard
4528,18819,10k-30k,Standard
4529,128395,> 100k,Standard
4530,29237,10k-30k,Gold
4531,62515,60k-100k,Standard
4532,8208,< 10k,Gold
4533,17929,10k-30k,Platinum
4534,14070,10k-30k,Standard
4535,31520,30k-60k,Gold
4536,197870,> 100k,Gold
4537,50119,30k-60k,Standard
4538,119005,> 100k,Standard
4539,30390,30k-60k,Gold
4540,94410,60k-100k,Standard
4541,155015,> 100k,Standard
4542,33639,30k-60k,Standard
4543,24897,10k-30k,Gold
4544,14436,10k-30k,Standard
4545,29250,10k-30k,Standard
4546,38458,30k-60k,Standard
4547,150492,> 100k,Gold
4548,14669,10k-30k,Standard
4549,37864,30k-60k,Standard
4550,10198,10k-30k,Standard
4551,26937,10k-30k,Standard
4552,45160,30k-60k,Standard
4553,51990,30k-60k,Gold
4554,54847,30k-60k,Gold
4555,47962,30k-60k,Gold
4556,54518,30k-60k,Standard
4557,37497,30k-60k,Standard
4558,17439,10k-30k,Platinum
4559,9935,< 10k,Standard
4560,24768,10k-30k,Gold
4561,33049,30k-60k,Platinum
4562,87356,60k-100k,Gold
4563,33846,30k-60k,Standard
4564,31647,30k-60k,Standard
4565,47565,30k-60k,Standard
4566,30061,30k-60k,Gold
4567,64047,60k-100k,Gold
4568,145151,> 100k,Gold
4569,168307,> 100k,Standard
4570,38868,30k-60k,Gold
4571,45973,30k-60k,Gold
4572,109666,> 100k,Standard
4573,32696,30k-60k,Standard
4574,58421,30k-60k,Gold
4575,16405,10k-30k,Standard
4576,29214,10k-30k,Standard
4577,81575,60k-100k,Standard
4578,21966,10k-30k,Gold
4579,33201,30k-60k,Standard
4580,12064,10k-30k,Standard
4581,147862,> 100k,Gold
4582,87914,60k-100k,Gold
4583,41426,30k-60k,Gold
4584,51805,30k-60k,Standard
4585,47912,30k-60k,Standard
4586,95704,60k-100k,Gold
4587,25256,10k-30k,Platinum
4588,60632,60k-100k,Standard
4589,77202,60k-100k,Standard
4590,85027,60k-100k,Standard
4591,7468,< 10k,Gold
4592,23873,10k-30k,Standard
4593,17793,10k-30k,Standard
4594,40324,30k-60k,Standard
4595,8855,< 10k,Standard
4596,8673,< 10k,Standard
4597,165887,> 100k,Platinum
4598,55959,30k-60k,Gold
4599,39525,30k-60k,Standard
4600,46843,30k-60k,Standard
4601,40232,30k-60k,Standard
4602,72994,60k-100k,Gold
4603,23325,10k-30k,Standard
4604,41383,30k-60k,Platinum
4605,42582,30k-60k,Gold
4606,17451,10k-30k,Standard
4607,88777,60k-100k,Gold
4608,26582,10k-30k,Gold
4609,74027,60k-100k,Standard
4610,39357,30k-60k,Standard
4611,113949,> 100k,Standard
4612,17518,10k-30k,Standard
4613,16994,10k-30k,Standard
4614,19264,10k-30k,Standard
4615,39867,30k-60k,Standard
4616,106833,> 100k,Standard
4617,110764,> 100k,Platinum
4618,7208,< 10k,Gold
4619,43251,30k-60k,Gold
4620,3831,< 10k,Standard
4621,63355,60k-100k,Gold
4622,79436,60k-100k,Platinum
4623,35306,30k-60k,Standard
4624,38514,30k-60k,Gold
4625,38236,30k-60k,Standard
4626,20970,10k-30k,Gold
4627,49128,30k-60k,Gold
4628,30884,30k-60k,Platinum
4629,69647,60k-100k,Standard
4630,33538,30k-60k,Standard
4631,19876,10k-30k,Standard
4632,12393,10k-30k,Standard
4633,9849,< 10k,Standard
4634,91012,60k-100k,Standard
4635,26358,10k-30k,Gold
4636,46027,30k-60k,Standard
4637,126533,> 100k,Gold
4638,24490,10k-30k,Standard
4639,23406,10k-30k,Standard
4640,33106,30k-60k,Gold
4641,37071,30k-60k,Gold
4642,136119,> 100k,Standard
4643,108670,> 100k,Gold
4644,56084,30k-60k,Standard
4645,100166,> 100k,Gold
4646,32056,30k-60k,Gold
4647,44775,30k-60k,Standard
4648,29405,10k-30k,Platinum
4649,14716,10k-30k,Gold
4650,84348,60k-100k,Platinum
4651,52690,30k-60k,Gold
4652,36777,30k-60k,Gold
4653,36252,30k-60k,Standard
4654,12652,10k-30k,Standard
4655,18320,10k-30k,Platinum
4656,45949,30k-60k,Gold
4657,25074,10k-30k,Standard
4658,31182,30k-60k,Standard
4659,33750,30k-60k,Gold
4660,22522,10k-30k,Standard
4661,18443,10k-30k,Standard
4662,11746,10k-30k,Standard
4663,32775,30k-60k,Gold
4664,55995,30k-60k,Standard
4665,11492,10k-30k,Standard
4666,35709,30k-60k,Gold
4667,44214,30k-60k,Gold
4668,18165,10k-30k,Standard
4669,98272,60k-100k,Standard
4670,27722,10k-30k,Standard
4671,33830,30k-60k,Gold
4672,32438,30k-60k,Standard
4673,10513,10k-30k,Standard
4674,73579,60k-100k,Gold
4675,18604,10k-30k,Platinum
4676,30774,30k-60k,Standard
4677,55180,30k-60k,Standard
4678,100975,> 100k,Standard
4679,17052,10k-30k,Standard
4680,26567,10k-30k,Standard
4681,95577,60k-100k,Standard
4682,50241,30k-60k,Standard
4683,58094,30k-60k,Standard
4684,17399,10k-30k,Gold
4685,27849,10k-30k,Gold
4686,32290,30k-60k,Standard
4687,19919,10k-30k,Platinum
4688,11246,10k-30k,Gold
4689,25403,10k-30k,Platinum
4690,93713,60k-100k,Standard
4691,37851,30k-60k,Standard
4692,95035,60k-100k,Standard
4693,41163,30k-60k,Standard
4694,21262,10k-30k,Standard
4695,88816,60k-100k,Gold
4696,42134,30k-60k,Standard
4697,71202,60k-100k,Gold
4698,17191,10k-30k,Standard
4699,75141,60k-100k,Gold
4700,76743,60k-100k,Standard
4701,44481,30k-60k,Platinum
4702,20643,10k-30k,Standard
4703,35164,30k-60k,Platinum
4704,55709,30k-60k,Standard
4705,42795,30k-60k,Gold
4706,55312,30k-60k,Standard
4707,73760,60k-100k,Gold
4708,23065,10k-30k,Gold
4709,16178,10k-30k,Gold
4710,35373,30k-60k,Standard
4711,28830,10k-30k,Gold
4712,62949,60k-100k,Standard
4713,17117,10k-30k,Standard
4714,74181,60k-100k,Standard
4715,93669,60k-100k,Standard
4716,36323,30k-60k,Gold
4717,37892,30k-60k,Standard
4718,21220,10k-30k,Standard
4719,24838,10k-30k,Gold
4720,27286,10k-30k,Platinum
4721,99713,60k-100k,Gold
4722,34533,30k-60k,Gold
4723,14392,10k-30k,Standard
4724,43423,30k-60k,Gold
4725,64757,60k-100k,Platinum
4726,35675,30k-60k,Standard
4727,101564,> 100k,Standard
4728,62583,60k-100k,Gold
4729,17424,10k-30k,Platinum
4730,24686,10k-30k,Standard
4731,42546,30k-60k,Standard
4732,11312,10k-30k,Gold
4733,45956,30k-60k,Standard
4734,10581,10k-30k,Standard
4735,74339,60k-100k,Gold
4736,68534,60k-100k,Standard
4737,51706,30k-60k,Standard
4738,22626,10k-30k,Platinum
4739,40910,30k-60k,Gold
4740,25352,10k-30k,Gold
4741,17648,10k-30k,Gold
4742,28649,10k-30k,Gold
4743,59206,30k-60k,Gold
4744,37446,30k-60k,Standard
4745,100257,> 100k,Gold
4746,62071,60k-100k,Standard
4747,57588,30k-60k,Gold
4748,11775,10k-30k,Standard
4749,29744,10k-30k,Standard
4750,17239,10k-30k,Standard
4751,31949,30k-60k,Gold
4752,22352,10k-30k,Platinum
4753,27880,10k-30k,Platinum
4754,76329,60k-100k,Standard
4755,50649,30k-60k,Standard
4756,73495,60k-100k,Standard
4757,11843,10k-30k,Standard
4758,37819,30k-60k,Gold
4759,71445,60k-100k,Platinum
4760,104235,> 100k,Standard
4761,12287,10k-30k,Standard
4762,28394,10k-30k,Standard
4763,74903,60k-100k,Standard
4764,31742,30k-60k,Gold
4765,19200,10k-30k,Gold
4766,12271,10k-30k,Gold
4767,18693,10k-30k,Standard
4768,11134,10k-30k,Standard
4769,37832,30k-60k,Standard
4770,68010,60k-100k,Standard
4771,15022,10k-30k,Gold
4772,43495,30k-60k,Gold
4773,65623,60k-100k,Gold
4774,36246,30k-60k,Standard
4775,11760,10k-30k,Gold
4776,47588,30k-60k,Standard
4777,34952,30k-60k,Standard
4778,32547,30k-60k,Standard
4779,24765,10k-30k,Standard
4780,38590,30k-60k,Gold
4781,51889,30k-60k,Gold
4782,193581,> 100k,Standard
4783,39286,30k-60k,Standard
4784,104589,> 100k,Standard
4785,46650,30k-60k,Standard
4786,33871,30k-60k,Standard
4787,40295,30k-60k,Gold
4788,15441,10k-30k,Standard
4789,44985,30k-60k,Gold
4790,9005,< 10k,Standard
4791,19853,10k-30k,Standard
4792,39217,30k-60k,Standard
4793,83766,60k-100k,Gold
4794,98857,60k-100k,Standard
4795,30773,30k-60k,Standard
4796,40497,30k-60k,Platinum
4797,72334,60k-100k,Standard
4798,14319,10k-30k,Platinum
4799,48210,30k-60k,Standard
4800,20342,10k-30k,Gold
4801,32200,30k-60k,Standard
4802,26335,10k-30k,Standard
4803,49254,30k-60k,Standard
4804,53381,30k-60k,Standard
4805,67761,60k-100k,Gold
4806,46338,30k-60k,Gold
4807,40952,30k-60k,Standard
4808,132961,> 100k,Standard
4809,12493,10k-30k,Standard
4810,119005,> 100k,Gold
4811,29647,10k-30k,Standard
4812,54156,30k-60k,Standard
4813,28912,10k-30k,Gold
4814,22208,10k-30k,Standard
4815,50980,30k-60k,Standard
4816,75319,60k-100k,Standard
4817,50569,30k-60k,Gold
4818,24847,10k-30k,Standard
4819,454951,> 100k,Gold
4820,84036,60k-100k,Standard
4821,69796,60k-100k,Standard
4822,28365,10k-30k,Gold
4823,23444,10k-30k,Standard
4824,29855,10k-30k,Standard
4825,77418,60k-100k,Standard
4826,18152,10k-30k,Standard
4827,17192,10k-30k,Gold
4828,52980,30k-60k,Standard
4829,45407,30k-60k,Gold
4830,21179,10k-30k,Gold
4831,16918,10k-30k,Gold
4832,99362,60k-100k,Gold
4833,46625,30k-60k,Gold
4834,13981,10k-30k,Standard
4835,14683,10k-30k,Standard
4836,28196,10k-30k,Standard
4837,60656,60k-100k,Gold
4838,55078,30k-60k,Gold
4839,80191,60k-100k,Standard
4840,12794,10k-30k,Gold
4841,42475,30k-60k,Standard
4842,98532,60k-100k,Standard
4843,92314,60k-100k,Standard
4844,46687,30k-60k,Standard
4845,187890,> 100k,Gold
4846,55631,30k-60k,Standard
4847,75351,60k-100k,Standard
4848,37463,30k-60k,Platinum
4849,21021,10k-30k,Gold
4850,19679,10k-30k,Standard
4851,41238,30k-60k,Standard
4852,31318,30k-60k,Standard
4853,10530,10k-30k,Platinum
4854,17711,10k-30k,Platinum
4855,29059,10k-30k,Gold
4856,60421,60k-100k,Standard
4857,35909,30k-60k,Standard
4858,34529,30k-60k,Standard
4859,18199,10k-30k,Standard
4860,36909,30k-60k,Standard
4861,91433,60k-100k,Gold
4862,40493,30k-60k,Standard
4863,12643,10k-30k,Standard
4864,15122,10k-30k,Gold
4865,54838,30k-60k,Standard
4866,31038,30k-60k,Gold
4867,34468,30k-60k,Standard
4868,23649,10k-30k,Standard
4869,51657,30k-60k,Standard
4870,29417,10k-30k,Platinum
4871,31868,30k-60k,Gold
4872,20013,10k-30k,Standard
4873,69229,60k-100k,Standard
4874,31107,30k-60k,Gold
4875,55576,30k-60k,Standard
4876,15748,10k-30k,Platinum
4877,122237,> 100k,Platinum
4878,88801,60k-100k,Gold
4879,9538,< 10k,Platinum
4880,20715,10k-30k,Standard
4881,50733,30k-60k,Standard
4882,14417,10k-30k,Standard
4883,33119,30k-60k,Standard
4884,48954,30k-60k,Platinum
4885,31910,30k-60k,Standard
4886,52954,30k-60k,Gold
4887,22351,10k-30k,Gold
4888,7548,< 10k,Standard
4889,72220,60k-100k,Standard
4890,71902,60k-100k,Standard
4891,209513,> 100k,Standard
4892,7746,< 10k,Standard
4893,61425,60k-100k,Standard
4894,9153,< 10k,Standard
4895,124187,> 100k,Gold
4896,51098,30k-60k,Standard
4897,18650,10k-30k,Standard
4898,62702,60k-100k,Gold
4899,24658,10k-30k,Standard
4900,44814,30k-60k,Standard
4901,41947,30k-60k,Gold
4902,123120,> 100k,Platinum
4903,129372,> 100k,Platinum
4904,23906,10k-30k,Standard
4905,76166,60k-100k,Standard
4906,46554,30k-60k,Standard
4907,13509,10k-30k,Platinum
4908,22306,10k-30k,Standard
4909,186335,> 100k,Standard
4910,46653,30k-60k,Gold
4911,73119,60k-100k,Platinum
4912,31306,30k-60k,Gold
4913,24885,10k-30k,Standard
4914,37015,30k-60k,Standard
4915,30143,30k-60k,Gold
4916,12768,10k-30k,Standard
4917,17991,10k-30k,Standard
4918,59606,30k-60k,Standard
4919,27820,10k-30k,Gold
4920,36974,30k-60k,Standard
4921,42806,30k-60k,Gold
4922,45212,30k-60k,Standard
4923,81032,60k-100k,Standard
4924,16829,10k-30k,Platinum
4925,54131,30k-60k,Standard
4926,61606,60k-100k,Gold
4927,72409,60k-100k,Standard
4928,13506,10k-30k,Standard
4929,43406,30k-60k,Gold
4930,120722,> 100k,Gold
4931,33881,30k-60k,Gold
4932,50942,30k-60k,Standard
4933,62710,60k-100k,Standard
4934,17715,10k-30k,Platinum
4935,131094,> 100k,Standard
4936,51516,30k-60k,Gold
4937,52242,30k-60k,Standard
4938,11345,10k-30k,Platinum
4939,63334,60k-100k,Platinum
4940,51765,30k-60k,Standard
4941,113202,> 100k,Gold
4942,29205,10k-30k,Standard
4943,18190,10k-30k,Standard
4944,22526,10k-30k,Standard
4945,25502,10k-30k,Standard
4946,16594,10k-30k,Standard
4947,89600,60k-100k,Standard
4948,91985,60k-100k,Standard
4949,31664,30k-60k,Standard
4950,27586,10k-30k,Standard
4951,10190,10k-30k,Standard
4952,59111,30k-60k,Gold
4953,115544,> 100k,Gold
4954,23247,10k-30k,Gold
4955,33464,30k-60k,Standard
4956,49217,30k-60k,Standard
4957,121429,> 100k,Gold
4958,41766,30k-60k,Gold
4959,41639,30k-60k,Standard
4960,41172,30k-60k,Gold
4961,13392,10k-30k,Standard
4962,13190,10k-30k,Standard
4963,20627,10k-30k,Gold
4964,73793,60k-100k,Standard
4965,28717,10k-30k,Standard
4966,25066,10k-30k,Standard
4967,24759,10k-30k,Standard
4968,32979,30k-60k,Standard
4969,119548,> 100k,Standard
4970,32668,30k-60k,Platinum
4971,20943,10k-30k,Gold
4972,36962,30k-60k,Standard
4973,124064,> 100k,Standard
4974,25540,10k-30k,Standard
4975,15887,10k-30k,Gold
4976,25573,10k-30k,Standard
4977,39740,30k-60k,Standard
4978,58792,30k-60k,Standard
4979,73483,60k-100k,Standard
4980,17465,10k-30k,Gold
4981,18665,10k-30k,Gold
4982,28961,10k-30k,Gold
4983,58638,30k-60k,Standard
4984,15032,10k-30k,Gold
4985,23738,10k-30k,Standard
4986,23982,10k-30k,Standard
4987,70208,60k-100k,Standard
4988,52563,30k-60k,Standard
4989,68364,60k-100k,Standard
4990,92695,60k-100k,Gold
4991,29320,10k-30k,Standard
4992,15816,10k-30k,Standard
4993,15888,10k-30k,Platinum
4994,10029,10k-30k,Standard
4995,26340,10k-30k,Gold
4996,27751,10k-30k,Gold
4997,63025,60k-100k,Standard
4998,36748,30k-60k,Standard
4999,25764,10k-30k,Gold
5000,33483,30k-60k,Gold
