id_cliente,idade,faixa_etaria,escolaridade,genero,estado_civil
1,43,36-45,Pós-Graduação,Masculino,Casado
2,36,36-45,Pós-Graduação,Masculino,Casado
3,45,36-45,Graduação,Feminino,Solteiro
4,56,56+,Graduação,Masculino,Casado
5,35,26-35,Graduação,Masculino,Casado
6,35,26-35,Graduação,Masculino,Solteiro
7,56,56+,Ensino Médio,Masculino,Solteiro
8,47,46-55,Ensino Médio,Feminino,Solteiro
9,32,26-35,Graduação,Masculino,Casado
10,44,36-45,Pós-Graduação,Feminino,Solteiro
11,32,26-35,Graduação,Feminino,Casado
12,32,26-35,Outros,Masculino,Casado
13,40,36-45,Graduação,Masculino,Solteiro
14,18,18-25,Ensino Médio,Feminino,Casado
15,18,18-25,Pós-Graduação,Masculino,Casado
16,31,26-35,Graduação,Masculino,Solteiro
17,25,18-25,Pós-Graduação,Masculino,Casado
18,41,36-45,Graduação,Feminino,Outros
19,27,26-35,Outros,Feminino,Solteiro
20,21,18-25,Outros,Masculino,Outros
21,55,46-55,Graduação,Masculino,Casado
22,35,26-35,Graduação,Feminino,Solteiro
23,38,36-45,Outros,Feminino,Casado
24,20,18-25,Ensino Médio,Feminino,Solteiro
25,31,26-35,Pós-Graduação,Feminino,Casado
26,39,36-45,Graduação,Masculino,Casado
27,24,18-25,Graduação,Feminino,Solteiro
28,42,36-45,Graduação,Masculino,Casado
29,30,26-35,Graduação,Masculino,Casado
30,34,26-35,Graduação,Feminino,Casado
31,30,26-35,Graduação,Masculino,Solteiro
32,60,56+,Pós-Graduação,Feminino,Casado
33,37,36-45,Graduação,Masculino,Casado
34,25,18-25,Ensino Médio,Feminino,Casado
35,47,46-55,Ensino Médio,Feminino,Solteiro
36,23,18-25,Graduação,Masculino,Solteiro
37,40,36-45,Outros,Feminino,Casado
38,18,18-25,Outros,Masculino,Casado
39,22,18-25,Graduação,Feminino,Casado
40,40,36-45,Pós-Graduação,Masculino,Casado
41,46,46-55,Ensino Médio,Feminino,Casado
42,40,36-45,Ensino Médio,Masculino,Solteiro
43,36,36-45,Outros,Masculino,Solteiro
44,34,26-35,Ensino Médio,Masculino,Outros
45,20,18-25,Graduação,Masculino,Casado
46,29,26-35,Graduação,Feminino,Solteiro
47,32,26-35,Pós-Graduação,Feminino,Solteiro
48,50,46-55,Graduação,Feminino,Solteiro
49,42,36-45,Graduação,Masculino,Outros
50,18,18-25,Graduação,Masculino,Casado
51,41,36-45,Graduação,Masculino,Casado
52,33,26-35,Ensino Médio,Feminino,Solteiro
53,29,26-35,Graduação,Feminino,Casado
54,45,36-45,Graduação,Masculino,Casado
55,50,46-55,Pós-Graduação,Masculino,Casado
56,49,46-55,Graduação,Masculino,Casado
57,27,26-35,Ensino Médio,Feminino,Solteiro
58,34,26-35,Ensino Médio,Feminino,Casado
59,41,36-45,Outros,Feminino,Casado
60,49,46-55,Graduação,Masculino,Solteiro
61,32,26-35,Graduação,Feminino,Solteiro
62,35,26-35,Graduação,Feminino,Outros
63,24,18-25,Graduação,Masculino,Casado
64,23,18-25,Ensino Médio,Feminino,Outros
65,47,46-55,Ensino Médio,Masculino,Solteiro
66,54,46-55,Ensino Médio,Masculino,Solteiro
67,37,36-45,Graduação,Feminino,Casado
68,50,46-55,Ensino Médio,Masculino,Solteiro
69,42,36-45,Pós-Graduação,Feminino,Outros
70,30,26-35,Ensino Médio,Feminino,Outros
71,42,36-45,Graduação,Masculino,Casado
72,56,56+,Graduação,Feminino,Casado
73,37,36-45,Graduação,Masculino,Solteiro
74,56,56+,Outros,Masculino,Outros
75,18,18-25,Pós-Graduação,Masculino,Casado
76,47,46-55,Graduação,Masculino,Solteiro
77,39,36-45,Ensino Médio,Masculino,Solteiro
78,34,26-35,Graduação,Masculino,Solteiro
79,39,36-45,Pós-Graduação,Masculino,Solteiro
80,18,18-25,Graduação,Masculino,Casado
81,35,26-35,Graduação,Feminino,Outros
82,42,36-45,Outros,Masculino,Solteiro
83,55,46-55,Ensino Médio,Feminino,Solteiro
84,31,26-35,Graduação,Feminino,Casado
85,28,26-35,Outros,Feminino,Solteiro
86,31,26-35,Graduação,Masculino,Casado
87,48,46-55,Pós-Graduação,Feminino,Casado
88,41,36-45,Graduação,Feminino,Solteiro
89,31,26-35,Graduação,Feminino,Solteiro
90,44,36-45,Pós-Graduação,Masculino,Solteiro
91,39,36-45,Outros,Masculino,Casado
92,49,46-55,Ensino Médio,Feminino,Solteiro
93,29,26-35,Graduação,Masculino,Casado
94,34,26-35,Graduação,Masculino,Solteiro
95,33,26-35,Ensino Médio,Masculino,Casado
96,20,18-25,Outros,Feminino,Solteiro
97,41,36-45,Ensino Médio,Feminino,Solteiro
98,41,36-45,Graduação,Masculino,Casado
99,38,36-45,Ensino Médio,Feminino,Casado
100,35,26-35,Graduação,Masculino,Solteiro
101,21,18-25,Graduação,Masculino,Solteiro
102,32,26-35,Pós-Graduação,Feminino,Solteiro
103,33,26-35,Pós-Graduação,Feminino,Solteiro
104,28,26-35,Graduação,Feminino,Casado
105,36,36-45,Graduação,Masculino,Casado
106,42,36-45,Pós-Graduação,Feminino,Casado
107,60,56+,Ensino Médio,Masculino,Casado
108,40,36-45,Pós-Graduação,Masculino,Solteiro
109,41,36-45,Graduação,Masculino,Casado
110,37,36-45,Graduação,Feminino,Outros
111,18,18-25,Outros,Feminino,Solteiro
112,37,36-45,Graduação,Masculino,Solteiro
113,38,36-45,Pós-Graduação,Masculino,Outros
114,67,56+,Graduação,Feminino,Casado
115,35,26-35,Ensino Médio,Masculino,Solteiro
116,41,36-45,Outros,Feminino,Casado
117,37,36-45,Graduação,Masculino,Casado
118,23,18-25,Graduação,Masculino,Solteiro
119,51,46-55,Outros,Feminino,Casado
120,47,46-55,Pós-Graduação,Masculino,Outros
121,47,46-55,Graduação,Masculino,Solteiro
122,27,26-35,Graduação,Masculino,Solteiro
123,54,46-55,Pós-Graduação,Feminino,Casado
124,21,18-25,Graduação,Feminino,Solteiro
125,45,36-45,Graduação,Masculino,Casado
126,64,56+,Ensino Médio,Masculino,Solteiro
127,26,26-35,Outros,Feminino,Casado
128,31,26-35,Graduação,Masculino,Solteiro
129,39,36-45,Ensino Médio,Feminino,Casado
130,31,26-35,Pós-Graduação,Masculino,Casado
131,19,18-25,Graduação,Masculino,Solteiro
132,38,36-45,Pós-Graduação,Feminino,Casado
133,25,18-25,Outros,Masculino,Solteiro
134,43,36-45,Ensino Médio,Feminino,Casado
135,26,26-35,Ensino Médio,Masculino,Casado
136,56,56+,Ensino Médio,Masculino,Solteiro
137,28,26-35,Graduação,Feminino,Casado
138,34,26-35,Outros,Masculino,Casado
139,47,46-55,Ensino Médio,Feminino,Solteiro
140,23,18-25,Outros,Masculino,Casado
141,40,36-45,Graduação,Feminino,Casado
142,53,46-55,Pós-Graduação,Feminino,Casado
143,18,18-25,Graduação,Masculino,Casado
144,40,36-45,Pós-Graduação,Feminino,Solteiro
145,41,36-45,Graduação,Feminino,Casado
146,47,46-55,Graduação,Masculino,Solteiro
147,23,18-25,Graduação,Feminino,Casado
148,22,18-25,Pós-Graduação,Feminino,Casado
149,44,36-45,Pós-Graduação,Masculino,Casado
150,41,36-45,Graduação,Masculino,Solteiro
151,41,36-45,Outros,Masculino,Outros
152,42,36-45,Graduação,Masculino,Solteiro
153,29,26-35,Graduação,Feminino,Outros
154,40,36-45,Ensino Médio,Masculino,Casado
155,41,36-45,Graduação,Feminino,Casado
156,29,26-35,Graduação,Masculino,Casado
157,60,56+,Graduação,Masculino,Casado
158,43,36-45,Graduação,Feminino,Casado
159,23,18-25,Outros,Feminino,Casado
160,45,36-45,Pós-Graduação,Feminino,Casado
161,26,26-35,Graduação,Masculino,Casado
162,47,46-55,Pós-Graduação,Masculino,Casado
163,51,46-55,Graduação,Masculino,Casado
164,28,26-35,Ensino Médio,Feminino,Outros
165,49,46-55,Graduação,Masculino,Casado
166,42,36-45,Pós-Graduação,Feminino,Solteiro
167,47,46-55,Graduação,Feminino,Solteiro
168,60,56+,Pós-Graduação,Masculino,Casado
169,35,26-35,Pós-Graduação,Feminino,Casado
170,28,26-35,Ensino Médio,Feminino,Casado
171,27,26-35,Ensino Médio,Feminino,Solteiro
172,28,26-35,Outros,Masculino,Casado
173,37,36-45,Ensino Médio,Masculino,Casado
174,42,36-45,Ensino Médio,Masculino,Casado
175,41,36-45,Pós-Graduação,Masculino,Outros
176,47,46-55,Ensino Médio,Feminino,Casado
177,38,36-45,Ensino Médio,Feminino,Solteiro
178,55,46-55,Ensino Médio,Masculino,Solteiro
179,34,26-35,Graduação,Feminino,Outros
180,70,56+,Graduação,Feminino,Solteiro
181,45,36-45,Ensino Médio,Masculino,Solteiro
182,27,26-35,Ensino Médio,Masculino,Outros
183,25,18-25,Outros,Feminino,Solteiro
184,43,36-45,Pós-Graduação,Feminino,Casado
185,35,26-35,Graduação,Feminino,Casado
186,46,46-55,Graduação,Masculino,Solteiro
187,43,36-45,Ensino Médio,Masculino,Solteiro
188,37,36-45,Pós-Graduação,Masculino,Solteiro
189,27,26-35,Pós-Graduação,Feminino,Solteiro
190,19,18-25,Outros,Feminino,Solteiro
191,32,26-35,Pós-Graduação,Masculino,Casado
192,48,46-55,Ensino Médio,Feminino,Solteiro
193,40,36-45,Graduação,Feminino,Casado
194,23,18-25,Ensino Médio,Feminino,Outros
195,40,36-45,Graduação,Feminino,Solteiro
196,42,36-45,Outros,Masculino,Solteiro
197,27,26-35,Outros,Feminino,Casado
198,39,36-45,Pós-Graduação,Masculino,Casado
199,38,36-45,Pós-Graduação,Masculino,Casado
200,24,18-25,Graduação,Feminino,Solteiro
201,42,36-45,Ensino Médio,Feminino,Solteiro
202,44,36-45,Ensino Médio,Masculino,Casado
203,50,46-55,Graduação,Feminino,Solteiro
204,50,46-55,Graduação,Feminino,Solteiro
205,21,18-25,Pós-Graduação,Feminino,Casado
206,26,26-35,Ensino Médio,Masculino,Solteiro
207,44,36-45,Outros,Feminino,Solteiro
208,44,36-45,Graduação,Masculino,Solteiro
209,44,36-45,Graduação,Masculino,Solteiro
210,75,56+,Pós-Graduação,Masculino,Solteiro
211,44,36-45,Graduação,Masculino,Outros
212,51,46-55,Graduação,Feminino,Casado
213,49,46-55,Pós-Graduação,Feminino,Solteiro
214,45,36-45,Graduação,Feminino,Casado
215,34,26-35,Graduação,Masculino,Casado
216,47,46-55,Graduação,Feminino,Casado
217,28,26-35,Graduação,Feminino,Casado
218,35,26-35,Pós-Graduação,Feminino,Outros
219,32,26-35,Ensino Médio,Feminino,Outros
220,38,36-45,Ensino Médio,Feminino,Casado
221,65,56+,Graduação,Feminino,Solteiro
222,18,18-25,Pós-Graduação,Feminino,Solteiro
223,46,46-55,Ensino Médio,Masculino,Solteiro
224,18,18-25,Outros,Feminino,Solteiro
225,32,26-35,Graduação,Masculino,Casado
226,51,46-55,Graduação,Masculino,Solteiro
227,38,36-45,Pós-Graduação,Feminino,Solteiro
228,25,18-25,Graduação,Masculino,Solteiro
229,29,26-35,Pós-Graduação,Feminino,Outros
230,46,46-55,Graduação,Masculino,Outros
231,29,26-35,Ensino Médio,Masculino,Solteiro
232,40,36-45,Graduação,Masculino,Solteiro
233,38,36-45,Graduação,Masculino,Outros
234,30,26-35,Graduação,Feminino,Casado
235,63,56+,Graduação,Masculino,Casado
236,45,36-45,Pós-Graduação,Masculino,Casado
237,18,18-25,Pós-Graduação,Masculino,Outros
238,40,36-45,Ensino Médio,Masculino,Solteiro
239,30,26-35,Pós-Graduação,Feminino,Casado
240,48,46-55,Ensino Médio,Masculino,Outros
241,28,26-35,Outros,Feminino,Solteiro
242,36,36-45,Graduação,Feminino,Solteiro
243,44,36-45,Graduação,Feminino,Casado
244,48,46-55,Graduação,Feminino,Solteiro
245,23,18-25,Ensino Médio,Masculino,Solteiro
246,33,26-35,Outros,Masculino,Solteiro
247,32,26-35,Ensino Médio,Feminino,Solteiro
248,30,26-35,Pós-Graduação,Feminino,Solteiro
249,59,56+,Ensino Médio,Feminino,Casado
250,42,36-45,Graduação,Feminino,Solteiro
251,22,18-25,Graduação,Masculino,Casado
252,49,46-55,Pós-Graduação,Masculino,Casado
253,63,56+,Pós-Graduação,Feminino,Casado
254,50,46-55,Ensino Médio,Feminino,Casado
255,19,18-25,Graduação,Masculino,Casado
256,32,26-35,Graduação,Feminino,Solteiro
257,53,46-55,Graduação,Masculino,Solteiro
258,29,26-35,Ensino Médio,Masculino,Casado
259,43,36-45,Ensino Médio,Feminino,Solteiro
260,47,46-55,Graduação,Feminino,Casado
261,26,26-35,Pós-Graduação,Masculino,Casado
262,37,36-45,Graduação,Masculino,Solteiro
263,18,18-25,Outros,Masculino,Solteiro
264,25,18-25,Graduação,Feminino,Solteiro
265,34,26-35,Graduação,Masculino,Casado
266,23,18-25,Graduação,Feminino,Solteiro
267,57,56+,Graduação,Feminino,Solteiro
268,20,18-25,Ensino Médio,Feminino,Outros
269,32,26-35,Graduação,Masculino,Casado
270,39,36-45,Pós-Graduação,Feminino,Solteiro
271,55,46-55,Pós-Graduação,Masculino,Solteiro
272,20,18-25,Graduação,Masculino,Outros
273,51,46-55,Outros,Masculino,Casado
274,38,36-45,Graduação,Masculino,Solteiro
275,26,26-35,Ensino Médio,Feminino,Casado
276,43,36-45,Ensino Médio,Masculino,Solteiro
277,40,36-45,Graduação,Masculino,Casado
278,30,26-35,Pós-Graduação,Feminino,Casado
279,38,36-45,Pós-Graduação,Masculino,Solteiro
280,33,26-35,Ensino Médio,Feminino,Casado
281,39,36-45,Pós-Graduação,Masculino,Casado
282,45,36-45,Graduação,Masculino,Casado
283,57,56+,Graduação,Feminino,Casado
284,23,18-25,Ensino Médio,Masculino,Outros
285,63,56+,Pós-Graduação,Feminino,Solteiro
286,18,18-25,Graduação,Masculino,Solteiro
287,36,36-45,Graduação,Masculino,Casado
288,45,36-45,Graduação,Masculino,Outros
289,41,36-45,Ensino Médio,Masculino,Solteiro
290,30,26-35,Pós-Graduação,Masculino,Solteiro
291,35,26-35,Ensino Médio,Feminino,Solteiro
292,32,26-35,Ensino Médio,Masculino,Solteiro
293,30,26-35,Graduação,Masculino,Solteiro
294,48,46-55,Ensino Médio,Masculino,Casado
295,42,36-45,Graduação,Feminino,Casado
296,29,26-35,Pós-Graduação,Feminino,Solteiro
297,48,46-55,Ensino Médio,Feminino,Solteiro
298,41,36-45,Graduação,Feminino,Casado
299,47,46-55,Graduação,Masculino,Casado
300,45,36-45,Graduação,Masculino,Solteiro
301,28,26-35,Outros,Feminino,Solteiro
302,31,26-35,Graduação,Feminino,Casado
303,46,46-55,Pós-Graduação,Masculino,Casado
304,45,36-45,Graduação,Masculino,Solteiro
305,37,36-45,Ensino Médio,Feminino,Solteiro
306,39,36-45,Ensino Médio,Feminino,Casado
307,53,46-55,Graduação,Masculino,Solteiro
308,30,26-35,Ensino Médio,Feminino,Solteiro
309,44,36-45,Graduação,Masculino,Solteiro
310,35,26-35,Graduação,Masculino,Outros
311,35,26-35,Ensino Médio,Masculino,Outros
312,51,46-55,Ensino Médio,Masculino,Casado
313,47,46-55,Ensino Médio,Masculino,Casado
314,47,46-55,Ensino Médio,Feminino,Casado
315,53,46-55,Pós-Graduação,Masculino,Casado
316,38,36-45,Ensino Médio,Feminino,Casado
317,46,46-55,Graduação,Masculino,Casado
318,34,26-35,Pós-Graduação,Masculino,Outros
319,41,36-45,Graduação,Feminino,Outros
320,36,36-45,Graduação,Feminino,Solteiro
321,39,36-45,Graduação,Feminino,Solteiro
322,45,36-45,Graduação,Feminino,Casado
323,28,26-35,Pós-Graduação,Masculino,Casado
324,63,56+,Graduação,Masculino,Casado
325,25,18-25,Graduação,Feminino,Solteiro
326,23,18-25,Graduação,Feminino,Casado
327,51,46-55,Graduação,Feminino,Solteiro
328,47,46-55,Ensino Médio,Feminino,Solteiro
329,45,36-45,Ensino Médio,Feminino,Casado
330,45,36-45,Ensino Médio,Masculino,Casado
331,37,36-45,Graduação,Feminino,Solteiro
332,27,26-35,Ensino Médio,Feminino,Outros
333,38,36-45,Pós-Graduação,Feminino,Solteiro
334,29,26-35,Pós-Graduação,Masculino,Casado
335,49,46-55,Graduação,Masculino,Solteiro
336,36,36-45,Ensino Médio,Masculino,Casado
337,28,26-35,Graduação,Masculino,Outros
338,34,26-35,Pós-Graduação,Feminino,Solteiro
339,42,36-45,Pós-Graduação,Masculino,Solteiro
340,31,26-35,Ensino Médio,Masculino,Casado
341,28,26-35,Graduação,Masculino,Solteiro
342,40,36-45,Graduação,Feminino,Casado
343,40,36-45,Graduação,Feminino,Casado
344,31,26-35,Graduação,Masculino,Casado
345,32,26-35,Ensino Médio,Masculino,Outros
346,40,36-45,Graduação,Masculino,Solteiro
347,20,18-25,Ensino Médio,Masculino,Casado
348,21,18-25,Graduação,Masculino,Outros
349,29,26-35,Ensino Médio,Feminino,Casado
350,35,26-35,Pós-Graduação,Masculino,Casado
351,41,36-45,Graduação,Masculino,Casado
352,55,46-55,Graduação,Feminino,Solteiro
353,48,46-55,Graduação,Masculino,Solteiro
354,36,36-45,Pós-Graduação,Feminino,Solteiro
355,37,36-45,Ensino Médio,Masculino,Solteiro
356,25,18-25,Graduação,Feminino,Casado
357,37,36-45,Ensino Médio,Feminino,Solteiro
358,34,26-35,Ensino Médio,Feminino,Casado
359,41,36-45,Graduação,Masculino,Solteiro
360,28,26-35,Ensino Médio,Masculino,Solteiro
361,44,36-45,Ensino Médio,Masculino,Solteiro
362,56,56+,Graduação,Feminino,Solteiro
363,36,36-45,Ensino Médio,Feminino,Solteiro
364,42,36-45,Graduação,Masculino,Casado
365,46,46-55,Graduação,Masculino,Solteiro
366,33,26-35,Ensino Médio,Masculino,Casado
367,40,36-45,Graduação,Masculino,Casado
368,38,36-45,Graduação,Masculino,Solteiro
369,39,36-45,Graduação,Masculino,Solteiro
370,28,26-35,Ensino Médio,Feminino,Casado
371,38,36-45,Outros,Feminino,Outros
372,43,36-45,Graduação,Feminino,Outros
373,55,46-55,Ensino Médio,Masculino,Solteiro
374,49,46-55,Outros,Feminino,Solteiro
375,63,56+,Pós-Graduação,Feminino,Solteiro
376,28,26-35,Graduação,Masculino,Casado
377,48,46-55,Ensino Médio,Feminino,Solteiro
378,40,36-45,Ensino Médio,Masculino,Outros
379,64,56+,Ensino Médio,Masculino,Outros
380,28,26-35,Graduação,Masculino,Outros
381,27,26-35,Pós-Graduação,Masculino,Casado
382,30,26-35,Graduação,Feminino,Casado
383,18,18-25,Graduação,Masculino,Casado
384,31,26-35,Graduação,Masculino,Casado
385,28,26-35,Ensino Médio,Masculino,Casado
386,39,36-45,Pós-Graduação,Feminino,Casado
387,42,36-45,Ensino Médio,Masculino,Solteiro
388,60,56+,Graduação,Feminino,Solteiro
389,49,46-55,Graduação,Feminino,Solteiro
390,31,26-35,Pós-Graduação,Masculino,Solteiro
391,27,26-35,Graduação,Masculino,Casado
392,43,36-45,Pós-Graduação,Feminino,Casado
393,22,18-25,Outros,Masculino,Solteiro
394,59,56+,Ensino Médio,Masculino,Solteiro
395,52,46-55,Graduação,Feminino,Solteiro
396,32,26-35,Graduação,Masculino,Casado
397,18,18-25,Outros,Masculino,Casado
398,54,46-55,Graduação,Masculino,Solteiro
399,36,36-45,Pós-Graduação,Masculino,Solteiro
400,52,46-55,Graduação,Feminino,Outros
401,18,18-25,Outros,Feminino,Solteiro
402,30,26-35,Pós-Graduação,Feminino,Solteiro
403,38,36-45,Graduação,Feminino,Solteiro
404,38,36-45,Outros,Masculino,Solteiro
405,32,26-35,Pós-Graduação,Masculino,Solteiro
406,45,36-45,Pós-Graduação,Masculino,Outros
407,25,18-25,Graduação,Masculino,Solteiro
408,36,36-45,Ensino Médio,Feminino,Outros
409,39,36-45,Graduação,Feminino,Casado
410,44,36-45,Outros,Masculino,Solteiro
411,46,46-55,Ensino Médio,Masculino,Solteiro
412,24,18-25,Pós-Graduação,Masculino,Casado
413,19,18-25,Outros,Masculino,Solteiro
414,53,46-55,Graduação,Masculino,Casado
415,41,36-45,Graduação,Feminino,Solteiro
416,29,26-35,Graduação,Feminino,Solteiro
417,56,56+,Graduação,Feminino,Casado
418,39,36-45,Pós-Graduação,Masculino,Solteiro
419,52,46-55,Pós-Graduação,Masculino,Solteiro
420,38,36-45,Graduação,Masculino,Solteiro
421,62,56+,Ensino Médio,Feminino,Casado
422,59,56+,Graduação,Feminino,Outros
423,35,26-35,Outros,Feminino,Solteiro
424,49,46-55,Graduação,Masculino,Solteiro
425,45,36-45,Graduação,Feminino,Casado
426,54,46-55,Pós-Graduação,Masculino,Outros
427,26,26-35,Pós-Graduação,Feminino,Casado
428,46,46-55,Graduação,Masculino,Solteiro
429,50,46-55,Ensino Médio,Masculino,Solteiro
430,18,18-25,Outros,Feminino,Casado
431,23,18-25,Outros,Masculino,Solteiro
432,18,18-25,Graduação,Masculino,Casado
433,34,26-35,Ensino Médio,Masculino,Solteiro
434,46,46-55,Graduação,Masculino,Solteiro
435,56,56+,Pós-Graduação,Masculino,Solteiro
436,38,36-45,Ensino Médio,Masculino,Outros
437,57,56+,Graduação,Masculino,Solteiro
438,21,18-25,Pós-Graduação,Masculino,Solteiro
439,18,18-25,Graduação,Feminino,Solteiro
440,37,36-45,Graduação,Masculino,Casado
441,42,36-45,Ensino Médio,Masculino,Solteiro
442,37,36-45,Graduação,Feminino,Outros
443,18,18-25,Outros,Feminino,Casado
444,36,36-45,Pós-Graduação,Feminino,Casado
445,22,18-25,Graduação,Masculino,Casado
446,46,46-55,Graduação,Feminino,Casado
447,42,36-45,Graduação,Feminino,Casado
448,26,26-35,Graduação,Feminino,Solteiro
449,31,26-35,Ensino Médio,Feminino,Solteiro
450,25,18-25,Ensino Médio,Feminino,Solteiro
451,37,36-45,Outros,Feminino,Casado
452,49,46-55,Ensino Médio,Feminino,Solteiro
453,26,26-35,Ensino Médio,Masculino,Outros
454,44,36-45,Graduação,Feminino,Outros
455,31,26-35,Ensino Médio,Feminino,Solteiro
456,28,26-35,Graduação,Masculino,Casado
457,36,36-45,Graduação,Feminino,Outros
458,25,18-25,Graduação,Masculino,Solteiro
459,31,26-35,Graduação,Masculino,Casado
460,23,18-25,Graduação,Feminino,Casado
461,61,56+,Outros,Masculino,Casado
462,38,36-45,Graduação,Masculino,Casado
463,29,26-35,Pós-Graduação,Masculino,Casado
464,40,36-45,Graduação,Masculino,Outros
465,36,36-45,Pós-Graduação,Masculino,Solteiro
466,35,26-35,Pós-Graduação,Masculino,Solteiro
467,45,36-45,Graduação,Masculino,Solteiro
468,47,46-55,Graduação,Feminino,Solteiro
469,31,26-35,Graduação,Feminino,Outros
470,31,26-35,Ensino Médio,Masculino,Outros
471,34,26-35,Ensino Médio,Feminino,Casado
472,18,18-25,Graduação,Masculino,Outros
473,19,18-25,Graduação,Masculino,Solteiro
474,54,46-55,Graduação,Masculino,Casado
475,57,56+,Ensino Médio,Feminino,Solteiro
476,35,26-35,Pós-Graduação,Feminino,Solteiro
477,44,36-45,Pós-Graduação,Masculino,Outros
478,41,36-45,Ensino Médio,Masculino,Casado
479,74,56+,Graduação,Masculino,Solteiro
480,51,46-55,Pós-Graduação,Masculino,Casado
481,36,36-45,Graduação,Feminino,Casado
482,26,26-35,Outros,Masculino,Casado
483,18,18-25,Ensino Médio,Feminino,Solteiro
484,40,36-45,Ensino Médio,Masculino,Solteiro
485,28,26-35,Graduação,Feminino,Casado
486,20,18-25,Graduação,Feminino,Solteiro
487,30,26-35,Outros,Masculino,Casado
488,25,18-25,Outros,Feminino,Casado
489,58,56+,Graduação,Feminino,Solteiro
490,48,46-55,Ensino Médio,Masculino,Casado
491,37,36-45,Pós-Graduação,Masculino,Solteiro
492,55,46-55,Graduação,Feminino,Casado
493,38,36-45,Ensino Médio,Masculino,Casado
494,27,26-35,Graduação,Masculino,Solteiro
495,56,56+,Outros,Masculino,Solteiro
496,44,36-45,Pós-Graduação,Feminino,Casado
497,25,18-25,Graduação,Feminino,Solteiro
498,35,26-35,Outros,Feminino,Solteiro
499,27,26-35,Outros,Feminino,Solteiro
500,21,18-25,Pós-Graduação,Masculino,Casado
501,49,46-55,Graduação,Feminino,Solteiro
502,60,56+,Graduação,Feminino,Solteiro
503,21,18-25,Pós-Graduação,Masculino,Casado
504,44,36-45,Outros,Masculino,Solteiro
505,30,26-35,Outros,Masculino,Outros
506,32,26-35,Pós-Graduação,Feminino,Solteiro
507,30,26-35,Pós-Graduação,Feminino,Solteiro
508,27,26-35,Pós-Graduação,Feminino,Solteiro
509,38,36-45,Outros,Feminino,Solteiro
510,28,26-35,Pós-Graduação,Masculino,Solteiro
511,41,36-45,Graduação,Feminino,Solteiro
512,37,36-45,Graduação,Feminino,Solteiro
513,35,26-35,Graduação,Masculino,Casado
514,27,26-35,Pós-Graduação,Feminino,Casado
515,31,26-35,Graduação,Masculino,Outros
516,47,46-55,Outros,Feminino,Casado
517,44,36-45,Outros,Feminino,Solteiro
518,26,26-35,Ensino Médio,Feminino,Outros
519,39,36-45,Pós-Graduação,Feminino,Solteiro
520,47,46-55,Graduação,Masculino,Outros
521,18,18-25,Graduação,Feminino,Solteiro
522,44,36-45,Graduação,Masculino,Casado
523,30,26-35,Outros,Feminino,Solteiro
524,44,36-45,Graduação,Feminino,Casado
525,28,26-35,Pós-Graduação,Feminino,Casado
526,18,18-25,Outros,Masculino,Casado
527,18,18-25,Outros,Feminino,Casado
528,38,36-45,Pós-Graduação,Feminino,Casado
529,41,36-45,Graduação,Feminino,Casado
530,27,26-35,Graduação,Masculino,Solteiro
531,45,36-45,Graduação,Masculino,Solteiro
532,18,18-25,Pós-Graduação,Masculino,Casado
533,37,36-45,Graduação,Feminino,Casado
534,23,18-25,Outros,Feminino,Solteiro
535,30,26-35,Graduação,Feminino,Solteiro
536,38,36-45,Pós-Graduação,Masculino,Outros
537,27,26-35,Graduação,Masculino,Casado
538,33,26-35,Graduação,Feminino,Solteiro
539,50,46-55,Ensino Médio,Feminino,Solteiro
540,31,26-35,Graduação,Feminino,Solteiro
541,48,46-55,Pós-Graduação,Feminino,Casado
542,24,18-25,Pós-Graduação,Masculino,Casado
543,44,36-45,Ensino Médio,Feminino,Casado
544,55,46-55,Graduação,Feminino,Casado
545,18,18-25,Ensino Médio,Masculino,Solteiro
546,28,26-35,Graduação,Masculino,Solteiro
547,44,36-45,Graduação,Masculino,Solteiro
548,35,26-35,Graduação,Masculino,Solteiro
549,42,36-45,Outros,Feminino,Solteiro
550,30,26-35,Outros,Masculino,Casado
551,39,36-45,Graduação,Masculino,Outros
552,36,36-45,Graduação,Masculino,Solteiro
553,52,46-55,Pós-Graduação,Feminino,Casado
554,41,36-45,Graduação,Masculino,Casado
555,42,36-45,Graduação,Feminino,Solteiro
556,33,26-35,Outros,Masculino,Solteiro
557,32,26-35,Outros,Masculino,Casado
558,32,26-35,Graduação,Masculino,Solteiro
559,42,36-45,Graduação,Masculino,Solteiro
560,32,26-35,Ensino Médio,Masculino,Solteiro
561,41,36-45,Ensino Médio,Masculino,Casado
562,62,56+,Pós-Graduação,Feminino,Casado
563,48,46-55,Graduação,Feminino,Outros
564,34,26-35,Graduação,Masculino,Solteiro
565,52,46-55,Graduação,Masculino,Casado
566,33,26-35,Pós-Graduação,Feminino,Casado
567,18,18-25,Pós-Graduação,Feminino,Casado
568,25,18-25,Graduação,Masculino,Casado
569,18,18-25,Graduação,Feminino,Solteiro
570,33,26-35,Pós-Graduação,Feminino,Outros
571,38,36-45,Graduação,Feminino,Casado
572,58,56+,Ensino Médio,Masculino,Casado
573,41,36-45,Ensino Médio,Masculino,Outros
574,35,26-35,Graduação,Masculino,Casado
575,47,46-55,Graduação,Feminino,Outros
576,18,18-25,Outros,Feminino,Solteiro
577,40,36-45,Graduação,Masculino,Outros
578,47,46-55,Graduação,Feminino,Casado
579,20,18-25,Graduação,Feminino,Casado
580,51,46-55,Pós-Graduação,Feminino,Solteiro
581,42,36-45,Graduação,Feminino,Solteiro
582,33,26-35,Outros,Feminino,Casado
583,45,36-45,Graduação,Masculino,Outros
584,65,56+,Graduação,Feminino,Solteiro
585,40,36-45,Outros,Feminino,Solteiro
586,40,36-45,Pós-Graduação,Masculino,Casado
587,32,26-35,Graduação,Masculino,Solteiro
588,27,26-35,Graduação,Feminino,Solteiro
589,47,46-55,Graduação,Masculino,Casado
590,27,26-35,Pós-Graduação,Feminino,Outros
591,38,36-45,Graduação,Masculino,Casado
592,32,26-35,Graduação,Masculino,Casado
593,43,36-45,Ensino Médio,Masculino,Casado
594,42,36-45,Graduação,Masculino,Solteiro
595,50,46-55,Graduação,Feminino,Solteiro
596,31,26-35,Pós-Graduação,Feminino,Casado
597,34,26-35,Graduação,Masculino,Casado
598,26,26-35,Pós-Graduação,Masculino,Casado
599,32,26-35,Outros,Masculino,Casado
600,42,36-45,Graduação,Masculino,Solteiro
601,47,46-55,Graduação,Feminino,Casado
602,26,26-35,Ensino Médio,Masculino,Casado
603,48,46-55,Graduação,Masculino,Outros
604,54,46-55,Graduação,Masculino,Solteiro
605,42,36-45,Ensino Médio,Masculino,Solteiro
606,60,56+,Ensino Médio,Masculino,Casado
607,28,26-35,Ensino Médio,Masculino,Casado
608,23,18-25,Pós-Graduação,Feminino,Solteiro
609,18,18-25,Graduação,Feminino,Casado
610,55,46-55,Ensino Médio,Feminino,Casado
611,45,36-45,Pós-Graduação,Masculino,Outros
612,37,36-45,Graduação,Masculino,Outros
613,41,36-45,Ensino Médio,Feminino,Casado
614,24,18-25,Pós-Graduação,Feminino,Casado
615,67,56+,Ensino Médio,Feminino,Outros
616,39,36-45,Graduação,Masculino,Casado
617,39,36-45,Graduação,Masculino,Solteiro
618,46,46-55,Pós-Graduação,Feminino,Outros
619,43,36-45,Ensino Médio,Feminino,Outros
620,40,36-45,Graduação,Feminino,Solteiro
621,28,26-35,Graduação,Feminino,Casado
622,43,36-45,Ensino Médio,Feminino,Casado
623,60,56+,Ensino Médio,Masculino,Outros
624,54,46-55,Outros,Feminino,Outros
625,57,56+,Graduação,Feminino,Solteiro
626,31,26-35,Graduação,Feminino,Solteiro
627,26,26-35,Outros,Masculino,Solteiro
628,36,36-45,Graduação,Masculino,Solteiro
629,38,36-45,Graduação,Feminino,Solteiro
630,51,46-55,Pós-Graduação,Masculino,Solteiro
631,18,18-25,Ensino Médio,Feminino,Solteiro
632,56,56+,Graduação,Masculino,Casado
633,36,36-45,Ensino Médio,Masculino,Solteiro
634,32,26-35,Graduação,Feminino,Solteiro
635,25,18-25,Pós-Graduação,Masculino,Casado
636,18,18-25,Graduação,Masculino,Solteiro
637,47,46-55,Pós-Graduação,Masculino,Solteiro
638,38,36-45,Graduação,Feminino,Outros
639,22,18-25,Graduação,Masculino,Casado
640,22,18-25,Graduação,Feminino,Solteiro
641,33,26-35,Ensino Médio,Masculino,Casado
642,58,56+,Ensino Médio,Feminino,Outros
643,34,26-35,Ensino Médio,Masculino,Casado
644,19,18-25,Pós-Graduação,Masculino,Solteiro
645,35,26-35,Pós-Graduação,Masculino,Solteiro
646,34,26-35,Graduação,Masculino,Casado
647,18,18-25,Outros,Feminino,Outros
648,37,36-45,Ensino Médio,Masculino,Solteiro
649,35,26-35,Ensino Médio,Masculino,Casado
650,46,46-55,Graduação,Feminino,Casado
651,60,56+,Graduação,Masculino,Casado
652,51,46-55,Graduação,Masculino,Casado
653,34,26-35,Pós-Graduação,Feminino,Outros
654,24,18-25,Pós-Graduação,Feminino,Outros
655,68,56+,Outros,Masculino,Casado
656,38,36-45,Graduação,Masculino,Solteiro
657,38,36-45,Graduação,Feminino,Solteiro
658,37,36-45,Pós-Graduação,Masculino,Casado
659,40,36-45,Outros,Feminino,Casado
660,36,36-45,Graduação,Masculino,Casado
661,31,26-35,Ensino Médio,Feminino,Solteiro
662,31,26-35,Outros,Masculino,Solteiro
663,37,36-45,Graduação,Feminino,Solteiro
664,31,26-35,Graduação,Masculino,Casado
665,29,26-35,Pós-Graduação,Feminino,Solteiro
666,39,36-45,Pós-Graduação,Masculino,Solteiro
667,34,26-35,Ensino Médio,Masculino,Outros
668,56,56+,Ensino Médio,Feminino,Casado
669,18,18-25,Graduação,Feminino,Outros
670,51,46-55,Graduação,Feminino,Solteiro
671,52,46-55,Graduação,Masculino,Casado
672,18,18-25,Pós-Graduação,Feminino,Casado
673,33,26-35,Graduação,Masculino,Outros
674,33,26-35,Graduação,Feminino,Solteiro
675,21,18-25,Graduação,Feminino,Outros
676,28,26-35,Ensino Médio,Masculino,Solteiro
677,24,18-25,Graduação,Feminino,Solteiro
678,59,56+,Pós-Graduação,Feminino,Casado
679,49,46-55,Graduação,Masculino,Casado
680,53,46-55,Ensino Médio,Feminino,Outros
681,46,46-55,Graduação,Masculino,Casado
682,24,18-25,Pós-Graduação,Feminino,Casado
683,31,26-35,Graduação,Masculino,Solteiro
684,43,36-45,Ensino Médio,Masculino,Solteiro
685,23,18-25,Graduação,Masculino,Casado
686,46,46-55,Ensino Médio,Feminino,Casado
687,35,26-35,Outros,Feminino,Solteiro
688,33,26-35,Ensino Médio,Feminino,Casado
689,46,46-55,Graduação,Masculino,Solteiro
690,43,36-45,Graduação,Masculino,Casado
691,33,26-35,Pós-Graduação,Feminino,Solteiro
692,51,46-55,Outros,Feminino,Solteiro
693,25,18-25,Graduação,Masculino,Solteiro
694,45,36-45,Pós-Graduação,Masculino,Casado
695,45,36-45,Ensino Médio,Masculino,Solteiro
696,34,26-35,Graduação,Masculino,Casado
697,41,36-45,Graduação,Feminino,Casado
698,22,18-25,Graduação,Feminino,Solteiro
699,49,46-55,Graduação,Feminino,Solteiro
700,35,26-35,Ensino Médio,Feminino,Solteiro
701,31,26-35,Graduação,Masculino,Casado
702,50,46-55,Graduação,Feminino,Casado
703,29,26-35,Graduação,Feminino,Outros
704,21,18-25,Ensino Médio,Masculino,Solteiro
705,19,18-25,Ensino Médio,Feminino,Solteiro
706,45,36-45,Graduação,Masculino,Solteiro
707,22,18-25,Graduação,Feminino,Casado
708,59,56+,Pós-Graduação,Masculino,Solteiro
709,18,18-25,Outros,Feminino,Casado
710,58,56+,Graduação,Masculino,Solteiro
711,40,36-45,Ensino Médio,Masculino,Solteiro
712,36,36-45,Pós-Graduação,Feminino,Outros
713,31,26-35,Graduação,Feminino,Solteiro
714,42,36-45,Graduação,Masculino,Casado
715,37,36-45,Ensino Médio,Masculino,Solteiro
716,51,46-55,Graduação,Masculino,Casado
717,39,36-45,Outros,Feminino,Casado
718,39,36-45,Graduação,Feminino,Casado
719,33,26-35,Graduação,Feminino,Solteiro
720,37,36-45,Pós-Graduação,Masculino,Casado
721,41,36-45,Ensino Médio,Feminino,Solteiro
722,18,18-25,Graduação,Masculino,Outros
723,21,18-25,Ensino Médio,Masculino,Solteiro
724,46,46-55,Outros,Feminino,Casado
725,40,36-45,Outros,Feminino,Casado
726,35,26-35,Graduação,Feminino,Solteiro
727,38,36-45,Ensino Médio,Feminino,Outros
728,42,36-45,Ensino Médio,Feminino,Casado
729,31,26-35,Pós-Graduação,Feminino,Solteiro
730,28,26-35,Graduação,Masculino,Solteiro
731,40,36-45,Pós-Graduação,Masculino,Solteiro
732,26,26-35,Graduação,Feminino,Outros
733,42,36-45,Pós-Graduação,Feminino,Solteiro
734,18,18-25,Pós-Graduação,Masculino,Solteiro
735,50,46-55,Graduação,Masculino,Casado
736,43,36-45,Graduação,Masculino,Solteiro
737,41,36-45,Graduação,Masculino,Solteiro
738,49,46-55,Pós-Graduação,Feminino,Casado
739,57,56+,Graduação,Masculino,Solteiro
740,50,46-55,Pós-Graduação,Feminino,Casado
741,18,18-25,Graduação,Masculino,Casado
742,22,18-25,Graduação,Feminino,Casado
743,30,26-35,Graduação,Masculino,Solteiro
744,38,36-45,Ensino Médio,Feminino,Outros
745,44,36-45,Graduação,Feminino,Solteiro
746,29,26-35,Ensino Médio,Feminino,Solteiro
747,40,36-45,Graduação,Masculino,Casado
748,28,26-35,Graduação,Masculino,Outros
749,30,26-35,Graduação,Masculino,Solteiro
750,21,18-25,Pós-Graduação,Masculino,Solteiro
751,26,26-35,Ensino Médio,Feminino,Solteiro
752,21,18-25,Graduação,Feminino,Casado
753,26,26-35,Graduação,Feminino,Solteiro
754,50,46-55,Pós-Graduação,Feminino,Outros
755,26,26-35,Pós-Graduação,Masculino,Casado
756,69,56+,Outros,Masculino,Solteiro
757,43,36-45,Ensino Médio,Masculino,Outros
758,40,36-45,Pós-Graduação,Feminino,Casado
759,27,26-35,Graduação,Feminino,Solteiro
760,46,46-55,Graduação,Masculino,Outros
761,31,26-35,Ensino Médio,Masculino,Solteiro
762,39,36-45,Pós-Graduação,Feminino,Casado
763,68,56+,Graduação,Feminino,Casado
764,36,36-45,Ensino Médio,Feminino,Casado
765,51,46-55,Pós-Graduação,Masculino,Solteiro
766,29,26-35,Graduação,Masculino,Solteiro
767,37,36-45,Outros,Feminino,Solteiro
768,59,56+,Graduação,Feminino,Casado
769,30,26-35,Graduação,Masculino,Casado
770,59,56+,Pós-Graduação,Feminino,Solteiro
771,46,46-55,Pós-Graduação,Feminino,Solteiro
772,31,26-35,Graduação,Masculino,Outros
773,45,36-45,Ensino Médio,Masculino,Solteiro
774,49,46-55,Graduação,Masculino,Solteiro
775,45,36-45,Ensino Médio,Masculino,Solteiro
776,19,18-25,Outros,Feminino,Solteiro
777,29,26-35,Graduação,Masculino,Casado
778,35,26-35,Pós-Graduação,Feminino,Outros
779,37,36-45,Graduação,Feminino,Solteiro
780,45,36-45,Outros,Masculino,Casado
781,40,36-45,Ensino Médio,Masculino,Casado
782,21,18-25,Pós-Graduação,Feminino,Casado
783,42,36-45,Ensino Médio,Feminino,Solteiro
784,45,36-45,Graduação,Feminino,Casado
785,44,36-45,Outros,Masculino,Casado
786,50,46-55,Pós-Graduação,Masculino,Solteiro
787,48,46-55,Graduação,Feminino,Casado
788,43,36-45,Ensino Médio,Feminino,Solteiro
789,37,36-45,Graduação,Masculino,Solteiro
790,18,18-25,Graduação,Feminino,Solteiro
791,43,36-45,Pós-Graduação,Masculino,Casado
792,40,36-45,Graduação,Feminino,Casado
793,41,36-45,Graduação,Feminino,Casado
794,22,18-25,Outros,Masculino,Solteiro
795,25,18-25,Graduação,Feminino,Solteiro
796,50,46-55,Graduação,Masculino,Casado
797,37,36-45,Ensino Médio,Masculino,Solteiro
798,46,46-55,Pós-Graduação,Masculino,Casado
799,38,36-45,Graduação,Masculino,Outros
800,38,36-45,Ensino Médio,Masculino,Outros
801,49,46-55,Ensino Médio,Feminino,Solteiro
802,31,26-35,Graduação,Feminino,Solteiro
803,39,36-45,Ensino Médio,Masculino,Solteiro
804,32,26-35,Pós-Graduação,Feminino,Solteiro
805,32,26-35,Outros,Feminino,Solteiro
806,34,26-35,Pós-Graduação,Feminino,Outros
807,40,36-45,Ensino Médio,Feminino,Solteiro
808,32,26-35,Graduação,Masculino,Solteiro
809,53,46-55,Outros,Masculino,Solteiro
810,27,26-35,Ensino Médio,Feminino,Solteiro
811,35,26-35,Ensino Médio,Masculino,Solteiro
812,32,26-35,Graduação,Masculino,Casado
813,55,46-55,Graduação,Masculino,Casado
814,40,36-45,Graduação,Masculino,Casado
815,50,46-55,Ensino Médio,Masculino,Solteiro
816,20,18-25,Pós-Graduação,Masculino,Solteiro
817,41,36-45,Outros,Masculino,Outros
818,48,46-55,Ensino Médio,Feminino,Solteiro
819,38,36-45,Graduação,Feminino,Solteiro
820,50,46-55,Ensino Médio,Masculino,Casado
821,31,26-35,Graduação,Masculino,Solteiro
822,54,46-55,Graduação,Masculino,Solteiro
823,65,56+,Graduação,Masculino,Solteiro
824,33,26-35,Graduação,Masculino,Casado
825,32,26-35,Ensino Médio,Masculino,Solteiro
826,55,46-55,Graduação,Feminino,Solteiro
827,56,56+,Graduação,Feminino,Solteiro
828,31,26-35,Ensino Médio,Masculino,Outros
829,32,26-35,Ensino Médio,Masculino,Outros
830,34,26-35,Pós-Graduação,Feminino,Outros
831,21,18-25,Ensino Médio,Feminino,Solteiro
832,26,26-35,Graduação,Feminino,Outros
833,25,18-25,Graduação,Feminino,Solteiro
834,28,26-35,Graduação,Masculino,Casado
835,37,36-45,Graduação,Masculino,Casado
836,40,36-45,Ensino Médio,Feminino,Casado
837,56,56+,Graduação,Masculino,Casado
838,26,26-35,Ensino Médio,Feminino,Casado
839,49,46-55,Pós-Graduação,Feminino,Casado
840,35,26-35,Graduação,Feminino,Solteiro
841,37,36-45,Outros,Masculino,Casado
842,46,46-55,Ensino Médio,Feminino,Casado
843,24,18-25,Graduação,Masculino,Solteiro
844,42,36-45,Graduação,Masculino,Solteiro
845,39,36-45,Graduação,Masculino,Outros
846,43,36-45,Graduação,Feminino,Solteiro
847,41,36-45,Ensino Médio,Feminino,Solteiro
848,67,56+,Ensino Médio,Masculino,Casado
849,30,26-35,Graduação,Masculino,Casado
850,31,26-35,Outros,Feminino,Casado
851,30,26-35,Graduação,Feminino,Casado
852,31,26-35,Graduação,Feminino,Outros
853,30,26-35,Graduação,Masculino,Casado
854,52,46-55,Graduação,Masculino,Casado
855,55,46-55,Graduação,Feminino,Casado
856,31,26-35,Graduação,Masculino,Solteiro
857,28,26-35,Graduação,Feminino,Casado
858,43,36-45,Pós-Graduação,Feminino,Solteiro
859,31,26-35,Ensino Médio,Masculino,Casado
860,45,36-45,Graduação,Masculino,Casado
861,40,36-45,Pós-Graduação,Feminino,Casado
862,19,18-25,Ensino Médio,Masculino,Solteiro
863,56,56+,Outros,Masculino,Casado
864,59,56+,Outros,Feminino,Solteiro
865,30,26-35,Graduação,Masculino,Solteiro
866,33,26-35,Pós-Graduação,Feminino,Solteiro
867,41,36-45,Graduação,Masculino,Casado
868,42,36-45,Pós-Graduação,Feminino,Casado
869,45,36-45,Outros,Masculino,Casado
870,62,56+,Pós-Graduação,Masculino,Solteiro
871,35,26-35,Graduação,Feminino,Solteiro
872,28,26-35,Graduação,Feminino,Solteiro
873,21,18-25,Graduação,Masculino,Solteiro
874,29,26-35,Ensino Médio,Masculino,Solteiro
875,37,36-45,Graduação,Feminino,Solteiro
876,59,56+,Pós-Graduação,Masculino,Casado
877,31,26-35,Graduação,Feminino,Solteiro
878,40,36-45,Graduação,Feminino,Casado
879,37,36-45,Pós-Graduação,Feminino,Solteiro
880,52,46-55,Graduação,Masculino,Casado
881,68,56+,Graduação,Masculino,Casado
882,31,26-35,Ensino Médio,Feminino,Solteiro
883,32,26-35,Outros,Masculino,Solteiro
884,50,46-55,Outros,Masculino,Casado
885,46,46-55,Outros,Masculino,Casado
886,60,56+,Graduação,Masculino,Solteiro
887,45,36-45,Pós-Graduação,Masculino,Outros
888,33,26-35,Graduação,Masculino,Solteiro
889,45,36-45,Ensino Médio,Feminino,Outros
890,51,46-55,Outros,Masculino,Casado
891,47,46-55,Ensino Médio,Masculino,Solteiro
892,44,36-45,Pós-Graduação,Masculino,Solteiro
893,50,46-55,Outros,Feminino,Solteiro
894,52,46-55,Graduação,Masculino,Casado
895,54,46-55,Pós-Graduação,Feminino,Solteiro
896,45,36-45,Graduação,Feminino,Solteiro
897,35,26-35,Pós-Graduação,Masculino,Solteiro
898,39,36-45,Graduação,Masculino,Solteiro
899,52,46-55,Graduação,Masculino,Solteiro
900,28,26-35,Graduação,Feminino,Solteiro
901,42,36-45,Graduação,Feminino,Casado
902,33,26-35,Ensino Médio,Feminino,Casado
903,38,36-45,Ensino Médio,Masculino,Solteiro
904,53,46-55,Graduação,Feminino,Outros
905,40,36-45,Ensino Médio,Masculino,Casado
906,38,36-45,Outros,Masculino,Solteiro
907,21,18-25,Pós-Graduação,Feminino,Casado
908,46,46-55,Graduação,Feminino,Casado
909,45,36-45,Graduação,Masculino,Solteiro
910,63,56+,Pós-Graduação,Masculino,Solteiro
911,34,26-35,Ensino Médio,Masculino,Casado
912,40,36-45,Ensino Médio,Masculino,Solteiro
913,40,36-45,Pós-Graduação,Masculino,Solteiro
914,56,56+,Ensino Médio,Feminino,Outros
915,36,36-45,Ensino Médio,Feminino,Casado
916,41,36-45,Outros,Feminino,Solteiro
917,45,36-45,Graduação,Feminino,Casado
918,40,36-45,Outros,Feminino,Casado
919,32,26-35,Graduação,Feminino,Solteiro
920,40,36-45,Graduação,Feminino,Solteiro
921,50,46-55,Pós-Graduação,Masculino,Casado
922,25,18-25,Pós-Graduação,Feminino,Outros
923,39,36-45,Ensino Médio,Feminino,Solteiro
924,29,26-35,Graduação,Feminino,Solteiro
925,52,46-55,Graduação,Feminino,Solteiro
926,19,18-25,Pós-Graduação,Masculino,Casado
927,31,26-35,Ensino Médio,Feminino,Solteiro
928,42,36-45,Pós-Graduação,Masculino,Casado
929,56,56+,Ensino Médio,Feminino,Outros
930,37,36-45,Pós-Graduação,Masculino,Casado
931,31,26-35,Pós-Graduação,Masculino,Casado
932,60,56+,Graduação,Masculino,Solteiro
933,20,18-25,Graduação,Feminino,Casado
934,18,18-25,Graduação,Masculino,Casado
935,43,36-45,Graduação,Feminino,Solteiro
936,31,26-35,Outros,Masculino,Solteiro
937,25,18-25,Graduação,Feminino,Solteiro
938,46,46-55,Pós-Graduação,Feminino,Casado
939,40,36-45,Graduação,Masculino,Casado
940,31,26-35,Ensino Médio,Masculino,Casado
941,22,18-25,Graduação,Feminino,Solteiro
942,48,46-55,Pós-Graduação,Feminino,Solteiro
943,45,36-45,Ensino Médio,Feminino,Casado
944,36,36-45,Graduação,Masculino,Casado
945,60,56+,Graduação,Masculino,Casado
946,25,18-25,Pós-Graduação,Feminino,Casado
947,19,18-25,Pós-Graduação,Masculino,Casado
948,29,26-35,Graduação,Masculino,Solteiro
949,37,36-45,Graduação,Masculino,Casado
950,40,36-45,Graduação,Feminino,Solteiro
951,35,26-35,Graduação,Feminino,Solteiro
952,42,36-45,Graduação,Masculino,Casado
953,22,18-25,Outros,Masculino,Solteiro
954,55,46-55,Ensino Médio,Masculino,Solteiro
955,37,36-45,Ensino Médio,Masculino,Casado
956,51,46-55,Pós-Graduação,Masculino,Solteiro
957,42,36-45,Pós-Graduação,Feminino,Casado
958,43,36-45,Graduação,Masculino,Outros
959,44,36-45,Pós-Graduação,Masculino,Solteiro
960,43,36-45,Outros,Feminino,Solteiro
961,45,36-45,Pós-Graduação,Masculino,Outros
962,53,46-55,Graduação,Feminino,Solteiro
963,40,36-45,Graduação,Masculino,Solteiro
964,46,46-55,Graduação,Masculino,Solteiro
965,36,36-45,Pós-Graduação,Feminino,Casado
966,55,46-55,Graduação,Feminino,Solteiro
967,29,26-35,Graduação,Masculino,Casado
968,59,56+,Ensino Médio,Feminino,Casado
969,37,36-45,Pós-Graduação,Feminino,Solteiro
970,20,18-25,Outros,Masculino,Casado
971,39,36-45,Ensino Médio,Masculino,Casado
972,29,26-35,Graduação,Feminino,Solteiro
973,48,46-55,Ensino Médio,Masculino,Casado
974,30,26-35,Pós-Graduação,Feminino,Casado
975,32,26-35,Outros,Feminino,Solteiro
976,18,18-25,Graduação,Feminino,Solteiro
977,32,26-35,Graduação,Masculino,Solteiro
978,18,18-25,Graduação,Masculino,Solteiro
979,18,18-25,Pós-Graduação,Feminino,Solteiro
980,47,46-55,Outros,Masculino,Solteiro
981,47,46-55,Pós-Graduação,Masculino,Solteiro
982,43,36-45,Ensino Médio,Masculino,Solteiro
983,26,26-35,Graduação,Masculino,Outros
984,37,36-45,Outros,Feminino,Casado
985,37,36-45,Graduação,Masculino,Casado
986,24,18-25,Graduação,Feminino,Casado
987,56,56+,Graduação,Masculino,Solteiro
988,48,46-55,Ensino Médio,Feminino,Casado
989,35,26-35,Pós-Graduação,Masculino,Solteiro
990,38,36-45,Pós-Graduação,Feminino,Solteiro
991,40,36-45,Graduação,Feminino,Solteiro
992,18,18-25,Ensino Médio,Masculino,Casado
993,35,26-35,Pós-Graduação,Feminino,Solteiro
994,29,26-35,Graduação,Masculino,Casado
995,25,18-25,Graduação,Feminino,Solteiro
996,34,26-35,Ensino Médio,Feminino,Solteiro
997,59,56+,Outros,Feminino,Casado
998,45,36-45,Graduação,Feminino,Outros
999,31,26-35,Graduação,Masculino,Casado
1000,44,36-45,Graduação,Masculino,Outros
1001,54,46-55,Pós-Graduação,Masculino,Casado
1002,49,46-55,Graduação,Masculino,Casado
1003,38,36-45,Ensino Médio,Feminino,Casado
1004,30,26-35,Graduação,Masculino,Casado
1005,46,46-55,Outros,Feminino,Solteiro
1006,42,36-45,Graduação,Masculino,Solteiro
1007,48,46-55,Ensino Médio,Masculino,Solteiro
1008,45,36-45,Graduação,Feminino,Casado
1009,50,46-55,Graduação,Masculino,Casado
1010,31,26-35,Graduação,Feminino,Solteiro
1011,53,46-55,Graduação,Masculino,Casado
1012,40,36-45,Graduação,Feminino,Solteiro
1013,62,56+,Ensino Médio,Masculino,Solteiro
1014,29,26-35,Outros,Masculino,Casado
1015,58,56+,Graduação,Feminino,Solteiro
1016,40,36-45,Pós-Graduação,Feminino,Solteiro
1017,30,26-35,Graduação,Masculino,Solteiro
1018,32,26-35,Graduação,Masculino,Casado
1019,34,26-35,Pós-Graduação,Feminino,Casado
1020,43,36-45,Ensino Médio,Masculino,Casado
1021,44,36-45,Outros,Feminino,Casado
1022,31,26-35,Outros,Feminino,Casado
1023,37,36-45,Pós-Graduação,Masculino,Solteiro
1024,63,56+,Ensino Médio,Masculino,Solteiro
1025,58,56+,Ensino Médio,Feminino,Solteiro
1026,43,36-45,Graduação,Masculino,Casado
1027,38,36-45,Graduação,Feminino,Outros
1028,39,36-45,Ensino Médio,Masculino,Casado
1029,45,36-45,Graduação,Feminino,Solteiro
1030,25,18-25,Graduação,Masculino,Outros
1031,34,26-35,Graduação,Feminino,Solteiro
1032,18,18-25,Graduação,Masculino,Outros
1033,42,36-45,Pós-Graduação,Masculino,Solteiro
1034,45,36-45,Outros,Feminino,Casado
1035,32,26-35,Ensino Médio,Masculino,Casado
1036,56,56+,Graduação,Masculino,Casado
1037,23,18-25,Pós-Graduação,Masculino,Casado
1038,20,18-25,Graduação,Masculino,Solteiro
1039,40,36-45,Pós-Graduação,Feminino,Casado
1040,50,46-55,Pós-Graduação,Feminino,Solteiro
1041,58,56+,Graduação,Masculino,Casado
1042,32,26-35,Graduação,Feminino,Solteiro
1043,50,46-55,Graduação,Feminino,Outros
1044,37,36-45,Pós-Graduação,Feminino,Casado
1045,35,26-35,Graduação,Masculino,Solteiro
1046,48,46-55,Pós-Graduação,Feminino,Solteiro
1047,45,36-45,Outros,Masculino,Casado
1048,19,18-25,Graduação,Masculino,Solteiro
1049,55,46-55,Ensino Médio,Masculino,Casado
1050,54,46-55,Graduação,Masculino,Solteiro
1051,30,26-35,Pós-Graduação,Feminino,Solteiro
1052,42,36-45,Outros,Masculino,Solteiro
1053,43,36-45,Graduação,Feminino,Solteiro
1054,41,36-45,Graduação,Masculino,Casado
1055,31,26-35,Graduação,Feminino,Solteiro
1056,29,26-35,Pós-Graduação,Feminino,Solteiro
1057,37,36-45,Ensino Médio,Feminino,Outros
1058,52,46-55,Graduação,Feminino,Solteiro
1059,44,36-45,Graduação,Feminino,Casado
1060,33,26-35,Pós-Graduação,Masculino,Outros
1061,47,46-55,Pós-Graduação,Feminino,Casado
1062,18,18-25,Ensino Médio,Masculino,Solteiro
1063,51,46-55,Ensino Médio,Feminino,Casado
1064,18,18-25,Graduação,Masculino,Outros
1065,33,26-35,Pós-Graduação,Feminino,Solteiro
1066,24,18-25,Ensino Médio,Feminino,Solteiro
1067,22,18-25,Graduação,Masculino,Casado
1068,51,46-55,Graduação,Masculino,Solteiro
1069,32,26-35,Graduação,Feminino,Solteiro
1070,42,36-45,Graduação,Masculino,Solteiro
1071,37,36-45,Ensino Médio,Masculino,Casado
1072,43,36-45,Outros,Masculino,Solteiro
1073,38,36-45,Pós-Graduação,Feminino,Casado
1074,22,18-25,Graduação,Feminino,Solteiro
1075,49,46-55,Graduação,Feminino,Casado
1076,32,26-35,Graduação,Feminino,Casado
1077,19,18-25,Graduação,Masculino,Casado
1078,32,26-35,Ensino Médio,Feminino,Casado
1079,56,56+,Graduação,Masculino,Casado
1080,48,46-55,Graduação,Masculino,Outros
1081,33,26-35,Graduação,Masculino,Solteiro
1082,33,26-35,Pós-Graduação,Feminino,Casado
1083,34,26-35,Pós-Graduação,Feminino,Solteiro
1084,62,56+,Ensino Médio,Masculino,Solteiro
1085,42,36-45,Pós-Graduação,Feminino,Outros
1086,43,36-45,Ensino Médio,Masculino,Casado
1087,50,46-55,Graduação,Masculino,Casado
1088,40,36-45,Graduação,Masculino,Outros
1089,34,26-35,Graduação,Feminino,Casado
1090,35,26-35,Graduação,Feminino,Casado
1091,37,36-45,Pós-Graduação,Masculino,Casado
1092,37,36-45,Graduação,Feminino,Casado
1093,46,46-55,Ensino Médio,Masculino,Outros
1094,38,36-45,Ensino Médio,Feminino,Casado
1095,46,46-55,Graduação,Feminino,Outros
1096,37,36-45,Graduação,Masculino,Outros
1097,38,36-45,Pós-Graduação,Feminino,Solteiro
1098,18,18-25,Graduação,Feminino,Casado
1099,48,46-55,Pós-Graduação,Masculino,Casado
1100,42,36-45,Ensino Médio,Feminino,Solteiro
1101,49,46-55,Graduação,Masculino,Casado
1102,18,18-25,Graduação,Masculino,Solteiro
1103,63,56+,Graduação,Masculino,Casado
1104,36,36-45,Pós-Graduação,Masculino,Outros
1105,51,46-55,Graduação,Feminino,Solteiro
1106,25,18-25,Pós-Graduação,Feminino,Solteiro
1107,45,36-45,Pós-Graduação,Feminino,Outros
1108,25,18-25,Graduação,Masculino,Casado
1109,30,26-35,Graduação,Masculino,Casado
1110,60,56+,Ensino Médio,Masculino,Casado
1111,35,26-35,Graduação,Masculino,Casado
1112,40,36-45,Graduação,Feminino,Solteiro
1113,48,46-55,Ensino Médio,Feminino,Casado
1114,43,36-45,Pós-Graduação,Masculino,Casado
1115,39,36-45,Graduação,Feminino,Outros
1116,42,36-45,Graduação,Feminino,Casado
1117,66,56+,Graduação,Masculino,Solteiro
1118,37,36-45,Graduação,Feminino,Casado
1119,40,36-45,Ensino Médio,Masculino,Casado
1120,50,46-55,Outros,Masculino,Solteiro
1121,51,46-55,Graduação,Masculino,Outros
1122,52,46-55,Graduação,Masculino,Casado
1123,45,36-45,Graduação,Masculino,Casado
1124,24,18-25,Graduação,Masculino,Casado
1125,57,56+,Graduação,Masculino,Casado
1126,24,18-25,Graduação,Feminino,Casado
1127,41,36-45,Outros,Feminino,Solteiro
1128,28,26-35,Graduação,Feminino,Casado
1129,37,36-45,Graduação,Masculino,Solteiro
1130,41,36-45,Graduação,Masculino,Solteiro
1131,41,36-45,Ensino Médio,Masculino,Casado
1132,43,36-45,Ensino Médio,Masculino,Casado
1133,57,56+,Graduação,Feminino,Outros
1134,43,36-45,Graduação,Feminino,Casado
1135,35,26-35,Ensino Médio,Feminino,Solteiro
1136,49,46-55,Pós-Graduação,Feminino,Casado
1137,52,46-55,Ensino Médio,Masculino,Solteiro
1138,23,18-25,Graduação,Masculino,Casado
1139,45,36-45,Graduação,Feminino,Casado
1140,46,46-55,Graduação,Masculino,Casado
1141,34,26-35,Ensino Médio,Masculino,Casado
1142,54,46-55,Pós-Graduação,Masculino,Outros
1143,36,36-45,Ensino Médio,Masculino,Solteiro
1144,39,36-45,Graduação,Masculino,Casado
1145,35,26-35,Graduação,Feminino,Solteiro
1146,38,36-45,Pós-Graduação,Feminino,Outros
1147,24,18-25,Graduação,Masculino,Solteiro
1148,20,18-25,Graduação,Masculino,Casado
1149,57,56+,Graduação,Feminino,Solteiro
1150,27,26-35,Ensino Médio,Masculino,Casado
1151,26,26-35,Graduação,Masculino,Solteiro
1152,18,18-25,Outros,Masculino,Solteiro
1153,30,26-35,Graduação,Masculino,Solteiro
1154,22,18-25,Ensino Médio,Feminino,Outros
1155,57,56+,Pós-Graduação,Feminino,Outros
1156,50,46-55,Graduação,Masculino,Casado
1157,29,26-35,Graduação,Masculino,Outros
1158,65,56+,Graduação,Masculino,Casado
1159,49,46-55,Ensino Médio,Masculino,Casado
1160,34,26-35,Pós-Graduação,Feminino,Solteiro
1161,18,18-25,Pós-Graduação,Feminino,Solteiro
1162,65,56+,Ensino Médio,Feminino,Solteiro
1163,21,18-25,Graduação,Feminino,Solteiro
1164,18,18-25,Ensino Médio,Feminino,Outros
1165,50,46-55,Graduação,Feminino,Casado
1166,67,56+,Ensino Médio,Masculino,Casado
1167,54,46-55,Pós-Graduação,Masculino,Outros
1168,44,36-45,Pós-Graduação,Feminino,Casado
1169,45,36-45,Graduação,Masculino,Solteiro
1170,48,46-55,Outros,Feminino,Solteiro
1171,47,46-55,Graduação,Feminino,Solteiro
1172,41,36-45,Graduação,Feminino,Solteiro
1173,39,36-45,Graduação,Masculino,Casado
1174,37,36-45,Outros,Feminino,Solteiro
1175,28,26-35,Ensino Médio,Masculino,Casado
1176,34,26-35,Outros,Feminino,Casado
1177,18,18-25,Pós-Graduação,Masculino,Casado
1178,36,36-45,Pós-Graduação,Masculino,Solteiro
1179,26,26-35,Graduação,Feminino,Solteiro
1180,24,18-25,Ensino Médio,Masculino,Outros
1181,40,36-45,Graduação,Masculino,Solteiro
1182,54,46-55,Graduação,Feminino,Solteiro
1183,49,46-55,Ensino Médio,Masculino,Outros
1184,19,18-25,Pós-Graduação,Feminino,Solteiro
1185,26,26-35,Graduação,Masculino,Solteiro
1186,49,46-55,Graduação,Feminino,Solteiro
1187,26,26-35,Graduação,Feminino,Casado
1188,35,26-35,Ensino Médio,Masculino,Solteiro
1189,44,36-45,Graduação,Masculino,Casado
1190,26,26-35,Graduação,Feminino,Solteiro
1191,39,36-45,Graduação,Masculino,Solteiro
1192,21,18-25,Graduação,Masculino,Outros
1193,30,26-35,Graduação,Feminino,Outros
1194,41,36-45,Graduação,Masculino,Solteiro
1195,18,18-25,Pós-Graduação,Masculino,Solteiro
1196,43,36-45,Pós-Graduação,Feminino,Casado
1197,37,36-45,Graduação,Masculino,Solteiro
1198,44,36-45,Graduação,Masculino,Outros
1199,40,36-45,Ensino Médio,Masculino,Outros
1200,54,46-55,Ensino Médio,Feminino,Outros
1201,39,36-45,Ensino Médio,Feminino,Casado
1202,32,26-35,Graduação,Feminino,Solteiro
1203,39,36-45,Graduação,Masculino,Outros
1204,44,36-45,Graduação,Masculino,Casado
1205,38,36-45,Pós-Graduação,Masculino,Solteiro
1206,38,36-45,Pós-Graduação,Masculino,Solteiro
1207,29,26-35,Graduação,Feminino,Solteiro
1208,30,26-35,Outros,Masculino,Outros
1209,21,18-25,Pós-Graduação,Masculino,Solteiro
1210,58,56+,Pós-Graduação,Masculino,Solteiro
1211,23,18-25,Ensino Médio,Feminino,Solteiro
1212,29,26-35,Graduação,Feminino,Solteiro
1213,29,26-35,Ensino Médio,Feminino,Solteiro
1214,48,46-55,Ensino Médio,Feminino,Solteiro
1215,34,26-35,Outros,Masculino,Casado
1216,52,46-55,Graduação,Masculino,Casado
1217,29,26-35,Ensino Médio,Masculino,Casado
1218,41,36-45,Graduação,Feminino,Solteiro
1219,27,26-35,Graduação,Feminino,Outros
1220,63,56+,Graduação,Feminino,Casado
1221,23,18-25,Pós-Graduação,Feminino,Casado
1222,41,36-45,Graduação,Feminino,Casado
1223,45,36-45,Graduação,Feminino,Solteiro
1224,42,36-45,Ensino Médio,Feminino,Outros
1225,35,26-35,Ensino Médio,Feminino,Solteiro
1226,36,36-45,Ensino Médio,Masculino,Solteiro
1227,38,36-45,Pós-Graduação,Feminino,Solteiro
1228,36,36-45,Ensino Médio,Feminino,Casado
1229,49,46-55,Graduação,Masculino,Solteiro
1230,64,56+,Ensino Médio,Feminino,Solteiro
1231,31,26-35,Outros,Feminino,Solteiro
1232,21,18-25,Pós-Graduação,Masculino,Outros
1233,36,36-45,Ensino Médio,Feminino,Solteiro
1234,68,56+,Pós-Graduação,Masculino,Solteiro
1235,28,26-35,Graduação,Feminino,Outros
1236,57,56+,Graduação,Feminino,Outros
1237,58,56+,Pós-Graduação,Masculino,Solteiro
1238,31,26-35,Ensino Médio,Masculino,Casado
1239,44,36-45,Pós-Graduação,Feminino,Solteiro
1240,57,56+,Pós-Graduação,Masculino,Solteiro
1241,33,26-35,Graduação,Masculino,Casado
1242,35,26-35,Ensino Médio,Feminino,Casado
1243,31,26-35,Outros,Masculino,Casado
1244,25,18-25,Ensino Médio,Masculino,Solteiro
1245,30,26-35,Ensino Médio,Feminino,Solteiro
1246,23,18-25,Graduação,Feminino,Casado
1247,38,36-45,Pós-Graduação,Feminino,Casado
1248,28,26-35,Pós-Graduação,Feminino,Solteiro
1249,40,36-45,Graduação,Masculino,Casado
1250,19,18-25,Ensino Médio,Masculino,Casado
1251,41,36-45,Graduação,Masculino,Solteiro
1252,48,46-55,Ensino Médio,Feminino,Solteiro
1253,18,18-25,Graduação,Feminino,Casado
1254,42,36-45,Pós-Graduação,Feminino,Solteiro
1255,52,46-55,Pós-Graduação,Feminino,Casado
1256,23,18-25,Ensino Médio,Feminino,Solteiro
1257,58,56+,Ensino Médio,Masculino,Casado
1258,43,36-45,Ensino Médio,Masculino,Casado
1259,29,26-35,Pós-Graduação,Masculino,Solteiro
1260,37,36-45,Outros,Masculino,Solteiro
1261,44,36-45,Graduação,Feminino,Casado
1262,38,36-45,Pós-Graduação,Masculino,Casado
1263,44,36-45,Outros,Feminino,Solteiro
1264,26,26-35,Graduação,Feminino,Solteiro
1265,40,36-45,Ensino Médio,Masculino,Casado
1266,21,18-25,Pós-Graduação,Masculino,Solteiro
1267,36,36-45,Graduação,Masculino,Casado
1268,27,26-35,Outros,Masculino,Solteiro
1269,29,26-35,Graduação,Feminino,Casado
1270,52,46-55,Ensino Médio,Masculino,Casado
1271,51,46-55,Pós-Graduação,Feminino,Casado
1272,45,36-45,Graduação,Feminino,Solteiro
1273,24,18-25,Graduação,Feminino,Casado
1274,34,26-35,Graduação,Feminino,Casado
1275,52,46-55,Graduação,Masculino,Casado
1276,39,36-45,Pós-Graduação,Masculino,Casado
1277,65,56+,Outros,Masculino,Solteiro
1278,42,36-45,Graduação,Masculino,Casado
1279,40,36-45,Graduação,Feminino,Solteiro
1280,34,26-35,Graduação,Feminino,Casado
1281,39,36-45,Graduação,Masculino,Casado
1282,36,36-45,Ensino Médio,Masculino,Solteiro
1283,46,46-55,Outros,Masculino,Outros
1284,49,46-55,Graduação,Feminino,Casado
1285,28,26-35,Ensino Médio,Feminino,Casado
1286,22,18-25,Graduação,Feminino,Solteiro
1287,18,18-25,Pós-Graduação,Feminino,Outros
1288,44,36-45,Ensino Médio,Masculino,Outros
1289,24,18-25,Graduação,Masculino,Solteiro
1290,18,18-25,Ensino Médio,Masculino,Solteiro
1291,42,36-45,Ensino Médio,Masculino,Solteiro
1292,67,56+,Graduação,Feminino,Solteiro
1293,37,36-45,Outros,Feminino,Solteiro
1294,48,46-55,Ensino Médio,Feminino,Outros
1295,38,36-45,Graduação,Masculino,Solteiro
1296,36,36-45,Graduação,Masculino,Solteiro
1297,49,46-55,Graduação,Masculino,Solteiro
1298,34,26-35,Outros,Feminino,Solteiro
1299,41,36-45,Ensino Médio,Feminino,Solteiro
1300,41,36-45,Pós-Graduação,Masculino,Solteiro
1301,29,26-35,Graduação,Feminino,Casado
1302,49,46-55,Graduação,Feminino,Casado
1303,35,26-35,Pós-Graduação,Masculino,Solteiro
1304,28,26-35,Pós-Graduação,Feminino,Solteiro
1305,44,36-45,Graduação,Masculino,Casado
1306,27,26-35,Graduação,Feminino,Solteiro
1307,38,36-45,Graduação,Feminino,Casado
1308,37,36-45,Graduação,Feminino,Casado
1309,51,46-55,Pós-Graduação,Masculino,Outros
1310,43,36-45,Ensino Médio,Masculino,Solteiro
1311,37,36-45,Graduação,Masculino,Casado
1312,47,46-55,Graduação,Masculino,Solteiro
1313,54,46-55,Graduação,Feminino,Casado
1314,44,36-45,Graduação,Feminino,Outros
1315,38,36-45,Pós-Graduação,Masculino,Casado
1316,22,18-25,Pós-Graduação,Masculino,Casado
1317,25,18-25,Pós-Graduação,Masculino,Solteiro
1318,34,26-35,Ensino Médio,Masculino,Solteiro
1319,30,26-35,Ensino Médio,Masculino,Casado
1320,35,26-35,Ensino Médio,Masculino,Solteiro
1321,38,36-45,Ensino Médio,Feminino,Casado
1322,44,36-45,Ensino Médio,Masculino,Outros
1323,37,36-45,Graduação,Feminino,Casado
1324,43,36-45,Graduação,Feminino,Outros
1325,38,36-45,Pós-Graduação,Masculino,Solteiro
1326,18,18-25,Graduação,Feminino,Casado
1327,26,26-35,Ensino Médio,Feminino,Outros
1328,36,36-45,Graduação,Feminino,Outros
1329,23,18-25,Graduação,Masculino,Solteiro
1330,45,36-45,Graduação,Masculino,Casado
1331,56,56+,Graduação,Feminino,Solteiro
1332,52,46-55,Ensino Médio,Feminino,Solteiro
1333,35,26-35,Ensino Médio,Masculino,Solteiro
1334,55,46-55,Graduação,Masculino,Solteiro
1335,39,36-45,Ensino Médio,Masculino,Casado
1336,33,26-35,Graduação,Masculino,Solteiro
1337,30,26-35,Ensino Médio,Feminino,Solteiro
1338,34,26-35,Graduação,Masculino,Casado
1339,33,26-35,Graduação,Masculino,Solteiro
1340,40,36-45,Graduação,Feminino,Solteiro
1341,39,36-45,Ensino Médio,Masculino,Solteiro
1342,38,36-45,Outros,Feminino,Casado
1343,43,36-45,Pós-Graduação,Feminino,Solteiro
1344,52,46-55,Pós-Graduação,Masculino,Casado
1345,49,46-55,Outros,Feminino,Solteiro
1346,20,18-25,Graduação,Feminino,Solteiro
1347,18,18-25,Graduação,Masculino,Solteiro
1348,49,46-55,Graduação,Masculino,Casado
1349,21,18-25,Pós-Graduação,Feminino,Solteiro
1350,35,26-35,Ensino Médio,Feminino,Outros
1351,23,18-25,Ensino Médio,Feminino,Casado
1352,18,18-25,Graduação,Masculino,Solteiro
1353,44,36-45,Graduação,Feminino,Solteiro
1354,47,46-55,Ensino Médio,Masculino,Solteiro
1355,31,26-35,Pós-Graduação,Feminino,Casado
1356,18,18-25,Ensino Médio,Feminino,Casado
1357,31,26-35,Graduação,Masculino,Outros
1358,42,36-45,Graduação,Feminino,Casado
1359,20,18-25,Outros,Feminino,Casado
1360,40,36-45,Ensino Médio,Feminino,Solteiro
1361,37,36-45,Graduação,Masculino,Casado
1362,44,36-45,Ensino Médio,Feminino,Solteiro
1363,39,36-45,Graduação,Feminino,Solteiro
1364,26,26-35,Graduação,Masculino,Outros
1365,52,46-55,Outros,Masculino,Solteiro
1366,36,36-45,Ensino Médio,Masculino,Casado
1367,37,36-45,Graduação,Feminino,Casado
1368,26,26-35,Graduação,Feminino,Solteiro
1369,32,26-35,Pós-Graduação,Masculino,Casado
1370,27,26-35,Pós-Graduação,Feminino,Outros
1371,35,26-35,Graduação,Masculino,Solteiro
1372,58,56+,Ensino Médio,Feminino,Casado
1373,21,18-25,Graduação,Masculino,Outros
1374,18,18-25,Ensino Médio,Masculino,Casado
1375,55,46-55,Pós-Graduação,Masculino,Casado
1376,35,26-35,Graduação,Masculino,Solteiro
1377,29,26-35,Graduação,Feminino,Solteiro
1378,50,46-55,Graduação,Feminino,Solteiro
1379,30,26-35,Pós-Graduação,Masculino,Casado
1380,59,56+,Outros,Masculino,Casado
1381,46,46-55,Graduação,Masculino,Casado
1382,32,26-35,Outros,Feminino,Casado
1383,63,56+,Graduação,Feminino,Casado
1384,30,26-35,Outros,Masculino,Solteiro
1385,46,46-55,Graduação,Feminino,Outros
1386,41,36-45,Outros,Masculino,Casado
1387,53,46-55,Pós-Graduação,Feminino,Casado
1388,56,56+,Ensino Médio,Feminino,Solteiro
1389,38,36-45,Outros,Feminino,Solteiro
1390,28,26-35,Pós-Graduação,Feminino,Outros
1391,43,36-45,Pós-Graduação,Feminino,Casado
1392,29,26-35,Graduação,Feminino,Casado
1393,62,56+,Outros,Feminino,Solteiro
1394,39,36-45,Graduação,Masculino,Solteiro
1395,33,26-35,Graduação,Masculino,Solteiro
1396,40,36-45,Pós-Graduação,Masculino,Solteiro
1397,21,18-25,Pós-Graduação,Feminino,Casado
1398,26,26-35,Ensino Médio,Masculino,Solteiro
1399,52,46-55,Pós-Graduação,Masculino,Solteiro
1400,30,26-35,Graduação,Masculino,Casado
1401,25,18-25,Outros,Masculino,Solteiro
1402,44,36-45,Graduação,Feminino,Solteiro
1403,52,46-55,Ensino Médio,Feminino,Casado
1404,46,46-55,Pós-Graduação,Feminino,Casado
1405,49,46-55,Graduação,Feminino,Casado
1406,28,26-35,Pós-Graduação,Feminino,Casado
1407,20,18-25,Ensino Médio,Masculino,Solteiro
1408,56,56+,Graduação,Masculino,Solteiro
1409,34,26-35,Graduação,Feminino,Casado
1410,34,26-35,Graduação,Masculino,Casado
1411,53,46-55,Pós-Graduação,Masculino,Outros
1412,44,36-45,Ensino Médio,Feminino,Casado
1413,43,36-45,Graduação,Masculino,Casado
1414,63,56+,Ensino Médio,Masculino,Casado
1415,30,26-35,Pós-Graduação,Masculino,Solteiro
1416,49,46-55,Ensino Médio,Masculino,Casado
1417,38,36-45,Pós-Graduação,Masculino,Solteiro
1418,41,36-45,Graduação,Masculino,Casado
1419,56,56+,Graduação,Feminino,Casado
1420,44,36-45,Ensino Médio,Feminino,Casado
1421,44,36-45,Graduação,Masculino,Solteiro
1422,50,46-55,Ensino Médio,Feminino,Solteiro
1423,33,26-35,Ensino Médio,Masculino,Casado
1424,27,26-35,Pós-Graduação,Masculino,Casado
1425,25,18-25,Graduação,Masculino,Solteiro
1426,18,18-25,Pós-Graduação,Feminino,Solteiro
1427,62,56+,Graduação,Masculino,Casado
1428,24,18-25,Ensino Médio,Feminino,Solteiro
1429,35,26-35,Ensino Médio,Feminino,Casado
1430,34,26-35,Graduação,Feminino,Casado
1431,41,36-45,Graduação,Feminino,Casado
1432,47,46-55,Graduação,Feminino,Solteiro
1433,48,46-55,Pós-Graduação,Masculino,Casado
1434,31,26-35,Ensino Médio,Masculino,Solteiro
1435,35,26-35,Graduação,Feminino,Solteiro
1436,41,36-45,Ensino Médio,Feminino,Solteiro
1437,35,26-35,Graduação,Masculino,Casado
1438,57,56+,Graduação,Masculino,Casado
1439,43,36-45,Graduação,Masculino,Outros
1440,46,46-55,Pós-Graduação,Masculino,Solteiro
1441,45,36-45,Graduação,Masculino,Solteiro
1442,52,46-55,Ensino Médio,Feminino,Casado
1443,40,36-45,Ensino Médio,Feminino,Casado
1444,22,18-25,Graduação,Masculino,Solteiro
1445,42,36-45,Graduação,Feminino,Casado
1446,30,26-35,Pós-Graduação,Feminino,Solteiro
1447,31,26-35,Ensino Médio,Masculino,Casado
1448,45,36-45,Pós-Graduação,Masculino,Casado
1449,52,46-55,Outros,Feminino,Casado
1450,38,36-45,Graduação,Feminino,Casado
1451,41,36-45,Graduação,Masculino,Casado
1452,58,56+,Outros,Feminino,Solteiro
1453,40,36-45,Pós-Graduação,Masculino,Casado
1454,69,56+,Graduação,Masculino,Casado
1455,44,36-45,Graduação,Masculino,Outros
1456,18,18-25,Graduação,Masculino,Solteiro
1457,47,46-55,Graduação,Feminino,Casado
1458,42,36-45,Ensino Médio,Feminino,Solteiro
1459,53,46-55,Ensino Médio,Masculino,Outros
1460,46,46-55,Pós-Graduação,Feminino,Casado
1461,36,36-45,Outros,Feminino,Casado
1462,23,18-25,Pós-Graduação,Masculino,Solteiro
1463,35,26-35,Graduação,Feminino,Casado
1464,27,26-35,Graduação,Masculino,Solteiro
1465,31,26-35,Pós-Graduação,Feminino,Outros
1466,45,36-45,Pós-Graduação,Masculino,Outros
1467,58,56+,Outros,Feminino,Casado
1468,42,36-45,Graduação,Masculino,Casado
1469,23,18-25,Pós-Graduação,Feminino,Outros
1470,43,36-45,Pós-Graduação,Feminino,Solteiro
1471,52,46-55,Ensino Médio,Masculino,Casado
1472,30,26-35,Ensino Médio,Masculino,Solteiro
1473,36,36-45,Graduação,Masculino,Casado
1474,38,36-45,Pós-Graduação,Feminino,Casado
1475,28,26-35,Graduação,Masculino,Outros
1476,45,36-45,Pós-Graduação,Feminino,Casado
1477,36,36-45,Pós-Graduação,Masculino,Casado
1478,43,36-45,Graduação,Masculino,Casado
1479,27,26-35,Graduação,Masculino,Solteiro
1480,32,26-35,Graduação,Masculino,Casado
1481,46,46-55,Graduação,Feminino,Solteiro
1482,33,26-35,Outros,Feminino,Solteiro
1483,58,56+,Outros,Masculino,Solteiro
1484,33,26-35,Graduação,Masculino,Casado
1485,40,36-45,Graduação,Masculino,Solteiro
1486,49,46-55,Graduação,Feminino,Casado
1487,20,18-25,Graduação,Masculino,Solteiro
1488,18,18-25,Ensino Médio,Feminino,Casado
1489,19,18-25,Graduação,Feminino,Casado
1490,53,46-55,Ensino Médio,Masculino,Solteiro
1491,31,26-35,Outros,Feminino,Casado
1492,68,56+,Graduação,Masculino,Casado
1493,31,26-35,Graduação,Masculino,Casado
1494,40,36-45,Pós-Graduação,Masculino,Solteiro
1495,56,56+,Graduação,Masculino,Casado
1496,62,56+,Graduação,Masculino,Casado
1497,62,56+,Graduação,Masculino,Casado
1498,52,46-55,Ensino Médio,Masculino,Solteiro
1499,50,46-55,Pós-Graduação,Masculino,Casado
1500,45,36-45,Graduação,Feminino,Casado
1501,47,46-55,Graduação,Feminino,Casado
1502,31,26-35,Ensino Médio,Masculino,Casado
1503,28,26-35,Graduação,Masculino,Solteiro
1504,37,36-45,Ensino Médio,Masculino,Solteiro
1505,35,26-35,Graduação,Feminino,Solteiro
1506,32,26-35,Graduação,Feminino,Casado
1507,46,46-55,Pós-Graduação,Masculino,Outros
1508,49,46-55,Graduação,Masculino,Casado
1509,39,36-45,Ensino Médio,Masculino,Outros
1510,55,46-55,Graduação,Masculino,Casado
1511,24,18-25,Ensino Médio,Feminino,Solteiro
1512,35,26-35,Graduação,Feminino,Casado
1513,29,26-35,Pós-Graduação,Masculino,Casado
1514,18,18-25,Pós-Graduação,Masculino,Solteiro
1515,37,36-45,Graduação,Masculino,Solteiro
1516,36,36-45,Ensino Médio,Masculino,Outros
1517,56,56+,Ensino Médio,Feminino,Solteiro
1518,45,36-45,Graduação,Feminino,Solteiro
1519,25,18-25,Graduação,Masculino,Casado
1520,60,56+,Graduação,Masculino,Outros
1521,52,46-55,Graduação,Feminino,Solteiro
1522,44,36-45,Graduação,Feminino,Solteiro
1523,35,26-35,Pós-Graduação,Masculino,Casado
1524,26,26-35,Pós-Graduação,Masculino,Solteiro
1525,33,26-35,Pós-Graduação,Masculino,Outros
1526,51,46-55,Pós-Graduação,Feminino,Casado
1527,60,56+,Pós-Graduação,Feminino,Casado
1528,56,56+,Graduação,Masculino,Casado
1529,32,26-35,Graduação,Feminino,Solteiro
1530,24,18-25,Outros,Feminino,Casado
1531,39,36-45,Pós-Graduação,Masculino,Casado
1532,18,18-25,Graduação,Masculino,Casado
1533,41,36-45,Graduação,Feminino,Solteiro
1534,36,36-45,Pós-Graduação,Feminino,Casado
1535,32,26-35,Ensino Médio,Feminino,Casado
1536,18,18-25,Pós-Graduação,Feminino,Outros
1537,44,36-45,Outros,Masculino,Outros
1538,31,26-35,Ensino Médio,Masculino,Casado
1539,23,18-25,Graduação,Feminino,Solteiro
1540,18,18-25,Graduação,Masculino,Solteiro
1541,37,36-45,Ensino Médio,Feminino,Casado
1542,59,56+,Graduação,Feminino,Casado
1543,57,56+,Graduação,Feminino,Solteiro
1544,32,26-35,Pós-Graduação,Masculino,Casado
1545,30,26-35,Pós-Graduação,Feminino,Casado
1546,43,36-45,Graduação,Feminino,Solteiro
1547,26,26-35,Graduação,Feminino,Solteiro
1548,41,36-45,Ensino Médio,Masculino,Solteiro
1549,47,46-55,Pós-Graduação,Masculino,Casado
1550,52,46-55,Ensino Médio,Masculino,Solteiro
1551,36,36-45,Graduação,Masculino,Casado
1552,35,26-35,Graduação,Masculino,Solteiro
1553,27,26-35,Graduação,Feminino,Solteiro
1554,28,26-35,Graduação,Feminino,Solteiro
1555,35,26-35,Pós-Graduação,Feminino,Casado
1556,42,36-45,Graduação,Masculino,Solteiro
1557,48,46-55,Ensino Médio,Masculino,Outros
1558,28,26-35,Graduação,Feminino,Solteiro
1559,55,46-55,Graduação,Masculino,Casado
1560,34,26-35,Ensino Médio,Masculino,Solteiro
1561,37,36-45,Ensino Médio,Masculino,Casado
1562,29,26-35,Graduação,Feminino,Outros
1563,18,18-25,Graduação,Feminino,Solteiro
1564,48,46-55,Ensino Médio,Masculino,Casado
1565,46,46-55,Graduação,Feminino,Casado
1566,34,26-35,Graduação,Masculino,Casado
1567,38,36-45,Graduação,Masculino,Outros
1568,44,36-45,Ensino Médio,Feminino,Casado
1569,19,18-25,Pós-Graduação,Feminino,Solteiro
1570,31,26-35,Outros,Feminino,Outros
1571,47,46-55,Pós-Graduação,Feminino,Casado
1572,22,18-25,Ensino Médio,Feminino,Casado
1573,41,36-45,Graduação,Feminino,Solteiro
1574,21,18-25,Graduação,Feminino,Solteiro
1575,43,36-45,Ensino Médio,Feminino,Casado
1576,37,36-45,Graduação,Feminino,Casado
1577,18,18-25,Graduação,Feminino,Solteiro
1578,51,46-55,Pós-Graduação,Masculino,Outros
1579,29,26-35,Pós-Graduação,Feminino,Casado
1580,28,26-35,Graduação,Masculino,Casado
1581,40,36-45,Ensino Médio,Masculino,Casado
1582,51,46-55,Pós-Graduação,Feminino,Solteiro
1583,25,18-25,Pós-Graduação,Masculino,Casado
1584,38,36-45,Graduação,Masculino,Outros
1585,43,36-45,Graduação,Feminino,Casado
1586,46,46-55,Ensino Médio,Masculino,Outros
1587,40,36-45,Pós-Graduação,Masculino,Solteiro
1588,33,26-35,Pós-Graduação,Feminino,Solteiro
1589,28,26-35,Outros,Masculino,Casado
1590,39,36-45,Graduação,Masculino,Solteiro
1591,25,18-25,Ensino Médio,Masculino,Casado
1592,18,18-25,Ensino Médio,Masculino,Casado
1593,43,36-45,Ensino Médio,Feminino,Casado
1594,48,46-55,Pós-Graduação,Feminino,Solteiro
1595,18,18-25,Ensino Médio,Masculino,Solteiro
1596,25,18-25,Ensino Médio,Feminino,Solteiro
1597,45,36-45,Graduação,Feminino,Solteiro
1598,62,56+,Graduação,Masculino,Casado
1599,38,36-45,Graduação,Feminino,Solteiro
1600,29,26-35,Pós-Graduação,Feminino,Solteiro
1601,35,26-35,Graduação,Feminino,Solteiro
1602,54,46-55,Graduação,Masculino,Solteiro
1603,30,26-35,Graduação,Masculino,Outros
1604,28,26-35,Graduação,Masculino,Outros
1605,32,26-35,Graduação,Masculino,Solteiro
1606,26,26-35,Graduação,Feminino,Casado
1607,39,36-45,Outros,Masculino,Solteiro
1608,57,56+,Pós-Graduação,Feminino,Solteiro
1609,41,36-45,Graduação,Masculino,Casado
1610,34,26-35,Pós-Graduação,Masculino,Casado
1611,34,26-35,Graduação,Feminino,Casado
1612,19,18-25,Ensino Médio,Masculino,Solteiro
1613,48,46-55,Outros,Feminino,Casado
1614,37,36-45,Graduação,Masculino,Casado
1615,35,26-35,Outros,Masculino,Solteiro
1616,75,56+,Pós-Graduação,Feminino,Solteiro
1617,41,36-45,Graduação,Feminino,Casado
1618,28,26-35,Pós-Graduação,Masculino,Casado
1619,32,26-35,Ensino Médio,Masculino,Outros
1620,51,46-55,Graduação,Feminino,Solteiro
1621,39,36-45,Ensino Médio,Feminino,Casado
1622,20,18-25,Ensino Médio,Feminino,Outros
1623,49,46-55,Pós-Graduação,Masculino,Casado
1624,29,26-35,Pós-Graduação,Feminino,Outros
1625,60,56+,Ensino Médio,Masculino,Casado
1626,50,46-55,Graduação,Masculino,Casado
1627,32,26-35,Pós-Graduação,Feminino,Casado
1628,53,46-55,Graduação,Masculino,Casado
1629,38,36-45,Graduação,Masculino,Solteiro
1630,48,46-55,Pós-Graduação,Masculino,Solteiro
1631,43,36-45,Graduação,Masculino,Solteiro
1632,27,26-35,Pós-Graduação,Feminino,Casado
1633,30,26-35,Graduação,Feminino,Casado
1634,50,46-55,Ensino Médio,Masculino,Casado
1635,33,26-35,Outros,Masculino,Casado
1636,33,26-35,Graduação,Feminino,Solteiro
1637,26,26-35,Pós-Graduação,Feminino,Casado
1638,43,36-45,Outros,Masculino,Solteiro
1639,62,56+,Graduação,Feminino,Solteiro
1640,25,18-25,Pós-Graduação,Feminino,Casado
1641,38,36-45,Outros,Masculino,Solteiro
1642,54,46-55,Ensino Médio,Masculino,Casado
1643,37,36-45,Ensino Médio,Masculino,Casado
1644,43,36-45,Ensino Médio,Feminino,Solteiro
1645,25,18-25,Graduação,Masculino,Solteiro
1646,43,36-45,Graduação,Masculino,Casado
1647,35,26-35,Ensino Médio,Masculino,Solteiro
1648,49,46-55,Graduação,Feminino,Casado
1649,52,46-55,Graduação,Masculino,Solteiro
1650,69,56+,Ensino Médio,Feminino,Solteiro
1651,44,36-45,Ensino Médio,Feminino,Solteiro
1652,41,36-45,Graduação,Masculino,Solteiro
1653,40,36-45,Ensino Médio,Masculino,Solteiro
1654,33,26-35,Ensino Médio,Masculino,Casado
1655,42,36-45,Ensino Médio,Feminino,Casado
1656,34,26-35,Graduação,Masculino,Outros
1657,40,36-45,Graduação,Masculino,Casado
1658,53,46-55,Graduação,Masculino,Solteiro
1659,25,18-25,Pós-Graduação,Masculino,Solteiro
1660,51,46-55,Graduação,Feminino,Solteiro
1661,53,46-55,Graduação,Feminino,Solteiro
1662,36,36-45,Graduação,Feminino,Solteiro
1663,18,18-25,Outros,Masculino,Solteiro
1664,30,26-35,Pós-Graduação,Masculino,Solteiro
1665,53,46-55,Ensino Médio,Feminino,Solteiro
1666,37,36-45,Ensino Médio,Masculino,Casado
1667,26,26-35,Pós-Graduação,Feminino,Solteiro
1668,31,26-35,Outros,Masculino,Solteiro
1669,48,46-55,Graduação,Masculino,Outros
1670,44,36-45,Graduação,Feminino,Casado
1671,35,26-35,Ensino Médio,Feminino,Casado
1672,33,26-35,Graduação,Feminino,Outros
1673,33,26-35,Ensino Médio,Masculino,Solteiro
1674,26,26-35,Pós-Graduação,Masculino,Casado
1675,57,56+,Ensino Médio,Feminino,Solteiro
1676,34,26-35,Graduação,Feminino,Outros
1677,52,46-55,Graduação,Feminino,Solteiro
1678,56,56+,Graduação,Masculino,Solteiro
1679,49,46-55,Ensino Médio,Feminino,Casado
1680,32,26-35,Ensino Médio,Feminino,Outros
1681,42,36-45,Graduação,Feminino,Solteiro
1682,37,36-45,Graduação,Feminino,Outros
1683,27,26-35,Graduação,Masculino,Casado
1684,41,36-45,Ensino Médio,Feminino,Casado
1685,23,18-25,Graduação,Feminino,Solteiro
1686,52,46-55,Ensino Médio,Feminino,Casado
1687,32,26-35,Ensino Médio,Feminino,Solteiro
1688,40,36-45,Graduação,Feminino,Outros
1689,41,36-45,Graduação,Feminino,Solteiro
1690,34,26-35,Graduação,Masculino,Outros
1691,45,36-45,Ensino Médio,Masculino,Solteiro
1692,32,26-35,Graduação,Masculino,Solteiro
1693,48,46-55,Graduação,Masculino,Solteiro
1694,21,18-25,Ensino Médio,Masculino,Solteiro
1695,39,36-45,Graduação,Masculino,Solteiro
1696,61,56+,Graduação,Masculino,Solteiro
1697,25,18-25,Graduação,Masculino,Solteiro
1698,29,26-35,Pós-Graduação,Masculino,Casado
1699,44,36-45,Ensino Médio,Masculino,Solteiro
1700,40,36-45,Pós-Graduação,Feminino,Outros
1701,42,36-45,Graduação,Feminino,Solteiro
1702,43,36-45,Ensino Médio,Masculino,Solteiro
1703,45,36-45,Graduação,Feminino,Solteiro
1704,51,46-55,Outros,Feminino,Solteiro
1705,42,36-45,Outros,Masculino,Solteiro
1706,35,26-35,Graduação,Feminino,Outros
1707,46,46-55,Pós-Graduação,Feminino,Casado
1708,60,56+,Ensino Médio,Feminino,Casado
1709,36,36-45,Graduação,Masculino,Solteiro
1710,26,26-35,Pós-Graduação,Feminino,Solteiro
1711,51,46-55,Ensino Médio,Masculino,Solteiro
1712,36,36-45,Pós-Graduação,Feminino,Casado
1713,18,18-25,Ensino Médio,Feminino,Casado
1714,48,46-55,Pós-Graduação,Masculino,Outros
1715,31,26-35,Pós-Graduação,Feminino,Casado
1716,36,36-45,Pós-Graduação,Masculino,Solteiro
1717,41,36-45,Outros,Feminino,Solteiro
1718,40,36-45,Ensino Médio,Feminino,Solteiro
1719,46,46-55,Ensino Médio,Masculino,Casado
1720,32,26-35,Graduação,Feminino,Solteiro
1721,44,36-45,Graduação,Masculino,Outros
1722,34,26-35,Graduação,Masculino,Casado
1723,46,46-55,Graduação,Feminino,Casado
1724,45,36-45,Graduação,Masculino,Casado
1725,26,26-35,Graduação,Feminino,Casado
1726,51,46-55,Graduação,Masculino,Outros
1727,31,26-35,Outros,Masculino,Solteiro
1728,47,46-55,Pós-Graduação,Feminino,Outros
1729,42,36-45,Outros,Masculino,Solteiro
1730,60,56+,Pós-Graduação,Feminino,Solteiro
1731,35,26-35,Graduação,Feminino,Casado
1732,33,26-35,Graduação,Feminino,Solteiro
1733,37,36-45,Graduação,Feminino,Solteiro
1734,34,26-35,Graduação,Feminino,Outros
1735,47,46-55,Graduação,Masculino,Solteiro
1736,18,18-25,Graduação,Feminino,Outros
1737,25,18-25,Ensino Médio,Masculino,Solteiro
1738,25,18-25,Ensino Médio,Feminino,Solteiro
1739,49,46-55,Ensino Médio,Feminino,Casado
1740,58,56+,Graduação,Feminino,Solteiro
1741,36,36-45,Graduação,Feminino,Solteiro
1742,35,26-35,Graduação,Feminino,Casado
1743,38,36-45,Graduação,Feminino,Casado
1744,51,46-55,Graduação,Feminino,Solteiro
1745,26,26-35,Graduação,Masculino,Casado
1746,40,36-45,Pós-Graduação,Masculino,Solteiro
1747,49,46-55,Graduação,Masculino,Solteiro
1748,44,36-45,Pós-Graduação,Feminino,Outros
1749,40,36-45,Ensino Médio,Masculino,Solteiro
1750,50,46-55,Ensino Médio,Masculino,Solteiro
1751,18,18-25,Outros,Masculino,Casado
1752,46,46-55,Ensino Médio,Feminino,Casado
1753,30,26-35,Pós-Graduação,Feminino,Casado
1754,18,18-25,Ensino Médio,Masculino,Casado
1755,44,36-45,Ensino Médio,Masculino,Outros
1756,54,46-55,Graduação,Masculino,Solteiro
1757,36,36-45,Graduação,Masculino,Casado
1758,49,46-55,Outros,Masculino,Casado
1759,57,56+,Graduação,Feminino,Solteiro
1760,53,46-55,Outros,Feminino,Solteiro
1761,57,56+,Pós-Graduação,Masculino,Casado
1762,46,46-55,Pós-Graduação,Masculino,Outros
1763,38,36-45,Graduação,Masculino,Casado
1764,18,18-25,Graduação,Masculino,Casado
1765,35,26-35,Ensino Médio,Masculino,Casado
1766,27,26-35,Outros,Masculino,Solteiro
1767,64,56+,Graduação,Masculino,Casado
1768,35,26-35,Pós-Graduação,Feminino,Casado
1769,39,36-45,Ensino Médio,Feminino,Casado
1770,44,36-45,Graduação,Feminino,Solteiro
1771,38,36-45,Pós-Graduação,Masculino,Casado
1772,58,56+,Graduação,Feminino,Casado
1773,30,26-35,Ensino Médio,Feminino,Casado
1774,40,36-45,Ensino Médio,Masculino,Casado
1775,29,26-35,Graduação,Masculino,Solteiro
1776,22,18-25,Graduação,Feminino,Casado
1777,30,26-35,Outros,Masculino,Casado
1778,37,36-45,Ensino Médio,Masculino,Solteiro
1779,32,26-35,Graduação,Feminino,Casado
1780,29,26-35,Graduação,Feminino,Casado
1781,21,18-25,Ensino Médio,Masculino,Casado
1782,37,36-45,Graduação,Feminino,Outros
1783,19,18-25,Pós-Graduação,Feminino,Solteiro
1784,47,46-55,Graduação,Masculino,Solteiro
1785,38,36-45,Graduação,Feminino,Outros
1786,20,18-25,Graduação,Masculino,Outros
1787,34,26-35,Pós-Graduação,Masculino,Solteiro
1788,28,26-35,Ensino Médio,Feminino,Solteiro
1789,41,36-45,Graduação,Masculino,Casado
1790,54,46-55,Pós-Graduação,Masculino,Casado
1791,18,18-25,Pós-Graduação,Masculino,Solteiro
1792,39,36-45,Outros,Feminino,Outros
1793,36,36-45,Ensino Médio,Feminino,Solteiro
1794,46,46-55,Graduação,Masculino,Solteiro
1795,40,36-45,Ensino Médio,Feminino,Solteiro
1796,28,26-35,Graduação,Masculino,Casado
1797,34,26-35,Outros,Feminino,Casado
1798,28,26-35,Graduação,Masculino,Solteiro
1799,50,46-55,Ensino Médio,Feminino,Casado
1800,38,36-45,Pós-Graduação,Feminino,Solteiro
1801,60,56+,Graduação,Feminino,Outros
1802,37,36-45,Outros,Masculino,Outros
1803,29,26-35,Graduação,Feminino,Casado
1804,19,18-25,Graduação,Masculino,Outros
1805,18,18-25,Pós-Graduação,Feminino,Casado
1806,18,18-25,Ensino Médio,Masculino,Casado
1807,41,36-45,Graduação,Masculino,Solteiro
1808,44,36-45,Graduação,Masculino,Casado
1809,19,18-25,Outros,Masculino,Casado
1810,48,46-55,Pós-Graduação,Feminino,Casado
1811,32,26-35,Graduação,Feminino,Solteiro
1812,39,36-45,Outros,Feminino,Casado
1813,57,56+,Graduação,Feminino,Solteiro
1814,48,46-55,Graduação,Feminino,Solteiro
1815,34,26-35,Graduação,Masculino,Solteiro
1816,27,26-35,Ensino Médio,Masculino,Outros
1817,18,18-25,Pós-Graduação,Masculino,Casado
1818,29,26-35,Outros,Masculino,Casado
1819,35,26-35,Ensino Médio,Masculino,Casado
1820,26,26-35,Pós-Graduação,Masculino,Casado
1821,36,36-45,Ensino Médio,Masculino,Solteiro
1822,38,36-45,Graduação,Masculino,Casado
1823,35,26-35,Graduação,Feminino,Casado
1824,30,26-35,Ensino Médio,Masculino,Solteiro
1825,40,36-45,Outros,Feminino,Solteiro
1826,43,36-45,Pós-Graduação,Feminino,Solteiro
1827,24,18-25,Graduação,Feminino,Solteiro
1828,54,46-55,Graduação,Masculino,Solteiro
1829,36,36-45,Graduação,Masculino,Solteiro
1830,38,36-45,Graduação,Masculino,Casado
1831,46,46-55,Pós-Graduação,Masculino,Outros
1832,40,36-45,Ensino Médio,Masculino,Solteiro
1833,49,46-55,Graduação,Feminino,Casado
1834,41,36-45,Pós-Graduação,Feminino,Casado
1835,30,26-35,Ensino Médio,Feminino,Solteiro
1836,42,36-45,Ensino Médio,Masculino,Outros
1837,24,18-25,Graduação,Masculino,Casado
1838,39,36-45,Graduação,Feminino,Casado
1839,37,36-45,Graduação,Masculino,Outros
1840,35,26-35,Graduação,Feminino,Outros
1841,36,36-45,Graduação,Feminino,Casado
1842,18,18-25,Ensino Médio,Masculino,Casado
1843,31,26-35,Pós-Graduação,Masculino,Solteiro
1844,39,36-45,Pós-Graduação,Masculino,Casado
1845,39,36-45,Pós-Graduação,Masculino,Outros
1846,25,18-25,Pós-Graduação,Masculino,Casado
1847,53,46-55,Pós-Graduação,Masculino,Casado
1848,27,26-35,Outros,Masculino,Casado
1849,49,46-55,Graduação,Masculino,Casado
1850,43,36-45,Pós-Graduação,Feminino,Casado
1851,30,26-35,Graduação,Masculino,Casado
1852,59,56+,Outros,Feminino,Solteiro
1853,23,18-25,Graduação,Feminino,Casado
1854,49,46-55,Graduação,Feminino,Outros
1855,50,46-55,Ensino Médio,Feminino,Casado
1856,29,26-35,Graduação,Masculino,Solteiro
1857,54,46-55,Graduação,Masculino,Casado
1858,34,26-35,Graduação,Feminino,Casado
1859,41,36-45,Graduação,Feminino,Solteiro
1860,41,36-45,Graduação,Feminino,Solteiro
1861,36,36-45,Ensino Médio,Feminino,Solteiro
1862,47,46-55,Graduação,Masculino,Solteiro
1863,47,46-55,Graduação,Masculino,Solteiro
1864,18,18-25,Pós-Graduação,Masculino,Casado
1865,53,46-55,Pós-Graduação,Masculino,Outros
1866,18,18-25,Graduação,Masculino,Solteiro
1867,50,46-55,Outros,Feminino,Outros
1868,51,46-55,Graduação,Feminino,Solteiro
1869,24,18-25,Ensino Médio,Masculino,Casado
1870,33,26-35,Graduação,Feminino,Casado
1871,24,18-25,Pós-Graduação,Feminino,Solteiro
1872,35,26-35,Pós-Graduação,Feminino,Solteiro
1873,34,26-35,Graduação,Masculino,Solteiro
1874,47,46-55,Pós-Graduação,Feminino,Solteiro
1875,53,46-55,Pós-Graduação,Feminino,Casado
1876,54,46-55,Ensino Médio,Masculino,Casado
1877,31,26-35,Pós-Graduação,Masculino,Casado
1878,35,26-35,Graduação,Feminino,Solteiro
1879,18,18-25,Graduação,Masculino,Solteiro
1880,28,26-35,Graduação,Masculino,Casado
1881,49,46-55,Graduação,Masculino,Solteiro
1882,57,56+,Graduação,Feminino,Casado
1883,23,18-25,Graduação,Feminino,Casado
1884,30,26-35,Ensino Médio,Masculino,Solteiro
1885,37,36-45,Ensino Médio,Masculino,Casado
1886,41,36-45,Pós-Graduação,Feminino,Solteiro
1887,28,26-35,Pós-Graduação,Feminino,Solteiro
1888,43,36-45,Ensino Médio,Feminino,Solteiro
1889,32,26-35,Graduação,Masculino,Casado
1890,37,36-45,Graduação,Masculino,Solteiro
1891,44,36-45,Graduação,Masculino,Solteiro
1892,38,36-45,Pós-Graduação,Feminino,Solteiro
1893,32,26-35,Graduação,Masculino,Solteiro
1894,36,36-45,Graduação,Masculino,Casado
1895,36,36-45,Graduação,Masculino,Casado
1896,33,26-35,Graduação,Masculino,Solteiro
1897,34,26-35,Ensino Médio,Feminino,Solteiro
1898,57,56+,Graduação,Masculino,Casado
1899,44,36-45,Pós-Graduação,Feminino,Casado
1900,34,26-35,Graduação,Feminino,Solteiro
1901,46,46-55,Ensino Médio,Masculino,Casado
1902,33,26-35,Ensino Médio,Feminino,Casado
1903,52,46-55,Graduação,Feminino,Casado
1904,42,36-45,Pós-Graduação,Feminino,Casado
1905,36,36-45,Ensino Médio,Masculino,Solteiro
1906,43,36-45,Ensino Médio,Masculino,Casado
1907,19,18-25,Pós-Graduação,Masculino,Casado
1908,24,18-25,Graduação,Feminino,Casado
1909,23,18-25,Graduação,Feminino,Casado
1910,39,36-45,Ensino Médio,Feminino,Solteiro
1911,58,56+,Graduação,Masculino,Casado
1912,64,56+,Graduação,Masculino,Solteiro
1913,45,36-45,Outros,Feminino,Casado
1914,44,36-45,Ensino Médio,Masculino,Casado
1915,18,18-25,Outros,Feminino,Casado
1916,31,26-35,Outros,Masculino,Casado
1917,28,26-35,Pós-Graduação,Masculino,Solteiro
1918,30,26-35,Graduação,Masculino,Solteiro
1919,35,26-35,Graduação,Masculino,Solteiro
1920,32,26-35,Ensino Médio,Masculino,Casado
1921,18,18-25,Graduação,Masculino,Casado
1922,46,46-55,Outros,Masculino,Casado
1923,25,18-25,Graduação,Masculino,Solteiro
1924,40,36-45,Ensino Médio,Masculino,Casado
1925,62,56+,Pós-Graduação,Feminino,Casado
1926,26,26-35,Pós-Graduação,Masculino,Casado
1927,18,18-25,Ensino Médio,Feminino,Casado
1928,34,26-35,Pós-Graduação,Feminino,Outros
1929,51,46-55,Ensino Médio,Feminino,Solteiro
1930,61,56+,Pós-Graduação,Feminino,Solteiro
1931,23,18-25,Ensino Médio,Masculino,Solteiro
1932,43,36-45,Graduação,Feminino,Solteiro
1933,32,26-35,Graduação,Feminino,Casado
1934,36,36-45,Ensino Médio,Feminino,Solteiro
1935,69,56+,Graduação,Masculino,Casado
1936,19,18-25,Pós-Graduação,Masculino,Casado
1937,41,36-45,Pós-Graduação,Masculino,Solteiro
1938,43,36-45,Graduação,Feminino,Solteiro
1939,51,46-55,Graduação,Feminino,Solteiro
1940,39,36-45,Ensino Médio,Masculino,Solteiro
1941,41,36-45,Graduação,Feminino,Casado
1942,33,26-35,Graduação,Feminino,Casado
1943,41,36-45,Graduação,Masculino,Casado
1944,33,26-35,Pós-Graduação,Feminino,Solteiro
1945,45,36-45,Graduação,Feminino,Outros
1946,33,26-35,Outros,Masculino,Casado
1947,42,36-45,Ensino Médio,Feminino,Casado
1948,37,36-45,Graduação,Masculino,Solteiro
1949,51,46-55,Graduação,Feminino,Solteiro
1950,37,36-45,Ensino Médio,Feminino,Solteiro
1951,18,18-25,Graduação,Feminino,Casado
1952,53,46-55,Pós-Graduação,Masculino,Outros
1953,27,26-35,Pós-Graduação,Masculino,Solteiro
1954,30,26-35,Graduação,Masculino,Casado
1955,30,26-35,Outros,Feminino,Outros
1956,54,46-55,Ensino Médio,Masculino,Solteiro
1957,18,18-25,Pós-Graduação,Feminino,Casado
1958,75,56+,Pós-Graduação,Masculino,Solteiro
1959,50,46-55,Ensino Médio,Masculino,Solteiro
1960,40,36-45,Ensino Médio,Masculino,Solteiro
1961,37,36-45,Graduação,Feminino,Casado
1962,41,36-45,Graduação,Feminino,Outros
1963,44,36-45,Pós-Graduação,Masculino,Casado
1964,45,36-45,Ensino Médio,Masculino,Solteiro
1965,44,36-45,Ensino Médio,Masculino,Solteiro
1966,39,36-45,Graduação,Masculino,Casado
1967,35,26-35,Ensino Médio,Feminino,Casado
1968,36,36-45,Graduação,Feminino,Outros
1969,35,26-35,Pós-Graduação,Feminino,Casado
1970,51,46-55,Graduação,Feminino,Solteiro
1971,45,36-45,Pós-Graduação,Feminino,Solteiro
1972,18,18-25,Graduação,Feminino,Solteiro
1973,45,36-45,Graduação,Feminino,Solteiro
1974,40,36-45,Graduação,Masculino,Casado
1975,37,36-45,Graduação,Masculino,Casado
1976,33,26-35,Graduação,Masculino,Solteiro
1977,51,46-55,Pós-Graduação,Masculino,Solteiro
1978,49,46-55,Graduação,Feminino,Casado
1979,28,26-35,Graduação,Masculino,Outros
1980,42,36-45,Graduação,Masculino,Solteiro
1981,26,26-35,Ensino Médio,Masculino,Casado
1982,21,18-25,Ensino Médio,Masculino,Outros
1983,30,26-35,Ensino Médio,Feminino,Solteiro
1984,48,46-55,Graduação,Feminino,Casado
1985,49,46-55,Pós-Graduação,Feminino,Casado
1986,44,36-45,Ensino Médio,Masculino,Solteiro
1987,46,46-55,Graduação,Feminino,Solteiro
1988,44,36-45,Graduação,Masculino,Casado
1989,30,26-35,Pós-Graduação,Feminino,Casado
1990,43,36-45,Ensino Médio,Masculino,Casado
1991,47,46-55,Pós-Graduação,Masculino,Solteiro
1992,47,46-55,Outros,Masculino,Casado
1993,52,46-55,Ensino Médio,Masculino,Casado
1994,46,46-55,Graduação,Feminino,Solteiro
1995,42,36-45,Ensino Médio,Masculino,Solteiro
1996,50,46-55,Graduação,Masculino,Solteiro
1997,37,36-45,Ensino Médio,Masculino,Casado
1998,27,26-35,Graduação,Feminino,Casado
1999,36,36-45,Ensino Médio,Masculino,Casado
2000,29,26-35,Graduação,Feminino,Outros
2001,29,26-35,Outros,Feminino,Solteiro
2002,36,36-45,Graduação,Masculino,Casado
2003,28,26-35,Graduação,Masculino,Casado
2004,34,26-35,Ensino Médio,Masculino,Solteiro
2005,18,18-25,Ensino Médio,Feminino,Solteiro
2006,40,36-45,Graduação,Masculino,Solteiro
2007,38,36-45,Pós-Graduação,Masculino,Solteiro
2008,28,26-35,Graduação,Feminino,Solteiro
2009,45,36-45,Outros,Feminino,Solteiro
2010,49,46-55,Ensino Médio,Masculino,Solteiro
2011,18,18-25,Ensino Médio,Feminino,Solteiro
2012,28,26-35,Pós-Graduação,Masculino,Solteiro
2013,28,26-35,Graduação,Masculino,Outros
2014,26,26-35,Graduação,Masculino,Casado
2015,47,46-55,Ensino Médio,Feminino,Casado
2016,35,26-35,Pós-Graduação,Masculino,Outros
2017,34,26-35,Ensino Médio,Feminino,Solteiro
2018,18,18-25,Graduação,Feminino,Outros
2019,45,36-45,Pós-Graduação,Masculino,Casado
2020,23,18-25,Graduação,Feminino,Solteiro
2021,38,36-45,Graduação,Masculino,Casado
2022,41,36-45,Graduação,Feminino,Solteiro
2023,54,46-55,Pós-Graduação,Feminino,Casado
2024,22,18-25,Pós-Graduação,Masculino,Casado
2025,18,18-25,Ensino Médio,Masculino,Casado
2026,40,36-45,Pós-Graduação,Masculino,Solteiro
2027,59,56+,Graduação,Masculino,Casado
2028,52,46-55,Graduação,Masculino,Casado
2029,40,36-45,Graduação,Masculino,Casado
2030,32,26-35,Ensino Médio,Feminino,Casado
2031,47,46-55,Graduação,Masculino,Outros
2032,26,26-35,Ensino Médio,Feminino,Casado
2033,43,36-45,Graduação,Feminino,Casado
2034,44,36-45,Pós-Graduação,Masculino,Solteiro
2035,50,46-55,Pós-Graduação,Feminino,Solteiro
2036,71,56+,Graduação,Masculino,Solteiro
2037,42,36-45,Graduação,Masculino,Solteiro
2038,31,26-35,Ensino Médio,Feminino,Outros
2039,37,36-45,Graduação,Masculino,Casado
2040,18,18-25,Graduação,Feminino,Outros
2041,29,26-35,Pós-Graduação,Feminino,Solteiro
2042,33,26-35,Graduação,Feminino,Solteiro
2043,31,26-35,Graduação,Feminino,Solteiro
2044,39,36-45,Graduação,Feminino,Solteiro
2045,28,26-35,Graduação,Masculino,Casado
2046,51,46-55,Pós-Graduação,Masculino,Casado
2047,38,36-45,Ensino Médio,Feminino,Outros
2048,37,36-45,Ensino Médio,Masculino,Solteiro
2049,34,26-35,Graduação,Masculino,Casado
2050,39,36-45,Graduação,Masculino,Solteiro
2051,47,46-55,Outros,Feminino,Solteiro
2052,27,26-35,Graduação,Masculino,Casado
2053,30,26-35,Graduação,Feminino,Solteiro
2054,34,26-35,Pós-Graduação,Masculino,Solteiro
2055,21,18-25,Graduação,Masculino,Casado
2056,28,26-35,Pós-Graduação,Masculino,Outros
2057,32,26-35,Outros,Masculino,Casado
2058,48,46-55,Ensino Médio,Feminino,Solteiro
2059,41,36-45,Ensino Médio,Masculino,Casado
2060,40,36-45,Ensino Médio,Masculino,Solteiro
2061,48,46-55,Graduação,Feminino,Casado
2062,36,36-45,Graduação,Masculino,Casado
2063,42,36-45,Ensino Médio,Masculino,Solteiro
2064,36,36-45,Outros,Masculino,Casado
2065,41,36-45,Graduação,Feminino,Solteiro
2066,31,26-35,Outros,Feminino,Solteiro
2067,18,18-25,Graduação,Masculino,Outros
2068,36,36-45,Graduação,Masculino,Solteiro
2069,55,46-55,Graduação,Masculino,Casado
2070,49,46-55,Graduação,Masculino,Casado
2071,49,46-55,Pós-Graduação,Feminino,Outros
2072,52,46-55,Graduação,Feminino,Solteiro
2073,39,36-45,Graduação,Masculino,Casado
2074,40,36-45,Graduação,Feminino,Solteiro
2075,30,26-35,Graduação,Masculino,Solteiro
2076,34,26-35,Outros,Masculino,Outros
2077,45,36-45,Graduação,Masculino,Outros
2078,52,46-55,Graduação,Masculino,Outros
2079,36,36-45,Pós-Graduação,Feminino,Solteiro
2080,32,26-35,Pós-Graduação,Masculino,Outros
2081,38,36-45,Ensino Médio,Masculino,Casado
2082,45,36-45,Graduação,Feminino,Solteiro
2083,20,18-25,Ensino Médio,Feminino,Solteiro
2084,18,18-25,Pós-Graduação,Feminino,Outros
2085,31,26-35,Graduação,Feminino,Solteiro
2086,23,18-25,Graduação,Masculino,Casado
2087,31,26-35,Graduação,Feminino,Solteiro
2088,36,36-45,Pós-Graduação,Feminino,Solteiro
2089,32,26-35,Pós-Graduação,Feminino,Casado
2090,55,46-55,Graduação,Feminino,Casado
2091,41,36-45,Pós-Graduação,Masculino,Solteiro
2092,41,36-45,Outros,Feminino,Casado
2093,45,36-45,Graduação,Masculino,Casado
2094,24,18-25,Pós-Graduação,Masculino,Casado
2095,50,46-55,Pós-Graduação,Masculino,Outros
2096,37,36-45,Graduação,Feminino,Solteiro
2097,46,46-55,Pós-Graduação,Masculino,Casado
2098,25,18-25,Ensino Médio,Feminino,Solteiro
2099,19,18-25,Outros,Masculino,Solteiro
2100,47,46-55,Graduação,Feminino,Casado
2101,42,36-45,Graduação,Masculino,Casado
2102,27,26-35,Pós-Graduação,Feminino,Solteiro
2103,27,26-35,Graduação,Feminino,Solteiro
2104,51,46-55,Graduação,Masculino,Solteiro
2105,23,18-25,Graduação,Masculino,Casado
2106,57,56+,Graduação,Feminino,Casado
2107,27,26-35,Ensino Médio,Feminino,Outros
2108,45,36-45,Graduação,Feminino,Casado
2109,34,26-35,Pós-Graduação,Masculino,Solteiro
2110,45,36-45,Ensino Médio,Feminino,Casado
2111,31,26-35,Graduação,Masculino,Casado
2112,36,36-45,Ensino Médio,Feminino,Casado
2113,38,36-45,Pós-Graduação,Feminino,Casado
2114,25,18-25,Ensino Médio,Masculino,Casado
2115,46,46-55,Ensino Médio,Feminino,Casado
2116,31,26-35,Pós-Graduação,Feminino,Solteiro
2117,35,26-35,Ensino Médio,Feminino,Solteiro
2118,26,26-35,Graduação,Masculino,Casado
2119,18,18-25,Outros,Masculino,Outros
2120,35,26-35,Pós-Graduação,Feminino,Casado
2121,66,56+,Graduação,Masculino,Casado
2122,47,46-55,Graduação,Masculino,Solteiro
2123,37,36-45,Outros,Feminino,Solteiro
2124,34,26-35,Graduação,Masculino,Solteiro
2125,38,36-45,Outros,Feminino,Casado
2126,44,36-45,Outros,Masculino,Solteiro
2127,23,18-25,Graduação,Masculino,Solteiro
2128,51,46-55,Ensino Médio,Feminino,Casado
2129,46,46-55,Outros,Feminino,Casado
2130,46,46-55,Graduação,Feminino,Solteiro
2131,43,36-45,Graduação,Feminino,Solteiro
2132,38,36-45,Graduação,Feminino,Casado
2133,46,46-55,Graduação,Masculino,Casado
2134,45,36-45,Pós-Graduação,Masculino,Casado
2135,33,26-35,Graduação,Masculino,Solteiro
2136,31,26-35,Graduação,Feminino,Solteiro
2137,39,36-45,Graduação,Masculino,Casado
2138,56,56+,Pós-Graduação,Masculino,Casado
2139,23,18-25,Ensino Médio,Masculino,Outros
2140,20,18-25,Ensino Médio,Masculino,Solteiro
2141,39,36-45,Pós-Graduação,Masculino,Solteiro
2142,38,36-45,Ensino Médio,Feminino,Casado
2143,40,36-45,Ensino Médio,Masculino,Solteiro
2144,40,36-45,Outros,Feminino,Solteiro
2145,35,26-35,Pós-Graduação,Feminino,Casado
2146,55,46-55,Graduação,Masculino,Outros
2147,18,18-25,Outros,Feminino,Outros
2148,28,26-35,Outros,Masculino,Solteiro
2149,36,36-45,Ensino Médio,Feminino,Solteiro
2150,18,18-25,Ensino Médio,Feminino,Solteiro
2151,35,26-35,Pós-Graduação,Feminino,Casado
2152,57,56+,Graduação,Feminino,Casado
2153,38,36-45,Graduação,Masculino,Solteiro
2154,40,36-45,Pós-Graduação,Masculino,Solteiro
2155,22,18-25,Ensino Médio,Feminino,Outros
2156,30,26-35,Pós-Graduação,Masculino,Casado
2157,33,26-35,Graduação,Masculino,Solteiro
2158,34,26-35,Outros,Masculino,Solteiro
2159,53,46-55,Pós-Graduação,Feminino,Solteiro
2160,44,36-45,Outros,Masculino,Outros
2161,24,18-25,Outros,Feminino,Outros
2162,40,36-45,Graduação,Masculino,Casado
2163,43,36-45,Pós-Graduação,Masculino,Casado
2164,51,46-55,Graduação,Feminino,Casado
2165,56,56+,Graduação,Masculino,Solteiro
2166,25,18-25,Graduação,Feminino,Casado
2167,28,26-35,Graduação,Masculino,Solteiro
2168,22,18-25,Outros,Masculino,Casado
2169,35,26-35,Pós-Graduação,Masculino,Solteiro
2170,43,36-45,Ensino Médio,Feminino,Solteiro
2171,49,46-55,Pós-Graduação,Feminino,Solteiro
2172,37,36-45,Graduação,Feminino,Solteiro
2173,34,26-35,Outros,Masculino,Casado
2174,39,36-45,Graduação,Feminino,Casado
2175,27,26-35,Pós-Graduação,Masculino,Solteiro
2176,63,56+,Ensino Médio,Feminino,Solteiro
2177,18,18-25,Ensino Médio,Feminino,Outros
2178,40,36-45,Ensino Médio,Feminino,Outros
2179,62,56+,Graduação,Masculino,Solteiro
2180,38,36-45,Graduação,Feminino,Casado
2181,35,26-35,Outros,Masculino,Solteiro
2182,33,26-35,Outros,Feminino,Casado
2183,35,26-35,Graduação,Masculino,Casado
2184,54,46-55,Ensino Médio,Masculino,Casado
2185,18,18-25,Graduação,Masculino,Casado
2186,56,56+,Graduação,Masculino,Casado
2187,20,18-25,Pós-Graduação,Masculino,Solteiro
2188,34,26-35,Graduação,Feminino,Outros
2189,32,26-35,Graduação,Feminino,Casado
2190,45,36-45,Pós-Graduação,Feminino,Outros
2191,18,18-25,Graduação,Feminino,Casado
2192,43,36-45,Ensino Médio,Masculino,Casado
2193,62,56+,Ensino Médio,Feminino,Solteiro
2194,21,18-25,Graduação,Masculino,Solteiro
2195,40,36-45,Outros,Feminino,Casado
2196,30,26-35,Pós-Graduação,Masculino,Casado
2197,43,36-45,Graduação,Masculino,Solteiro
2198,38,36-45,Ensino Médio,Masculino,Casado
2199,30,26-35,Graduação,Masculino,Solteiro
2200,43,36-45,Graduação,Masculino,Solteiro
2201,59,56+,Pós-Graduação,Masculino,Casado
2202,35,26-35,Ensino Médio,Feminino,Outros
2203,46,46-55,Graduação,Feminino,Casado
2204,22,18-25,Ensino Médio,Masculino,Solteiro
2205,26,26-35,Graduação,Masculino,Solteiro
2206,43,36-45,Ensino Médio,Feminino,Outros
2207,55,46-55,Ensino Médio,Masculino,Solteiro
2208,42,36-45,Ensino Médio,Feminino,Solteiro
2209,34,26-35,Graduação,Masculino,Casado
2210,37,36-45,Graduação,Feminino,Solteiro
2211,22,18-25,Ensino Médio,Feminino,Solteiro
2212,45,36-45,Graduação,Feminino,Casado
2213,48,46-55,Graduação,Feminino,Solteiro
2214,32,26-35,Pós-Graduação,Masculino,Casado
2215,32,26-35,Outros,Masculino,Outros
2216,41,36-45,Pós-Graduação,Feminino,Solteiro
2217,32,26-35,Graduação,Feminino,Solteiro
2218,37,36-45,Graduação,Masculino,Solteiro
2219,63,56+,Graduação,Feminino,Casado
2220,35,26-35,Ensino Médio,Masculino,Outros
2221,33,26-35,Pós-Graduação,Masculino,Casado
2222,30,26-35,Graduação,Feminino,Solteiro
2223,46,46-55,Ensino Médio,Masculino,Solteiro
2224,35,26-35,Ensino Médio,Masculino,Outros
2225,30,26-35,Pós-Graduação,Masculino,Solteiro
2226,53,46-55,Ensino Médio,Masculino,Solteiro
2227,55,46-55,Ensino Médio,Feminino,Casado
2228,30,26-35,Ensino Médio,Feminino,Casado
2229,18,18-25,Graduação,Masculino,Casado
2230,50,46-55,Graduação,Masculino,Outros
2231,29,26-35,Outros,Masculino,Solteiro
2232,47,46-55,Ensino Médio,Masculino,Solteiro
2233,18,18-25,Graduação,Feminino,Solteiro
2234,48,46-55,Graduação,Feminino,Solteiro
2235,23,18-25,Graduação,Masculino,Casado
2236,46,46-55,Graduação,Masculino,Casado
2237,38,36-45,Graduação,Feminino,Casado
2238,26,26-35,Graduação,Feminino,Solteiro
2239,33,26-35,Ensino Médio,Feminino,Casado
2240,46,46-55,Pós-Graduação,Feminino,Solteiro
2241,39,36-45,Ensino Médio,Masculino,Solteiro
2242,45,36-45,Pós-Graduação,Masculino,Solteiro
2243,61,56+,Graduação,Feminino,Casado
2244,19,18-25,Pós-Graduação,Feminino,Casado
2245,57,56+,Graduação,Masculino,Casado
2246,39,36-45,Ensino Médio,Masculino,Solteiro
2247,27,26-35,Ensino Médio,Masculino,Casado
2248,22,18-25,Graduação,Feminino,Solteiro
2249,35,26-35,Graduação,Masculino,Solteiro
2250,49,46-55,Graduação,Masculino,Casado
2251,36,36-45,Ensino Médio,Feminino,Solteiro
2252,56,56+,Ensino Médio,Masculino,Solteiro
2253,20,18-25,Graduação,Masculino,Solteiro
2254,37,36-45,Ensino Médio,Masculino,Casado
2255,22,18-25,Ensino Médio,Masculino,Casado
2256,42,36-45,Pós-Graduação,Masculino,Casado
2257,48,46-55,Graduação,Feminino,Casado
2258,32,26-35,Outros,Feminino,Solteiro
2259,18,18-25,Ensino Médio,Masculino,Solteiro
2260,40,36-45,Graduação,Masculino,Outros
2261,43,36-45,Graduação,Feminino,Casado
2262,42,36-45,Graduação,Masculino,Casado
2263,52,46-55,Graduação,Masculino,Solteiro
2264,25,18-25,Ensino Médio,Feminino,Casado
2265,46,46-55,Graduação,Masculino,Casado
2266,52,46-55,Ensino Médio,Masculino,Solteiro
2267,18,18-25,Ensino Médio,Masculino,Casado
2268,41,36-45,Pós-Graduação,Masculino,Solteiro
2269,31,26-35,Graduação,Masculino,Casado
2270,37,36-45,Graduação,Masculino,Solteiro
2271,42,36-45,Ensino Médio,Masculino,Solteiro
2272,32,26-35,Graduação,Feminino,Casado
2273,29,26-35,Graduação,Masculino,Outros
2274,38,36-45,Ensino Médio,Masculino,Solteiro
2275,24,18-25,Graduação,Feminino,Outros
2276,24,18-25,Outros,Feminino,Casado
2277,46,46-55,Outros,Masculino,Solteiro
2278,24,18-25,Pós-Graduação,Masculino,Casado
2279,45,36-45,Graduação,Masculino,Solteiro
2280,43,36-45,Outros,Feminino,Solteiro
2281,18,18-25,Outros,Masculino,Solteiro
2282,29,26-35,Pós-Graduação,Masculino,Outros
2283,52,46-55,Pós-Graduação,Masculino,Casado
2284,26,26-35,Pós-Graduação,Masculino,Casado
2285,32,26-35,Outros,Masculino,Solteiro
2286,43,36-45,Pós-Graduação,Masculino,Solteiro
2287,47,46-55,Graduação,Feminino,Casado
2288,34,26-35,Ensino Médio,Feminino,Solteiro
2289,30,26-35,Pós-Graduação,Masculino,Outros
2290,55,46-55,Graduação,Masculino,Solteiro
2291,58,56+,Graduação,Masculino,Casado
2292,49,46-55,Ensino Médio,Masculino,Casado
2293,39,36-45,Graduação,Feminino,Outros
2294,28,26-35,Ensino Médio,Feminino,Solteiro
2295,28,26-35,Ensino Médio,Masculino,Outros
2296,44,36-45,Graduação,Masculino,Casado
2297,43,36-45,Pós-Graduação,Masculino,Solteiro
2298,54,46-55,Graduação,Feminino,Solteiro
2299,45,36-45,Graduação,Feminino,Casado
2300,19,18-25,Ensino Médio,Feminino,Solteiro
2301,50,46-55,Ensino Médio,Feminino,Solteiro
2302,26,26-35,Graduação,Masculino,Solteiro
2303,33,26-35,Graduação,Feminino,Solteiro
2304,41,36-45,Graduação,Feminino,Solteiro
2305,61,56+,Ensino Médio,Masculino,Solteiro
2306,75,56+,Graduação,Masculino,Solteiro
2307,45,36-45,Graduação,Feminino,Solteiro
2308,35,26-35,Graduação,Feminino,Casado
2309,44,36-45,Graduação,Feminino,Solteiro
2310,48,46-55,Graduação,Feminino,Solteiro
2311,34,26-35,Graduação,Feminino,Casado
2312,59,56+,Pós-Graduação,Feminino,Solteiro
2313,40,36-45,Ensino Médio,Masculino,Casado
2314,43,36-45,Graduação,Feminino,Solteiro
2315,45,36-45,Pós-Graduação,Masculino,Casado
2316,43,36-45,Graduação,Masculino,Casado
2317,48,46-55,Graduação,Masculino,Outros
2318,30,26-35,Graduação,Feminino,Solteiro
2319,31,26-35,Graduação,Feminino,Solteiro
2320,24,18-25,Graduação,Feminino,Solteiro
2321,43,36-45,Graduação,Masculino,Solteiro
2322,47,46-55,Graduação,Masculino,Solteiro
2323,43,36-45,Pós-Graduação,Masculino,Solteiro
2324,58,56+,Ensino Médio,Masculino,Outros
2325,37,36-45,Graduação,Feminino,Casado
2326,46,46-55,Graduação,Masculino,Outros
2327,24,18-25,Pós-Graduação,Feminino,Casado
2328,33,26-35,Graduação,Feminino,Solteiro
2329,46,46-55,Graduação,Masculino,Casado
2330,48,46-55,Graduação,Feminino,Solteiro
2331,34,26-35,Ensino Médio,Masculino,Solteiro
2332,37,36-45,Pós-Graduação,Masculino,Outros
2333,19,18-25,Graduação,Feminino,Outros
2334,33,26-35,Ensino Médio,Feminino,Outros
2335,48,46-55,Outros,Masculino,Casado
2336,44,36-45,Pós-Graduação,Masculino,Outros
2337,44,36-45,Graduação,Masculino,Solteiro
2338,38,36-45,Graduação,Masculino,Solteiro
2339,38,36-45,Pós-Graduação,Feminino,Casado
2340,30,26-35,Graduação,Feminino,Solteiro
2341,46,46-55,Pós-Graduação,Masculino,Outros
2342,43,36-45,Ensino Médio,Feminino,Outros
2343,43,36-45,Graduação,Masculino,Solteiro
2344,31,26-35,Pós-Graduação,Masculino,Solteiro
2345,18,18-25,Pós-Graduação,Feminino,Casado
2346,51,46-55,Ensino Médio,Feminino,Solteiro
2347,32,26-35,Pós-Graduação,Feminino,Solteiro
2348,27,26-35,Graduação,Masculino,Casado
2349,46,46-55,Graduação,Feminino,Casado
2350,33,26-35,Graduação,Masculino,Casado
2351,50,46-55,Graduação,Feminino,Solteiro
2352,45,36-45,Pós-Graduação,Feminino,Casado
2353,46,46-55,Graduação,Masculino,Solteiro
2354,21,18-25,Pós-Graduação,Feminino,Casado
2355,52,46-55,Graduação,Masculino,Solteiro
2356,41,36-45,Ensino Médio,Masculino,Solteiro
2357,33,26-35,Graduação,Feminino,Solteiro
2358,39,36-45,Pós-Graduação,Masculino,Solteiro
2359,18,18-25,Graduação,Feminino,Solteiro
2360,42,36-45,Graduação,Masculino,Casado
2361,25,18-25,Outros,Feminino,Solteiro
2362,21,18-25,Graduação,Masculino,Casado
2363,19,18-25,Graduação,Masculino,Casado
2364,51,46-55,Graduação,Masculino,Solteiro
2365,30,26-35,Outros,Feminino,Casado
2366,56,56+,Ensino Médio,Feminino,Solteiro
2367,31,26-35,Graduação,Feminino,Casado
2368,18,18-25,Graduação,Masculino,Solteiro
2369,24,18-25,Graduação,Masculino,Casado
2370,52,46-55,Graduação,Masculino,Casado
2371,36,36-45,Ensino Médio,Feminino,Casado
2372,31,26-35,Graduação,Masculino,Solteiro
2373,39,36-45,Pós-Graduação,Feminino,Outros
2374,44,36-45,Ensino Médio,Feminino,Solteiro
2375,51,46-55,Ensino Médio,Masculino,Solteiro
2376,55,46-55,Graduação,Masculino,Solteiro
2377,33,26-35,Ensino Médio,Feminino,Outros
2378,22,18-25,Graduação,Masculino,Solteiro
2379,33,26-35,Ensino Médio,Masculino,Casado
2380,41,36-45,Ensino Médio,Masculino,Solteiro
2381,26,26-35,Graduação,Feminino,Solteiro
2382,26,26-35,Ensino Médio,Feminino,Casado
2383,42,36-45,Ensino Médio,Masculino,Casado
2384,37,36-45,Graduação,Masculino,Outros
2385,38,36-45,Graduação,Masculino,Outros
2386,28,26-35,Ensino Médio,Feminino,Solteiro
2387,35,26-35,Graduação,Masculino,Outros
2388,26,26-35,Graduação,Masculino,Solteiro
2389,48,46-55,Ensino Médio,Feminino,Casado
2390,50,46-55,Ensino Médio,Feminino,Casado
2391,18,18-25,Graduação,Feminino,Casado
2392,26,26-35,Graduação,Feminino,Casado
2393,20,18-25,Graduação,Masculino,Casado
2394,30,26-35,Graduação,Masculino,Solteiro
2395,36,36-45,Pós-Graduação,Masculino,Solteiro
2396,20,18-25,Ensino Médio,Masculino,Solteiro
2397,26,26-35,Graduação,Feminino,Solteiro
2398,25,18-25,Graduação,Feminino,Outros
2399,40,36-45,Graduação,Feminino,Solteiro
2400,38,36-45,Outros,Masculino,Outros
2401,29,26-35,Graduação,Feminino,Solteiro
2402,40,36-45,Pós-Graduação,Feminino,Casado
2403,31,26-35,Pós-Graduação,Masculino,Outros
2404,34,26-35,Graduação,Feminino,Casado
2405,58,56+,Graduação,Masculino,Solteiro
2406,54,46-55,Graduação,Masculino,Casado
2407,22,18-25,Graduação,Feminino,Solteiro
2408,47,46-55,Pós-Graduação,Feminino,Outros
2409,47,46-55,Graduação,Masculino,Casado
2410,24,18-25,Graduação,Masculino,Outros
2411,47,46-55,Pós-Graduação,Feminino,Casado
2412,56,56+,Pós-Graduação,Feminino,Casado
2413,24,18-25,Pós-Graduação,Feminino,Casado
2414,26,26-35,Pós-Graduação,Masculino,Solteiro
2415,50,46-55,Graduação,Masculino,Casado
2416,41,36-45,Pós-Graduação,Masculino,Solteiro
2417,44,36-45,Graduação,Masculino,Casado
2418,42,36-45,Pós-Graduação,Masculino,Casado
2419,42,36-45,Outros,Masculino,Solteiro
2420,22,18-25,Ensino Médio,Feminino,Casado
2421,50,46-55,Graduação,Masculino,Casado
2422,52,46-55,Graduação,Feminino,Casado
2423,35,26-35,Graduação,Masculino,Solteiro
2424,37,36-45,Graduação,Masculino,Solteiro
2425,19,18-25,Pós-Graduação,Masculino,Casado
2426,44,36-45,Ensino Médio,Masculino,Casado
2427,44,36-45,Graduação,Masculino,Casado
2428,37,36-45,Ensino Médio,Feminino,Casado
2429,51,46-55,Pós-Graduação,Feminino,Outros
2430,33,26-35,Ensino Médio,Masculino,Solteiro
2431,44,36-45,Ensino Médio,Masculino,Solteiro
2432,25,18-25,Pós-Graduação,Feminino,Casado
2433,37,36-45,Graduação,Feminino,Solteiro
2434,35,26-35,Pós-Graduação,Masculino,Solteiro
2435,40,36-45,Graduação,Feminino,Solteiro
2436,33,26-35,Graduação,Feminino,Solteiro
2437,36,36-45,Graduação,Feminino,Solteiro
2438,47,46-55,Graduação,Feminino,Solteiro
2439,32,26-35,Outros,Feminino,Casado
2440,18,18-25,Pós-Graduação,Feminino,Solteiro
2441,58,56+,Outros,Masculino,Casado
2442,54,46-55,Graduação,Feminino,Solteiro
2443,22,18-25,Ensino Médio,Feminino,Solteiro
2444,46,46-55,Graduação,Feminino,Solteiro
2445,31,26-35,Pós-Graduação,Feminino,Solteiro
2446,41,36-45,Ensino Médio,Masculino,Casado
2447,41,36-45,Graduação,Masculino,Casado
2448,35,26-35,Ensino Médio,Masculino,Solteiro
2449,28,26-35,Graduação,Masculino,Outros
2450,29,26-35,Graduação,Masculino,Solteiro
2451,27,26-35,Graduação,Feminino,Casado
2452,28,26-35,Ensino Médio,Masculino,Outros
2453,37,36-45,Pós-Graduação,Feminino,Outros
2454,29,26-35,Ensino Médio,Feminino,Casado
2455,46,46-55,Ensino Médio,Masculino,Solteiro
2456,55,46-55,Pós-Graduação,Masculino,Solteiro
2457,31,26-35,Pós-Graduação,Feminino,Solteiro
2458,40,36-45,Ensino Médio,Feminino,Outros
2459,43,36-45,Graduação,Feminino,Casado
2460,43,36-45,Graduação,Feminino,Solteiro
2461,38,36-45,Pós-Graduação,Feminino,Solteiro
2462,46,46-55,Graduação,Feminino,Outros
2463,43,36-45,Pós-Graduação,Feminino,Outros
2464,23,18-25,Graduação,Feminino,Outros
2465,48,46-55,Ensino Médio,Feminino,Solteiro
2466,48,46-55,Graduação,Masculino,Solteiro
2467,28,26-35,Graduação,Feminino,Casado
2468,38,36-45,Outros,Masculino,Casado
2469,46,46-55,Ensino Médio,Feminino,Casado
2470,35,26-35,Ensino Médio,Masculino,Solteiro
2471,50,46-55,Graduação,Masculino,Outros
2472,66,56+,Ensino Médio,Masculino,Casado
2473,28,26-35,Pós-Graduação,Masculino,Casado
2474,21,18-25,Pós-Graduação,Masculino,Solteiro
2475,41,36-45,Graduação,Feminino,Solteiro
2476,46,46-55,Graduação,Masculino,Outros
2477,35,26-35,Ensino Médio,Masculino,Casado
2478,55,46-55,Graduação,Masculino,Casado
2479,21,18-25,Ensino Médio,Feminino,Solteiro
2480,46,46-55,Ensino Médio,Masculino,Casado
2481,30,26-35,Graduação,Masculino,Casado
2482,58,56+,Graduação,Masculino,Casado
2483,61,56+,Graduação,Feminino,Casado
2484,28,26-35,Graduação,Masculino,Casado
2485,31,26-35,Pós-Graduação,Masculino,Outros
2486,48,46-55,Outros,Masculino,Casado
2487,33,26-35,Pós-Graduação,Feminino,Casado
2488,37,36-45,Pós-Graduação,Masculino,Outros
2489,38,36-45,Ensino Médio,Feminino,Solteiro
2490,18,18-25,Graduação,Masculino,Solteiro
2491,37,36-45,Ensino Médio,Masculino,Solteiro
2492,29,26-35,Graduação,Masculino,Solteiro
2493,32,26-35,Graduação,Masculino,Outros
2494,55,46-55,Graduação,Masculino,Solteiro
2495,22,18-25,Graduação,Masculino,Outros
2496,47,46-55,Graduação,Masculino,Solteiro
2497,34,26-35,Ensino Médio,Feminino,Casado
2498,34,26-35,Graduação,Feminino,Outros
2499,47,46-55,Outros,Masculino,Solteiro
2500,42,36-45,Pós-Graduação,Feminino,Outros
2501,44,36-45,Graduação,Feminino,Casado
2502,49,46-55,Graduação,Feminino,Casado
2503,34,26-35,Outros,Masculino,Outros
2504,30,26-35,Pós-Graduação,Feminino,Casado
2505,24,18-25,Graduação,Masculino,Outros
2506,28,26-35,Ensino Médio,Masculino,Outros
2507,73,56+,Graduação,Masculino,Outros
2508,52,46-55,Ensino Médio,Masculino,Solteiro
2509,21,18-25,Pós-Graduação,Masculino,Solteiro
2510,22,18-25,Ensino Médio,Masculino,Solteiro
2511,43,36-45,Outros,Feminino,Solteiro
2512,44,36-45,Ensino Médio,Masculino,Solteiro
2513,44,36-45,Graduação,Feminino,Outros
2514,34,26-35,Pós-Graduação,Masculino,Solteiro
2515,36,36-45,Outros,Masculino,Outros
2516,41,36-45,Graduação,Feminino,Casado
2517,39,36-45,Pós-Graduação,Feminino,Casado
2518,18,18-25,Ensino Médio,Masculino,Solteiro
2519,35,26-35,Graduação,Masculino,Casado
2520,27,26-35,Pós-Graduação,Feminino,Solteiro
2521,40,36-45,Graduação,Masculino,Casado
2522,73,56+,Pós-Graduação,Feminino,Outros
2523,42,36-45,Graduação,Feminino,Casado
2524,34,26-35,Graduação,Masculino,Casado
2525,49,46-55,Graduação,Masculino,Casado
2526,43,36-45,Ensino Médio,Masculino,Solteiro
2527,43,36-45,Ensino Médio,Masculino,Casado
2528,45,36-45,Graduação,Feminino,Casado
2529,62,56+,Pós-Graduação,Feminino,Solteiro
2530,24,18-25,Ensino Médio,Feminino,Casado
2531,43,36-45,Graduação,Feminino,Casado
2532,26,26-35,Graduação,Masculino,Solteiro
2533,44,36-45,Graduação,Feminino,Casado
2534,26,26-35,Graduação,Masculino,Casado
2535,32,26-35,Outros,Feminino,Casado
2536,34,26-35,Pós-Graduação,Masculino,Casado
2537,49,46-55,Ensino Médio,Feminino,Solteiro
2538,49,46-55,Pós-Graduação,Feminino,Casado
2539,23,18-25,Outros,Masculino,Outros
2540,38,36-45,Pós-Graduação,Masculino,Outros
2541,29,26-35,Pós-Graduação,Masculino,Casado
2542,22,18-25,Graduação,Masculino,Outros
2543,35,26-35,Graduação,Feminino,Casado
2544,34,26-35,Graduação,Feminino,Casado
2545,67,56+,Graduação,Masculino,Casado
2546,43,36-45,Graduação,Masculino,Casado
2547,21,18-25,Pós-Graduação,Feminino,Solteiro
2548,31,26-35,Graduação,Masculino,Casado
2549,50,46-55,Ensino Médio,Masculino,Solteiro
2550,63,56+,Ensino Médio,Feminino,Solteiro
2551,18,18-25,Ensino Médio,Feminino,Casado
2552,18,18-25,Ensino Médio,Masculino,Solteiro
2553,60,56+,Graduação,Masculino,Outros
2554,42,36-45,Pós-Graduação,Feminino,Casado
2555,27,26-35,Graduação,Feminino,Casado
2556,44,36-45,Ensino Médio,Feminino,Solteiro
2557,18,18-25,Outros,Masculino,Solteiro
2558,38,36-45,Graduação,Feminino,Solteiro
2559,41,36-45,Pós-Graduação,Feminino,Casado
2560,49,46-55,Pós-Graduação,Feminino,Solteiro
2561,25,18-25,Graduação,Feminino,Solteiro
2562,39,36-45,Graduação,Masculino,Solteiro
2563,26,26-35,Pós-Graduação,Feminino,Casado
2564,41,36-45,Outros,Masculino,Solteiro
2565,27,26-35,Graduação,Masculino,Casado
2566,33,26-35,Outros,Feminino,Solteiro
2567,26,26-35,Ensino Médio,Feminino,Outros
2568,45,36-45,Ensino Médio,Feminino,Solteiro
2569,48,46-55,Graduação,Masculino,Casado
2570,35,26-35,Graduação,Masculino,Casado
2571,38,36-45,Graduação,Feminino,Solteiro
2572,20,18-25,Graduação,Masculino,Solteiro
2573,34,26-35,Graduação,Feminino,Solteiro
2574,37,36-45,Outros,Masculino,Casado
2575,69,56+,Ensino Médio,Feminino,Solteiro
2576,24,18-25,Ensino Médio,Masculino,Solteiro
2577,55,46-55,Ensino Médio,Feminino,Outros
2578,49,46-55,Graduação,Feminino,Solteiro
2579,41,36-45,Pós-Graduação,Masculino,Solteiro
2580,59,56+,Graduação,Feminino,Solteiro
2581,42,36-45,Graduação,Feminino,Casado
2582,42,36-45,Ensino Médio,Feminino,Solteiro
2583,37,36-45,Graduação,Feminino,Solteiro
2584,52,46-55,Graduação,Masculino,Outros
2585,51,46-55,Graduação,Masculino,Solteiro
2586,30,26-35,Pós-Graduação,Masculino,Casado
2587,22,18-25,Graduação,Masculino,Solteiro
2588,35,26-35,Ensino Médio,Masculino,Casado
2589,28,26-35,Pós-Graduação,Feminino,Casado
2590,37,36-45,Graduação,Masculino,Casado
2591,52,46-55,Graduação,Masculino,Solteiro
2592,32,26-35,Pós-Graduação,Masculino,Solteiro
2593,37,36-45,Pós-Graduação,Feminino,Casado
2594,38,36-45,Outros,Feminino,Solteiro
2595,48,46-55,Graduação,Masculino,Casado
2596,18,18-25,Graduação,Feminino,Outros
2597,30,26-35,Pós-Graduação,Masculino,Solteiro
2598,40,36-45,Ensino Médio,Feminino,Solteiro
2599,52,46-55,Graduação,Feminino,Casado
2600,32,26-35,Graduação,Masculino,Solteiro
2601,18,18-25,Pós-Graduação,Feminino,Solteiro
2602,45,36-45,Ensino Médio,Feminino,Outros
2603,30,26-35,Graduação,Masculino,Casado
2604,23,18-25,Graduação,Feminino,Casado
2605,30,26-35,Graduação,Masculino,Solteiro
2606,35,26-35,Graduação,Masculino,Casado
2607,30,26-35,Ensino Médio,Masculino,Casado
2608,18,18-25,Outros,Masculino,Outros
2609,48,46-55,Graduação,Masculino,Casado
2610,53,46-55,Ensino Médio,Feminino,Outros
2611,45,36-45,Ensino Médio,Masculino,Casado
2612,24,18-25,Outros,Masculino,Solteiro
2613,35,26-35,Graduação,Feminino,Solteiro
2614,37,36-45,Graduação,Feminino,Solteiro
2615,45,36-45,Graduação,Feminino,Outros
2616,46,46-55,Ensino Médio,Feminino,Casado
2617,29,26-35,Pós-Graduação,Feminino,Outros
2618,38,36-45,Graduação,Feminino,Solteiro
2619,43,36-45,Graduação,Feminino,Casado
2620,55,46-55,Graduação,Feminino,Outros
2621,46,46-55,Graduação,Masculino,Casado
2622,47,46-55,Ensino Médio,Masculino,Solteiro
2623,39,36-45,Graduação,Feminino,Casado
2624,54,46-55,Ensino Médio,Masculino,Solteiro
2625,42,36-45,Graduação,Masculino,Solteiro
2626,27,26-35,Graduação,Feminino,Casado
2627,54,46-55,Graduação,Feminino,Solteiro
2628,46,46-55,Pós-Graduação,Masculino,Casado
2629,32,26-35,Graduação,Feminino,Casado
2630,32,26-35,Ensino Médio,Feminino,Casado
2631,41,36-45,Graduação,Feminino,Casado
2632,43,36-45,Ensino Médio,Feminino,Casado
2633,40,36-45,Graduação,Feminino,Solteiro
2634,41,36-45,Pós-Graduação,Feminino,Solteiro
2635,58,56+,Pós-Graduação,Masculino,Solteiro
2636,50,46-55,Graduação,Feminino,Casado
2637,40,36-45,Graduação,Feminino,Solteiro
2638,49,46-55,Pós-Graduação,Feminino,Solteiro
2639,25,18-25,Graduação,Feminino,Casado
2640,42,36-45,Graduação,Masculino,Outros
2641,59,56+,Graduação,Feminino,Solteiro
2642,35,26-35,Ensino Médio,Masculino,Solteiro
2643,27,26-35,Graduação,Masculino,Casado
2644,30,26-35,Graduação,Masculino,Casado
2645,24,18-25,Ensino Médio,Masculino,Solteiro
2646,28,26-35,Graduação,Feminino,Solteiro
2647,33,26-35,Graduação,Masculino,Casado
2648,21,18-25,Graduação,Masculino,Casado
2649,38,36-45,Pós-Graduação,Feminino,Solteiro
2650,48,46-55,Ensino Médio,Masculino,Solteiro
2651,27,26-35,Graduação,Masculino,Solteiro
2652,56,56+,Outros,Masculino,Casado
2653,44,36-45,Ensino Médio,Masculino,Casado
2654,50,46-55,Graduação,Masculino,Casado
2655,30,26-35,Graduação,Masculino,Casado
2656,48,46-55,Graduação,Feminino,Casado
2657,24,18-25,Graduação,Masculino,Outros
2658,48,46-55,Graduação,Masculino,Solteiro
2659,40,36-45,Graduação,Feminino,Solteiro
2660,44,36-45,Graduação,Masculino,Casado
2661,23,18-25,Pós-Graduação,Feminino,Casado
2662,27,26-35,Outros,Masculino,Casado
2663,45,36-45,Pós-Graduação,Masculino,Casado
2664,26,26-35,Outros,Feminino,Solteiro
2665,43,36-45,Outros,Masculino,Casado
2666,21,18-25,Graduação,Masculino,Casado
2667,48,46-55,Ensino Médio,Feminino,Casado
2668,23,18-25,Graduação,Masculino,Casado
2669,44,36-45,Graduação,Feminino,Solteiro
2670,45,36-45,Graduação,Feminino,Casado
2671,29,26-35,Graduação,Masculino,Solteiro
2672,44,36-45,Graduação,Feminino,Solteiro
2673,41,36-45,Graduação,Masculino,Casado
2674,31,26-35,Graduação,Feminino,Casado
2675,25,18-25,Graduação,Feminino,Solteiro
2676,18,18-25,Graduação,Feminino,Solteiro
2677,42,36-45,Pós-Graduação,Masculino,Casado
2678,19,18-25,Pós-Graduação,Feminino,Casado
2679,39,36-45,Graduação,Masculino,Casado
2680,34,26-35,Pós-Graduação,Masculino,Casado
2681,46,46-55,Pós-Graduação,Feminino,Casado
2682,34,26-35,Ensino Médio,Masculino,Casado
2683,34,26-35,Pós-Graduação,Feminino,Casado
2684,46,46-55,Ensino Médio,Masculino,Casado
2685,42,36-45,Graduação,Feminino,Casado
2686,41,36-45,Ensino Médio,Masculino,Outros
2687,43,36-45,Graduação,Masculino,Solteiro
2688,19,18-25,Graduação,Masculino,Outros
2689,47,46-55,Graduação,Feminino,Casado
2690,45,36-45,Graduação,Masculino,Solteiro
2691,25,18-25,Graduação,Feminino,Casado
2692,35,26-35,Pós-Graduação,Masculino,Solteiro
2693,37,36-45,Outros,Masculino,Casado
2694,36,36-45,Graduação,Masculino,Casado
2695,42,36-45,Graduação,Masculino,Outros
2696,55,46-55,Ensino Médio,Feminino,Solteiro
2697,50,46-55,Graduação,Feminino,Outros
2698,22,18-25,Ensino Médio,Masculino,Casado
2699,45,36-45,Graduação,Feminino,Casado
2700,53,46-55,Ensino Médio,Feminino,Casado
2701,42,36-45,Pós-Graduação,Masculino,Solteiro
2702,51,46-55,Ensino Médio,Masculino,Solteiro
2703,62,56+,Ensino Médio,Feminino,Outros
2704,50,46-55,Graduação,Masculino,Casado
2705,40,36-45,Pós-Graduação,Masculino,Solteiro
2706,50,46-55,Graduação,Masculino,Casado
2707,39,36-45,Outros,Feminino,Casado
2708,38,36-45,Graduação,Masculino,Solteiro
2709,33,26-35,Graduação,Masculino,Solteiro
2710,56,56+,Pós-Graduação,Masculino,Casado
2711,28,26-35,Graduação,Masculino,Casado
2712,56,56+,Graduação,Masculino,Casado
2713,43,36-45,Outros,Feminino,Casado
2714,21,18-25,Graduação,Masculino,Casado
2715,42,36-45,Ensino Médio,Feminino,Casado
2716,18,18-25,Graduação,Masculino,Casado
2717,45,36-45,Pós-Graduação,Feminino,Outros
2718,48,46-55,Graduação,Feminino,Outros
2719,30,26-35,Graduação,Masculino,Solteiro
2720,39,36-45,Outros,Feminino,Outros
2721,61,56+,Ensino Médio,Masculino,Solteiro
2722,31,26-35,Graduação,Feminino,Casado
2723,25,18-25,Graduação,Masculino,Casado
2724,55,46-55,Graduação,Feminino,Outros
2725,61,56+,Outros,Feminino,Solteiro
2726,38,36-45,Ensino Médio,Feminino,Solteiro
2727,50,46-55,Ensino Médio,Masculino,Outros
2728,54,46-55,Graduação,Masculino,Casado
2729,29,26-35,Graduação,Feminino,Casado
2730,32,26-35,Graduação,Feminino,Casado
2731,52,46-55,Graduação,Feminino,Casado
2732,58,56+,Graduação,Masculino,Casado
2733,44,36-45,Pós-Graduação,Feminino,Casado
2734,27,26-35,Pós-Graduação,Masculino,Casado
2735,61,56+,Ensino Médio,Feminino,Casado
2736,31,26-35,Ensino Médio,Masculino,Casado
2737,33,26-35,Graduação,Masculino,Casado
2738,42,36-45,Graduação,Feminino,Solteiro
2739,56,56+,Graduação,Masculino,Casado
2740,48,46-55,Ensino Médio,Feminino,Solteiro
2741,42,36-45,Ensino Médio,Feminino,Outros
2742,43,36-45,Ensino Médio,Masculino,Casado
2743,38,36-45,Ensino Médio,Masculino,Casado
2744,44,36-45,Graduação,Feminino,Solteiro
2745,18,18-25,Graduação,Masculino,Solteiro
2746,34,26-35,Graduação,Feminino,Solteiro
2747,40,36-45,Graduação,Feminino,Casado
2748,24,18-25,Ensino Médio,Masculino,Solteiro
2749,42,36-45,Graduação,Masculino,Outros
2750,35,26-35,Pós-Graduação,Masculino,Solteiro
2751,59,56+,Graduação,Feminino,Casado
2752,56,56+,Outros,Masculino,Outros
2753,32,26-35,Graduação,Masculino,Solteiro
2754,36,36-45,Graduação,Feminino,Solteiro
2755,37,36-45,Graduação,Feminino,Casado
2756,32,26-35,Pós-Graduação,Masculino,Solteiro
2757,40,36-45,Graduação,Masculino,Casado
2758,28,26-35,Ensino Médio,Feminino,Casado
2759,24,18-25,Graduação,Feminino,Solteiro
2760,45,36-45,Ensino Médio,Feminino,Casado
2761,45,36-45,Graduação,Feminino,Solteiro
2762,28,26-35,Pós-Graduação,Feminino,Solteiro
2763,48,46-55,Outros,Feminino,Casado
2764,30,26-35,Graduação,Feminino,Solteiro
2765,41,36-45,Graduação,Feminino,Outros
2766,47,46-55,Ensino Médio,Feminino,Casado
2767,37,36-45,Graduação,Masculino,Solteiro
2768,43,36-45,Ensino Médio,Masculino,Casado
2769,31,26-35,Pós-Graduação,Feminino,Solteiro
2770,35,26-35,Graduação,Masculino,Casado
2771,35,26-35,Pós-Graduação,Feminino,Casado
2772,29,26-35,Ensino Médio,Masculino,Casado
2773,35,26-35,Graduação,Feminino,Outros
2774,19,18-25,Ensino Médio,Masculino,Solteiro
2775,32,26-35,Outros,Feminino,Solteiro
2776,34,26-35,Graduação,Feminino,Casado
2777,34,26-35,Graduação,Masculino,Solteiro
2778,35,26-35,Graduação,Feminino,Casado
2779,37,36-45,Graduação,Masculino,Casado
2780,43,36-45,Graduação,Masculino,Solteiro
2781,48,46-55,Graduação,Masculino,Casado
2782,30,26-35,Outros,Masculino,Casado
2783,23,18-25,Outros,Feminino,Solteiro
2784,25,18-25,Ensino Médio,Masculino,Solteiro
2785,32,26-35,Ensino Médio,Feminino,Casado
2786,33,26-35,Graduação,Masculino,Casado
2787,28,26-35,Ensino Médio,Feminino,Casado
2788,22,18-25,Ensino Médio,Masculino,Outros
2789,32,26-35,Graduação,Feminino,Solteiro
2790,40,36-45,Outros,Feminino,Solteiro
2791,45,36-45,Graduação,Feminino,Outros
2792,31,26-35,Graduação,Masculino,Casado
2793,33,26-35,Ensino Médio,Feminino,Outros
2794,26,26-35,Outros,Masculino,Casado
2795,37,36-45,Graduação,Masculino,Casado
2796,27,26-35,Ensino Médio,Masculino,Solteiro
2797,44,36-45,Graduação,Masculino,Casado
2798,18,18-25,Graduação,Masculino,Solteiro
2799,33,26-35,Ensino Médio,Feminino,Casado
2800,41,36-45,Graduação,Masculino,Solteiro
2801,40,36-45,Ensino Médio,Masculino,Casado
2802,70,56+,Graduação,Masculino,Casado
2803,42,36-45,Graduação,Feminino,Outros
2804,25,18-25,Graduação,Feminino,Outros
2805,36,36-45,Graduação,Masculino,Outros
2806,18,18-25,Pós-Graduação,Feminino,Solteiro
2807,37,36-45,Outros,Feminino,Solteiro
2808,28,26-35,Graduação,Masculino,Solteiro
2809,48,46-55,Ensino Médio,Masculino,Casado
2810,31,26-35,Graduação,Feminino,Casado
2811,36,36-45,Graduação,Feminino,Casado
2812,30,26-35,Graduação,Masculino,Outros
2813,58,56+,Graduação,Masculino,Casado
2814,34,26-35,Graduação,Masculino,Outros
2815,59,56+,Graduação,Feminino,Solteiro
2816,47,46-55,Graduação,Feminino,Solteiro
2817,43,36-45,Pós-Graduação,Masculino,Casado
2818,42,36-45,Graduação,Masculino,Casado
2819,42,36-45,Pós-Graduação,Feminino,Outros
2820,18,18-25,Pós-Graduação,Feminino,Casado
2821,34,26-35,Outros,Feminino,Casado
2822,48,46-55,Graduação,Feminino,Casado
2823,37,36-45,Ensino Médio,Feminino,Casado
2824,21,18-25,Graduação,Masculino,Casado
2825,37,36-45,Outros,Masculino,Solteiro
2826,58,56+,Graduação,Masculino,Solteiro
2827,52,46-55,Ensino Médio,Feminino,Solteiro
2828,37,36-45,Graduação,Masculino,Casado
2829,49,46-55,Outros,Masculino,Solteiro
2830,33,26-35,Ensino Médio,Masculino,Solteiro
2831,18,18-25,Ensino Médio,Masculino,Casado
2832,26,26-35,Pós-Graduação,Feminino,Casado
2833,56,56+,Graduação,Masculino,Casado
2834,34,26-35,Graduação,Masculino,Solteiro
2835,35,26-35,Graduação,Feminino,Solteiro
2836,34,26-35,Ensino Médio,Masculino,Outros
2837,60,56+,Pós-Graduação,Feminino,Casado
2838,57,56+,Pós-Graduação,Feminino,Solteiro
2839,64,56+,Graduação,Feminino,Casado
2840,36,36-45,Pós-Graduação,Feminino,Casado
2841,41,36-45,Graduação,Masculino,Solteiro
2842,19,18-25,Ensino Médio,Feminino,Casado
2843,55,46-55,Graduação,Masculino,Solteiro
2844,23,18-25,Pós-Graduação,Masculino,Solteiro
2845,40,36-45,Graduação,Masculino,Solteiro
2846,24,18-25,Graduação,Masculino,Casado
2847,30,26-35,Pós-Graduação,Feminino,Outros
2848,27,26-35,Ensino Médio,Masculino,Outros
2849,30,26-35,Ensino Médio,Feminino,Outros
2850,31,26-35,Ensino Médio,Masculino,Solteiro
2851,31,26-35,Ensino Médio,Masculino,Solteiro
2852,48,46-55,Pós-Graduação,Feminino,Solteiro
2853,24,18-25,Outros,Masculino,Casado
2854,40,36-45,Ensino Médio,Feminino,Solteiro
2855,52,46-55,Outros,Masculino,Solteiro
2856,31,26-35,Pós-Graduação,Masculino,Outros
2857,29,26-35,Outros,Masculino,Solteiro
2858,35,26-35,Ensino Médio,Feminino,Casado
2859,52,46-55,Ensino Médio,Masculino,Solteiro
2860,40,36-45,Pós-Graduação,Masculino,Outros
2861,31,26-35,Ensino Médio,Masculino,Casado
2862,43,36-45,Outros,Feminino,Casado
2863,24,18-25,Ensino Médio,Feminino,Solteiro
2864,46,46-55,Graduação,Feminino,Casado
2865,42,36-45,Outros,Masculino,Casado
2866,34,26-35,Graduação,Feminino,Casado
2867,27,26-35,Graduação,Feminino,Solteiro
2868,27,26-35,Graduação,Feminino,Casado
2869,44,36-45,Outros,Feminino,Casado
2870,52,46-55,Pós-Graduação,Feminino,Solteiro
2871,30,26-35,Graduação,Masculino,Outros
2872,43,36-45,Ensino Médio,Feminino,Outros
2873,18,18-25,Ensino Médio,Feminino,Casado
2874,30,26-35,Graduação,Masculino,Outros
2875,37,36-45,Outros,Masculino,Casado
2876,27,26-35,Outros,Feminino,Solteiro
2877,26,26-35,Pós-Graduação,Masculino,Solteiro
2878,29,26-35,Graduação,Feminino,Casado
2879,41,36-45,Pós-Graduação,Masculino,Solteiro
2880,35,26-35,Graduação,Masculino,Casado
2881,18,18-25,Graduação,Masculino,Outros
2882,18,18-25,Outros,Masculino,Casado
2883,30,26-35,Ensino Médio,Masculino,Solteiro
2884,43,36-45,Pós-Graduação,Masculino,Casado
2885,18,18-25,Pós-Graduação,Feminino,Casado
2886,32,26-35,Graduação,Feminino,Outros
2887,31,26-35,Graduação,Masculino,Solteiro
2888,54,46-55,Graduação,Masculino,Outros
2889,33,26-35,Ensino Médio,Feminino,Casado
2890,42,36-45,Outros,Feminino,Casado
2891,39,36-45,Graduação,Masculino,Solteiro
2892,18,18-25,Ensino Médio,Masculino,Solteiro
2893,47,46-55,Graduação,Masculino,Casado
2894,40,36-45,Ensino Médio,Masculino,Solteiro
2895,44,36-45,Graduação,Masculino,Casado
2896,75,56+,Pós-Graduação,Feminino,Casado
2897,18,18-25,Outros,Masculino,Casado
2898,58,56+,Graduação,Feminino,Solteiro
2899,34,26-35,Ensino Médio,Feminino,Solteiro
2900,41,36-45,Graduação,Feminino,Solteiro
2901,37,36-45,Pós-Graduação,Feminino,Solteiro
2902,32,26-35,Pós-Graduação,Masculino,Casado
2903,31,26-35,Graduação,Masculino,Outros
2904,41,36-45,Ensino Médio,Masculino,Outros
2905,19,18-25,Graduação,Feminino,Solteiro
2906,47,46-55,Ensino Médio,Feminino,Casado
2907,33,26-35,Ensino Médio,Feminino,Solteiro
2908,24,18-25,Ensino Médio,Masculino,Solteiro
2909,32,26-35,Graduação,Feminino,Outros
2910,53,46-55,Outros,Masculino,Outros
2911,31,26-35,Graduação,Masculino,Solteiro
2912,42,36-45,Graduação,Feminino,Casado
2913,29,26-35,Pós-Graduação,Masculino,Outros
2914,47,46-55,Graduação,Feminino,Solteiro
2915,46,46-55,Pós-Graduação,Masculino,Solteiro
2916,60,56+,Graduação,Feminino,Casado
2917,35,26-35,Graduação,Masculino,Casado
2918,46,46-55,Graduação,Feminino,Solteiro
2919,39,36-45,Ensino Médio,Feminino,Casado
2920,53,46-55,Graduação,Feminino,Casado
2921,29,26-35,Graduação,Masculino,Solteiro
2922,46,46-55,Pós-Graduação,Feminino,Casado
2923,35,26-35,Ensino Médio,Masculino,Casado
2924,37,36-45,Pós-Graduação,Masculino,Casado
2925,39,36-45,Graduação,Masculino,Casado
2926,41,36-45,Graduação,Feminino,Outros
2927,36,36-45,Ensino Médio,Masculino,Casado
2928,40,36-45,Graduação,Feminino,Casado
2929,56,56+,Ensino Médio,Feminino,Outros
2930,49,46-55,Pós-Graduação,Masculino,Outros
2931,48,46-55,Graduação,Feminino,Casado
2932,32,26-35,Graduação,Masculino,Solteiro
2933,27,26-35,Pós-Graduação,Feminino,Solteiro
2934,49,46-55,Graduação,Masculino,Solteiro
2935,48,46-55,Graduação,Masculino,Solteiro
2936,55,46-55,Graduação,Masculino,Outros
2937,30,26-35,Ensino Médio,Masculino,Casado
2938,35,26-35,Graduação,Masculino,Casado
2939,18,18-25,Ensino Médio,Masculino,Casado
2940,33,26-35,Graduação,Masculino,Casado
2941,49,46-55,Graduação,Masculino,Outros
2942,32,26-35,Graduação,Masculino,Solteiro
2943,45,36-45,Pós-Graduação,Feminino,Casado
2944,35,26-35,Pós-Graduação,Feminino,Casado
2945,41,36-45,Graduação,Feminino,Casado
2946,24,18-25,Outros,Feminino,Outros
2947,39,36-45,Ensino Médio,Feminino,Solteiro
2948,18,18-25,Pós-Graduação,Feminino,Solteiro
2949,35,26-35,Ensino Médio,Masculino,Solteiro
2950,18,18-25,Ensino Médio,Feminino,Solteiro
2951,52,46-55,Graduação,Masculino,Solteiro
2952,47,46-55,Ensino Médio,Feminino,Casado
2953,43,36-45,Graduação,Feminino,Outros
2954,56,56+,Graduação,Masculino,Solteiro
2955,26,26-35,Graduação,Feminino,Solteiro
2956,58,56+,Graduação,Masculino,Outros
2957,49,46-55,Graduação,Masculino,Solteiro
2958,35,26-35,Graduação,Masculino,Solteiro
2959,51,46-55,Outros,Feminino,Outros
2960,24,18-25,Outros,Feminino,Casado
2961,28,26-35,Ensino Médio,Feminino,Solteiro
2962,30,26-35,Ensino Médio,Masculino,Solteiro
2963,31,26-35,Outros,Masculino,Casado
2964,25,18-25,Pós-Graduação,Feminino,Solteiro
2965,52,46-55,Graduação,Masculino,Solteiro
2966,34,26-35,Graduação,Feminino,Solteiro
2967,42,36-45,Ensino Médio,Masculino,Outros
2968,31,26-35,Graduação,Masculino,Casado
2969,18,18-25,Ensino Médio,Masculino,Solteiro
2970,41,36-45,Pós-Graduação,Feminino,Solteiro
2971,18,18-25,Graduação,Masculino,Casado
2972,37,36-45,Ensino Médio,Masculino,Casado
2973,21,18-25,Pós-Graduação,Masculino,Outros
2974,61,56+,Graduação,Masculino,Solteiro
2975,48,46-55,Graduação,Masculino,Solteiro
2976,39,36-45,Graduação,Masculino,Solteiro
2977,53,46-55,Ensino Médio,Feminino,Casado
2978,27,26-35,Graduação,Masculino,Casado
2979,44,36-45,Graduação,Feminino,Casado
2980,40,36-45,Pós-Graduação,Feminino,Outros
2981,41,36-45,Ensino Médio,Masculino,Casado
2982,53,46-55,Graduação,Masculino,Outros
2983,46,46-55,Graduação,Feminino,Outros
2984,41,36-45,Ensino Médio,Masculino,Outros
2985,18,18-25,Graduação,Masculino,Solteiro
2986,26,26-35,Ensino Médio,Masculino,Outros
2987,36,36-45,Graduação,Feminino,Casado
2988,39,36-45,Graduação,Feminino,Casado
2989,24,18-25,Pós-Graduação,Feminino,Casado
2990,66,56+,Outros,Feminino,Outros
2991,56,56+,Ensino Médio,Masculino,Casado
2992,45,36-45,Graduação,Masculino,Solteiro
2993,38,36-45,Graduação,Masculino,Casado
2994,35,26-35,Ensino Médio,Masculino,Casado
2995,26,26-35,Ensino Médio,Masculino,Casado
2996,38,36-45,Ensino Médio,Masculino,Solteiro
2997,41,36-45,Graduação,Masculino,Solteiro
2998,23,18-25,Ensino Médio,Masculino,Outros
2999,42,36-45,Graduação,Masculino,Solteiro
3000,36,36-45,Graduação,Feminino,Outros
3001,18,18-25,Graduação,Feminino,Solteiro
3002,27,26-35,Outros,Feminino,Solteiro
3003,33,26-35,Graduação,Masculino,Solteiro
3004,60,56+,Graduação,Masculino,Solteiro
3005,44,36-45,Ensino Médio,Masculino,Solteiro
3006,21,18-25,Graduação,Masculino,Solteiro
3007,43,36-45,Ensino Médio,Masculino,Solteiro
3008,19,18-25,Ensino Médio,Feminino,Solteiro
3009,50,46-55,Pós-Graduação,Feminino,Casado
3010,32,26-35,Outros,Masculino,Solteiro
3011,36,36-45,Ensino Médio,Masculino,Casado
3012,53,46-55,Ensino Médio,Masculino,Solteiro
3013,22,18-25,Ensino Médio,Masculino,Solteiro
3014,21,18-25,Ensino Médio,Masculino,Outros
3015,30,26-35,Pós-Graduação,Masculino,Casado
3016,50,46-55,Graduação,Masculino,Casado
3017,19,18-25,Ensino Médio,Masculino,Casado
3018,18,18-25,Graduação,Masculino,Casado
3019,32,26-35,Pós-Graduação,Masculino,Solteiro
3020,44,36-45,Ensino Médio,Masculino,Solteiro
3021,52,46-55,Ensino Médio,Feminino,Solteiro
3022,32,26-35,Pós-Graduação,Masculino,Outros
3023,33,26-35,Ensino Médio,Feminino,Casado
3024,51,46-55,Ensino Médio,Feminino,Casado
3025,18,18-25,Graduação,Feminino,Casado
3026,33,26-35,Ensino Médio,Feminino,Solteiro
3027,40,36-45,Graduação,Feminino,Solteiro
3028,43,36-45,Pós-Graduação,Feminino,Solteiro
3029,31,26-35,Graduação,Masculino,Casado
3030,38,36-45,Graduação,Masculino,Casado
3031,18,18-25,Graduação,Feminino,Outros
3032,30,26-35,Ensino Médio,Feminino,Casado
3033,43,36-45,Ensino Médio,Feminino,Solteiro
3034,26,26-35,Graduação,Feminino,Casado
3035,38,36-45,Ensino Médio,Feminino,Casado
3036,43,36-45,Pós-Graduação,Feminino,Solteiro
3037,33,26-35,Pós-Graduação,Feminino,Casado
3038,40,36-45,Ensino Médio,Feminino,Solteiro
3039,26,26-35,Pós-Graduação,Feminino,Solteiro
3040,35,26-35,Graduação,Feminino,Solteiro
3041,45,36-45,Ensino Médio,Feminino,Solteiro
3042,39,36-45,Graduação,Feminino,Solteiro
3043,30,26-35,Ensino Médio,Masculino,Casado
3044,40,36-45,Graduação,Masculino,Solteiro
3045,46,46-55,Pós-Graduação,Feminino,Solteiro
3046,18,18-25,Graduação,Feminino,Casado
3047,51,46-55,Graduação,Masculino,Outros
3048,33,26-35,Graduação,Masculino,Solteiro
3049,43,36-45,Graduação,Feminino,Solteiro
3050,52,46-55,Ensino Médio,Feminino,Outros
3051,21,18-25,Outros,Feminino,Casado
3052,29,26-35,Graduação,Feminino,Solteiro
3053,34,26-35,Graduação,Masculino,Casado
3054,28,26-35,Graduação,Masculino,Casado
3055,58,56+,Outros,Masculino,Outros
3056,27,26-35,Outros,Feminino,Solteiro
3057,31,26-35,Graduação,Masculino,Casado
3058,40,36-45,Ensino Médio,Feminino,Solteiro
3059,23,18-25,Graduação,Masculino,Outros
3060,33,26-35,Pós-Graduação,Feminino,Solteiro
3061,41,36-45,Pós-Graduação,Feminino,Solteiro
3062,34,26-35,Graduação,Masculino,Solteiro
3063,36,36-45,Graduação,Feminino,Casado
3064,31,26-35,Pós-Graduação,Masculino,Casado
3065,19,18-25,Ensino Médio,Masculino,Solteiro
3066,41,36-45,Graduação,Masculino,Solteiro
3067,59,56+,Graduação,Masculino,Solteiro
3068,38,36-45,Graduação,Feminino,Solteiro
3069,40,36-45,Pós-Graduação,Feminino,Solteiro
3070,46,46-55,Graduação,Masculino,Casado
3071,22,18-25,Graduação,Masculino,Casado
3072,58,56+,Graduação,Feminino,Casado
3073,40,36-45,Pós-Graduação,Feminino,Solteiro
3074,57,56+,Graduação,Masculino,Casado
3075,29,26-35,Pós-Graduação,Feminino,Solteiro
3076,59,56+,Ensino Médio,Feminino,Casado
3077,47,46-55,Ensino Médio,Feminino,Solteiro
3078,44,36-45,Pós-Graduação,Masculino,Casado
3079,40,36-45,Graduação,Feminino,Solteiro
3080,35,26-35,Pós-Graduação,Feminino,Casado
3081,52,46-55,Graduação,Feminino,Casado
3082,39,36-45,Graduação,Feminino,Outros
3083,18,18-25,Graduação,Feminino,Casado
3084,24,18-25,Graduação,Masculino,Solteiro
3085,35,26-35,Outros,Feminino,Outros
3086,41,36-45,Graduação,Feminino,Solteiro
3087,37,36-45,Graduação,Feminino,Outros
3088,52,46-55,Graduação,Masculino,Casado
3089,18,18-25,Outros,Masculino,Solteiro
3090,39,36-45,Ensino Médio,Feminino,Solteiro
3091,18,18-25,Graduação,Feminino,Casado
3092,47,46-55,Ensino Médio,Masculino,Casado
3093,36,36-45,Graduação,Feminino,Casado
3094,43,36-45,Ensino Médio,Masculino,Solteiro
3095,27,26-35,Ensino Médio,Feminino,Outros
3096,53,46-55,Pós-Graduação,Feminino,Casado
3097,50,46-55,Ensino Médio,Masculino,Casado
3098,45,36-45,Graduação,Feminino,Casado
3099,36,36-45,Graduação,Feminino,Solteiro
3100,44,36-45,Graduação,Masculino,Solteiro
3101,29,26-35,Ensino Médio,Feminino,Casado
3102,48,46-55,Graduação,Masculino,Casado
3103,57,56+,Pós-Graduação,Feminino,Solteiro
3104,50,46-55,Ensino Médio,Masculino,Outros
3105,29,26-35,Pós-Graduação,Masculino,Solteiro
3106,42,36-45,Pós-Graduação,Masculino,Solteiro
3107,22,18-25,Graduação,Masculino,Casado
3108,44,36-45,Graduação,Feminino,Casado
3109,43,36-45,Graduação,Masculino,Casado
3110,18,18-25,Pós-Graduação,Masculino,Casado
3111,24,18-25,Outros,Feminino,Outros
3112,34,26-35,Ensino Médio,Masculino,Solteiro
3113,34,26-35,Graduação,Feminino,Casado
3114,23,18-25,Graduação,Feminino,Casado
3115,42,36-45,Graduação,Feminino,Casado
3116,41,36-45,Graduação,Masculino,Solteiro
3117,35,26-35,Pós-Graduação,Masculino,Casado
3118,28,26-35,Pós-Graduação,Feminino,Casado
3119,50,46-55,Ensino Médio,Masculino,Solteiro
3120,57,56+,Graduação,Masculino,Casado
3121,32,26-35,Graduação,Masculino,Casado
3122,30,26-35,Ensino Médio,Masculino,Casado
3123,43,36-45,Ensino Médio,Feminino,Casado
3124,33,26-35,Graduação,Feminino,Casado
3125,36,36-45,Ensino Médio,Feminino,Casado
3126,46,46-55,Pós-Graduação,Feminino,Solteiro
3127,18,18-25,Ensino Médio,Masculino,Solteiro
3128,53,46-55,Graduação,Masculino,Solteiro
3129,38,36-45,Ensino Médio,Feminino,Solteiro
3130,33,26-35,Outros,Masculino,Casado
3131,36,36-45,Outros,Masculino,Outros
3132,37,36-45,Outros,Feminino,Casado
3133,18,18-25,Graduação,Feminino,Casado
3134,55,46-55,Graduação,Masculino,Casado
3135,38,36-45,Graduação,Feminino,Casado
3136,43,36-45,Ensino Médio,Feminino,Outros
3137,49,46-55,Ensino Médio,Masculino,Casado
3138,25,18-25,Graduação,Feminino,Casado
3139,43,36-45,Outros,Masculino,Casado
3140,34,26-35,Ensino Médio,Feminino,Casado
3141,48,46-55,Outros,Feminino,Casado
3142,18,18-25,Ensino Médio,Feminino,Casado
3143,36,36-45,Graduação,Masculino,Casado
3144,30,26-35,Pós-Graduação,Masculino,Solteiro
3145,43,36-45,Pós-Graduação,Masculino,Casado
3146,43,36-45,Graduação,Feminino,Casado
3147,29,26-35,Graduação,Masculino,Solteiro
3148,29,26-35,Ensino Médio,Masculino,Outros
3149,36,36-45,Ensino Médio,Masculino,Casado
3150,27,26-35,Graduação,Masculino,Casado
3151,48,46-55,Pós-Graduação,Masculino,Outros
3152,33,26-35,Pós-Graduação,Feminino,Casado
3153,18,18-25,Pós-Graduação,Masculino,Solteiro
3154,33,26-35,Graduação,Masculino,Casado
3155,25,18-25,Graduação,Feminino,Outros
3156,18,18-25,Pós-Graduação,Feminino,Outros
3157,23,18-25,Graduação,Masculino,Solteiro
3158,39,36-45,Pós-Graduação,Masculino,Casado
3159,53,46-55,Graduação,Feminino,Casado
3160,41,36-45,Graduação,Masculino,Casado
3161,30,26-35,Graduação,Feminino,Outros
3162,43,36-45,Graduação,Masculino,Outros
3163,32,26-35,Outros,Masculino,Casado
3164,29,26-35,Graduação,Masculino,Solteiro
3165,24,18-25,Graduação,Feminino,Casado
3166,18,18-25,Ensino Médio,Feminino,Casado
3167,33,26-35,Graduação,Masculino,Solteiro
3168,39,36-45,Outros,Feminino,Casado
3169,36,36-45,Graduação,Masculino,Casado
3170,33,26-35,Graduação,Masculino,Casado
3171,26,26-35,Pós-Graduação,Feminino,Solteiro
3172,45,36-45,Graduação,Masculino,Outros
3173,22,18-25,Graduação,Feminino,Outros
3174,47,46-55,Pós-Graduação,Feminino,Solteiro
3175,25,18-25,Graduação,Feminino,Solteiro
3176,28,26-35,Graduação,Feminino,Casado
3177,20,18-25,Pós-Graduação,Masculino,Outros
3178,31,26-35,Ensino Médio,Masculino,Solteiro
3179,49,46-55,Graduação,Masculino,Solteiro
3180,44,36-45,Pós-Graduação,Masculino,Solteiro
3181,49,46-55,Graduação,Masculino,Solteiro
3182,44,36-45,Ensino Médio,Masculino,Casado
3183,24,18-25,Graduação,Feminino,Casado
3184,34,26-35,Graduação,Masculino,Solteiro
3185,28,26-35,Graduação,Feminino,Outros
3186,53,46-55,Graduação,Feminino,Solteiro
3187,23,18-25,Outros,Feminino,Casado
3188,48,46-55,Ensino Médio,Masculino,Casado
3189,48,46-55,Pós-Graduação,Masculino,Solteiro
3190,59,56+,Graduação,Masculino,Solteiro
3191,33,26-35,Ensino Médio,Masculino,Solteiro
3192,46,46-55,Pós-Graduação,Masculino,Casado
3193,65,56+,Outros,Feminino,Outros
3194,30,26-35,Outros,Masculino,Solteiro
3195,19,18-25,Pós-Graduação,Feminino,Solteiro
3196,18,18-25,Outros,Feminino,Casado
3197,46,46-55,Graduação,Masculino,Casado
3198,18,18-25,Ensino Médio,Masculino,Outros
3199,33,26-35,Graduação,Feminino,Casado
3200,43,36-45,Graduação,Masculino,Solteiro
3201,40,36-45,Graduação,Feminino,Solteiro
3202,43,36-45,Ensino Médio,Masculino,Solteiro
3203,40,36-45,Pós-Graduação,Feminino,Casado
3204,53,46-55,Graduação,Masculino,Casado
3205,26,26-35,Pós-Graduação,Masculino,Outros
3206,29,26-35,Graduação,Feminino,Solteiro
3207,28,26-35,Graduação,Masculino,Casado
3208,47,46-55,Graduação,Masculino,Casado
3209,48,46-55,Graduação,Masculino,Outros
3210,43,36-45,Pós-Graduação,Masculino,Casado
3211,52,46-55,Pós-Graduação,Feminino,Solteiro
3212,23,18-25,Pós-Graduação,Feminino,Casado
3213,58,56+,Graduação,Feminino,Outros
3214,56,56+,Outros,Feminino,Solteiro
3215,46,46-55,Pós-Graduação,Masculino,Solteiro
3216,59,56+,Outros,Masculino,Casado
3217,18,18-25,Ensino Médio,Feminino,Outros
3218,31,26-35,Graduação,Feminino,Casado
3219,29,26-35,Graduação,Masculino,Outros
3220,46,46-55,Ensino Médio,Masculino,Solteiro
3221,25,18-25,Pós-Graduação,Masculino,Solteiro
3222,47,46-55,Graduação,Feminino,Casado
3223,54,46-55,Ensino Médio,Feminino,Solteiro
3224,46,46-55,Graduação,Masculino,Casado
3225,41,36-45,Ensino Médio,Feminino,Casado
3226,26,26-35,Pós-Graduação,Masculino,Casado
3227,27,26-35,Ensino Médio,Masculino,Casado
3228,52,46-55,Graduação,Feminino,Casado
3229,47,46-55,Graduação,Masculino,Casado
3230,37,36-45,Graduação,Masculino,Outros
3231,32,26-35,Graduação,Feminino,Casado
3232,18,18-25,Ensino Médio,Feminino,Solteiro
3233,25,18-25,Graduação,Feminino,Casado
3234,60,56+,Ensino Médio,Masculino,Solteiro
3235,22,18-25,Graduação,Masculino,Solteiro
3236,40,36-45,Pós-Graduação,Feminino,Outros
3237,50,46-55,Pós-Graduação,Feminino,Solteiro
3238,22,18-25,Pós-Graduação,Feminino,Solteiro
3239,40,36-45,Graduação,Masculino,Solteiro
3240,49,46-55,Graduação,Masculino,Casado
3241,38,36-45,Ensino Médio,Feminino,Solteiro
3242,72,56+,Ensino Médio,Feminino,Casado
3243,18,18-25,Pós-Graduação,Masculino,Casado
3244,50,46-55,Graduação,Masculino,Casado
3245,35,26-35,Graduação,Masculino,Solteiro
3246,47,46-55,Graduação,Masculino,Solteiro
3247,43,36-45,Pós-Graduação,Masculino,Solteiro
3248,29,26-35,Pós-Graduação,Masculino,Solteiro
3249,40,36-45,Outros,Feminino,Casado
3250,18,18-25,Ensino Médio,Masculino,Solteiro
3251,45,36-45,Pós-Graduação,Feminino,Solteiro
3252,41,36-45,Graduação,Masculino,Outros
3253,45,36-45,Graduação,Feminino,Solteiro
3254,50,46-55,Ensino Médio,Masculino,Solteiro
3255,42,36-45,Graduação,Feminino,Solteiro
3256,39,36-45,Pós-Graduação,Feminino,Casado
3257,27,26-35,Ensino Médio,Feminino,Casado
3258,29,26-35,Graduação,Feminino,Casado
3259,52,46-55,Graduação,Masculino,Casado
3260,55,46-55,Graduação,Feminino,Solteiro
3261,35,26-35,Graduação,Feminino,Outros
3262,38,36-45,Graduação,Feminino,Casado
3263,27,26-35,Graduação,Masculino,Solteiro
3264,52,46-55,Graduação,Feminino,Solteiro
3265,45,36-45,Pós-Graduação,Masculino,Casado
3266,61,56+,Ensino Médio,Masculino,Casado
3267,27,26-35,Pós-Graduação,Masculino,Solteiro
3268,33,26-35,Pós-Graduação,Masculino,Solteiro
3269,40,36-45,Ensino Médio,Feminino,Outros
3270,45,36-45,Ensino Médio,Feminino,Casado
3271,35,26-35,Ensino Médio,Feminino,Outros
3272,27,26-35,Graduação,Feminino,Casado
3273,48,46-55,Graduação,Masculino,Solteiro
3274,46,46-55,Ensino Médio,Feminino,Solteiro
3275,27,26-35,Ensino Médio,Masculino,Casado
3276,54,46-55,Graduação,Feminino,Casado
3277,52,46-55,Outros,Feminino,Casado
3278,39,36-45,Pós-Graduação,Feminino,Casado
3279,38,36-45,Outros,Feminino,Solteiro
3280,44,36-45,Ensino Médio,Feminino,Casado
3281,27,26-35,Ensino Médio,Masculino,Solteiro
3282,38,36-45,Outros,Masculino,Casado
3283,18,18-25,Ensino Médio,Feminino,Solteiro
3284,48,46-55,Pós-Graduação,Masculino,Solteiro
3285,19,18-25,Graduação,Feminino,Solteiro
3286,56,56+,Pós-Graduação,Masculino,Solteiro
3287,34,26-35,Graduação,Masculino,Casado
3288,35,26-35,Ensino Médio,Feminino,Solteiro
3289,30,26-35,Graduação,Masculino,Casado
3290,34,26-35,Graduação,Masculino,Casado
3291,55,46-55,Graduação,Masculino,Casado
3292,18,18-25,Ensino Médio,Masculino,Solteiro
3293,53,46-55,Pós-Graduação,Feminino,Solteiro
3294,42,36-45,Graduação,Masculino,Solteiro
3295,23,18-25,Pós-Graduação,Feminino,Casado
3296,25,18-25,Ensino Médio,Feminino,Casado
3297,58,56+,Pós-Graduação,Masculino,Outros
3298,26,26-35,Ensino Médio,Feminino,Solteiro
3299,24,18-25,Graduação,Feminino,Casado
3300,51,46-55,Pós-Graduação,Masculino,Solteiro
3301,42,36-45,Outros,Masculino,Casado
3302,26,26-35,Pós-Graduação,Masculino,Casado
3303,40,36-45,Graduação,Feminino,Casado
3304,25,18-25,Pós-Graduação,Feminino,Casado
3305,51,46-55,Graduação,Feminino,Casado
3306,50,46-55,Graduação,Feminino,Outros
3307,44,36-45,Graduação,Feminino,Solteiro
3308,42,36-45,Pós-Graduação,Feminino,Solteiro
3309,59,56+,Graduação,Feminino,Solteiro
3310,37,36-45,Ensino Médio,Masculino,Outros
3311,23,18-25,Ensino Médio,Feminino,Casado
3312,43,36-45,Graduação,Feminino,Solteiro
3313,63,56+,Graduação,Feminino,Solteiro
3314,25,18-25,Graduação,Feminino,Casado
3315,33,26-35,Graduação,Masculino,Casado
3316,42,36-45,Pós-Graduação,Feminino,Solteiro
3317,37,36-45,Graduação,Masculino,Solteiro
3318,26,26-35,Graduação,Feminino,Casado
3319,51,46-55,Graduação,Masculino,Solteiro
3320,65,56+,Graduação,Feminino,Solteiro
3321,40,36-45,Outros,Feminino,Casado
3322,27,26-35,Pós-Graduação,Feminino,Solteiro
3323,19,18-25,Graduação,Masculino,Solteiro
3324,41,36-45,Ensino Médio,Feminino,Solteiro
3325,51,46-55,Graduação,Feminino,Outros
3326,43,36-45,Graduação,Feminino,Casado
3327,37,36-45,Graduação,Masculino,Casado
3328,30,26-35,Pós-Graduação,Feminino,Casado
3329,24,18-25,Graduação,Masculino,Solteiro
3330,48,46-55,Ensino Médio,Feminino,Solteiro
3331,48,46-55,Pós-Graduação,Masculino,Solteiro
3332,19,18-25,Graduação,Feminino,Casado
3333,57,56+,Ensino Médio,Feminino,Casado
3334,44,36-45,Ensino Médio,Masculino,Solteiro
3335,54,46-55,Graduação,Masculino,Solteiro
3336,21,18-25,Ensino Médio,Feminino,Solteiro
3337,21,18-25,Graduação,Masculino,Solteiro
3338,36,36-45,Pós-Graduação,Feminino,Solteiro
3339,44,36-45,Graduação,Masculino,Casado
3340,59,56+,Graduação,Masculino,Casado
3341,46,46-55,Outros,Masculino,Solteiro
3342,35,26-35,Pós-Graduação,Feminino,Solteiro
3343,25,18-25,Graduação,Masculino,Casado
3344,52,46-55,Graduação,Feminino,Outros
3345,26,26-35,Graduação,Feminino,Solteiro
3346,57,56+,Pós-Graduação,Masculino,Casado
3347,34,26-35,Graduação,Feminino,Solteiro
3348,57,56+,Ensino Médio,Masculino,Outros
3349,46,46-55,Graduação,Feminino,Casado
3350,36,36-45,Graduação,Masculino,Solteiro
3351,31,26-35,Graduação,Masculino,Solteiro
3352,33,26-35,Graduação,Feminino,Casado
3353,43,36-45,Graduação,Feminino,Solteiro
3354,38,36-45,Ensino Médio,Masculino,Casado
3355,30,26-35,Outros,Feminino,Casado
3356,36,36-45,Graduação,Masculino,Casado
3357,38,36-45,Graduação,Feminino,Casado
3358,18,18-25,Ensino Médio,Feminino,Casado
3359,43,36-45,Graduação,Masculino,Solteiro
3360,26,26-35,Graduação,Masculino,Casado
3361,24,18-25,Graduação,Masculino,Solteiro
3362,18,18-25,Ensino Médio,Masculino,Solteiro
3363,18,18-25,Graduação,Masculino,Casado
3364,21,18-25,Ensino Médio,Feminino,Solteiro
3365,29,26-35,Ensino Médio,Feminino,Solteiro
3366,61,56+,Graduação,Masculino,Solteiro
3367,31,26-35,Ensino Médio,Feminino,Casado
3368,40,36-45,Ensino Médio,Feminino,Solteiro
3369,42,36-45,Graduação,Feminino,Outros
3370,39,36-45,Pós-Graduação,Masculino,Casado
3371,37,36-45,Pós-Graduação,Feminino,Casado
3372,23,18-25,Graduação,Masculino,Solteiro
3373,55,46-55,Graduação,Masculino,Casado
3374,59,56+,Graduação,Masculino,Solteiro
3375,18,18-25,Pós-Graduação,Masculino,Casado
3376,25,18-25,Ensino Médio,Masculino,Casado
3377,34,26-35,Graduação,Feminino,Solteiro
3378,26,26-35,Graduação,Masculino,Casado
3379,44,36-45,Graduação,Feminino,Casado
3380,29,26-35,Graduação,Masculino,Casado
3381,63,56+,Graduação,Feminino,Casado
3382,52,46-55,Graduação,Feminino,Solteiro
3383,40,36-45,Pós-Graduação,Masculino,Outros
3384,50,46-55,Ensino Médio,Masculino,Casado
3385,51,46-55,Ensino Médio,Feminino,Solteiro
3386,31,26-35,Graduação,Masculino,Casado
3387,28,26-35,Ensino Médio,Masculino,Solteiro
3388,38,36-45,Ensino Médio,Masculino,Casado
3389,48,46-55,Pós-Graduação,Feminino,Casado
3390,39,36-45,Outros,Feminino,Solteiro
3391,19,18-25,Ensino Médio,Feminino,Casado
3392,28,26-35,Graduação,Feminino,Casado
3393,37,36-45,Pós-Graduação,Feminino,Solteiro
3394,37,36-45,Pós-Graduação,Feminino,Solteiro
3395,61,56+,Pós-Graduação,Feminino,Solteiro
3396,21,18-25,Ensino Médio,Masculino,Solteiro
3397,44,36-45,Graduação,Masculino,Solteiro
3398,55,46-55,Ensino Médio,Feminino,Casado
3399,65,56+,Ensino Médio,Feminino,Casado
3400,33,26-35,Graduação,Masculino,Solteiro
3401,43,36-45,Ensino Médio,Masculino,Solteiro
3402,44,36-45,Pós-Graduação,Feminino,Solteiro
3403,40,36-45,Graduação,Feminino,Solteiro
3404,36,36-45,Graduação,Masculino,Casado
3405,43,36-45,Pós-Graduação,Feminino,Casado
3406,18,18-25,Pós-Graduação,Feminino,Casado
3407,46,46-55,Ensino Médio,Feminino,Solteiro
3408,39,36-45,Ensino Médio,Masculino,Solteiro
3409,35,26-35,Graduação,Masculino,Outros
3410,62,56+,Ensino Médio,Masculino,Solteiro
3411,29,26-35,Ensino Médio,Masculino,Outros
3412,33,26-35,Graduação,Feminino,Solteiro
3413,61,56+,Pós-Graduação,Masculino,Outros
3414,28,26-35,Outros,Feminino,Solteiro
3415,31,26-35,Graduação,Masculino,Outros
3416,36,36-45,Pós-Graduação,Masculino,Casado
3417,48,46-55,Graduação,Feminino,Casado
3418,40,36-45,Ensino Médio,Feminino,Solteiro
3419,22,18-25,Graduação,Masculino,Outros
3420,31,26-35,Graduação,Feminino,Casado
3421,30,26-35,Graduação,Masculino,Casado
3422,37,36-45,Outros,Feminino,Solteiro
3423,43,36-45,Pós-Graduação,Feminino,Solteiro
3424,43,36-45,Graduação,Masculino,Casado
3425,18,18-25,Outros,Feminino,Solteiro
3426,50,46-55,Pós-Graduação,Feminino,Outros
3427,41,36-45,Outros,Masculino,Outros
3428,54,46-55,Outros,Masculino,Casado
3429,43,36-45,Ensino Médio,Feminino,Casado
3430,51,46-55,Graduação,Masculino,Casado
3431,43,36-45,Graduação,Masculino,Casado
3432,54,46-55,Ensino Médio,Feminino,Casado
3433,44,36-45,Outros,Masculino,Solteiro
3434,36,36-45,Pós-Graduação,Masculino,Casado
3435,65,56+,Ensino Médio,Feminino,Outros
3436,48,46-55,Graduação,Feminino,Outros
3437,44,36-45,Pós-Graduação,Masculino,Casado
3438,22,18-25,Graduação,Masculino,Outros
3439,22,18-25,Ensino Médio,Feminino,Solteiro
3440,41,36-45,Graduação,Feminino,Solteiro
3441,39,36-45,Graduação,Masculino,Casado
3442,30,26-35,Outros,Masculino,Solteiro
3443,39,36-45,Graduação,Masculino,Casado
3444,57,56+,Graduação,Feminino,Solteiro
3445,46,46-55,Graduação,Feminino,Casado
3446,24,18-25,Graduação,Feminino,Solteiro
3447,36,36-45,Ensino Médio,Feminino,Casado
3448,28,26-35,Outros,Feminino,Casado
3449,33,26-35,Graduação,Masculino,Solteiro
3450,33,26-35,Ensino Médio,Feminino,Solteiro
3451,32,26-35,Pós-Graduação,Feminino,Casado
3452,22,18-25,Graduação,Feminino,Casado
3453,36,36-45,Graduação,Masculino,Outros
3454,31,26-35,Pós-Graduação,Feminino,Solteiro
3455,18,18-25,Graduação,Masculino,Casado
3456,62,56+,Graduação,Masculino,Solteiro
3457,51,46-55,Pós-Graduação,Feminino,Solteiro
3458,33,26-35,Graduação,Feminino,Casado
3459,38,36-45,Graduação,Masculino,Solteiro
3460,23,18-25,Graduação,Feminino,Solteiro
3461,58,56+,Outros,Masculino,Solteiro
3462,60,56+,Graduação,Masculino,Casado
3463,39,36-45,Graduação,Masculino,Solteiro
3464,50,46-55,Outros,Feminino,Casado
3465,40,36-45,Ensino Médio,Feminino,Outros
3466,21,18-25,Graduação,Feminino,Casado
3467,33,26-35,Pós-Graduação,Feminino,Solteiro
3468,39,36-45,Ensino Médio,Masculino,Solteiro
3469,32,26-35,Graduação,Masculino,Casado
3470,35,26-35,Ensino Médio,Feminino,Solteiro
3471,36,36-45,Ensino Médio,Masculino,Solteiro
3472,37,36-45,Graduação,Feminino,Casado
3473,38,36-45,Outros,Feminino,Solteiro
3474,25,18-25,Graduação,Feminino,Solteiro
3475,29,26-35,Pós-Graduação,Masculino,Casado
3476,22,18-25,Ensino Médio,Masculino,Outros
3477,49,46-55,Graduação,Masculino,Outros
3478,18,18-25,Ensino Médio,Masculino,Casado
3479,51,46-55,Outros,Feminino,Solteiro
3480,54,46-55,Ensino Médio,Masculino,Casado
3481,34,26-35,Graduação,Masculino,Solteiro
3482,18,18-25,Graduação,Masculino,Outros
3483,33,26-35,Graduação,Masculino,Casado
3484,37,36-45,Graduação,Feminino,Solteiro
3485,25,18-25,Graduação,Masculino,Solteiro
3486,31,26-35,Ensino Médio,Masculino,Casado
3487,56,56+,Ensino Médio,Masculino,Outros
3488,45,36-45,Pós-Graduação,Masculino,Solteiro
3489,26,26-35,Graduação,Masculino,Solteiro
3490,18,18-25,Ensino Médio,Masculino,Solteiro
3491,34,26-35,Graduação,Masculino,Casado
3492,35,26-35,Graduação,Feminino,Casado
3493,43,36-45,Ensino Médio,Feminino,Outros
3494,31,26-35,Ensino Médio,Feminino,Solteiro
3495,44,36-45,Graduação,Masculino,Solteiro
3496,61,56+,Ensino Médio,Masculino,Casado
3497,47,46-55,Pós-Graduação,Feminino,Solteiro
3498,37,36-45,Outros,Masculino,Outros
3499,35,26-35,Pós-Graduação,Feminino,Casado
3500,33,26-35,Pós-Graduação,Masculino,Casado
3501,52,46-55,Ensino Médio,Masculino,Solteiro
3502,30,26-35,Graduação,Feminino,Casado
3503,38,36-45,Ensino Médio,Masculino,Casado
3504,38,36-45,Ensino Médio,Masculino,Outros
3505,31,26-35,Ensino Médio,Masculino,Outros
3506,21,18-25,Outros,Masculino,Solteiro
3507,41,36-45,Graduação,Masculino,Solteiro
3508,37,36-45,Ensino Médio,Feminino,Solteiro
3509,44,36-45,Pós-Graduação,Feminino,Solteiro
3510,31,26-35,Graduação,Feminino,Casado
3511,52,46-55,Ensino Médio,Masculino,Casado
3512,27,26-35,Graduação,Feminino,Casado
3513,58,56+,Graduação,Feminino,Casado
3514,18,18-25,Graduação,Masculino,Casado
3515,43,36-45,Graduação,Feminino,Casado
3516,43,36-45,Outros,Feminino,Casado
3517,28,26-35,Pós-Graduação,Feminino,Casado
3518,43,36-45,Graduação,Masculino,Solteiro
3519,53,46-55,Ensino Médio,Masculino,Casado
3520,18,18-25,Graduação,Feminino,Solteiro
3521,44,36-45,Pós-Graduação,Masculino,Casado
3522,18,18-25,Graduação,Feminino,Solteiro
3523,26,26-35,Graduação,Feminino,Outros
3524,57,56+,Pós-Graduação,Feminino,Solteiro
3525,31,26-35,Ensino Médio,Masculino,Solteiro
3526,23,18-25,Graduação,Feminino,Outros
3527,35,26-35,Outros,Masculino,Casado
3528,62,56+,Ensino Médio,Feminino,Outros
3529,18,18-25,Ensino Médio,Feminino,Solteiro
3530,25,18-25,Pós-Graduação,Masculino,Solteiro
3531,55,46-55,Graduação,Feminino,Casado
3532,60,56+,Pós-Graduação,Masculino,Solteiro
3533,36,36-45,Outros,Masculino,Solteiro
3534,23,18-25,Pós-Graduação,Masculino,Solteiro
3535,63,56+,Graduação,Masculino,Solteiro
3536,57,56+,Graduação,Masculino,Casado
3537,46,46-55,Graduação,Masculino,Casado
3538,28,26-35,Graduação,Feminino,Casado
3539,37,36-45,Graduação,Feminino,Casado
3540,36,36-45,Pós-Graduação,Feminino,Casado
3541,41,36-45,Pós-Graduação,Masculino,Casado
3542,55,46-55,Graduação,Feminino,Casado
3543,48,46-55,Ensino Médio,Feminino,Solteiro
3544,25,18-25,Graduação,Masculino,Casado
3545,54,46-55,Graduação,Feminino,Outros
3546,41,36-45,Graduação,Masculino,Solteiro
3547,46,46-55,Graduação,Feminino,Solteiro
3548,55,46-55,Outros,Masculino,Casado
3549,24,18-25,Pós-Graduação,Masculino,Solteiro
3550,37,36-45,Ensino Médio,Feminino,Solteiro
3551,31,26-35,Ensino Médio,Masculino,Outros
3552,19,18-25,Ensino Médio,Masculino,Solteiro
3553,42,36-45,Pós-Graduação,Feminino,Solteiro
3554,68,56+,Graduação,Feminino,Solteiro
3555,18,18-25,Ensino Médio,Feminino,Casado
3556,37,36-45,Pós-Graduação,Masculino,Casado
3557,45,36-45,Ensino Médio,Masculino,Solteiro
3558,39,36-45,Ensino Médio,Feminino,Casado
3559,36,36-45,Ensino Médio,Masculino,Casado
3560,22,18-25,Pós-Graduação,Masculino,Solteiro
3561,40,36-45,Ensino Médio,Feminino,Casado
3562,28,26-35,Ensino Médio,Masculino,Solteiro
3563,18,18-25,Ensino Médio,Masculino,Outros
3564,52,46-55,Pós-Graduação,Masculino,Casado
3565,49,46-55,Pós-Graduação,Masculino,Casado
3566,38,36-45,Graduação,Masculino,Casado
3567,40,36-45,Pós-Graduação,Masculino,Casado
3568,50,46-55,Graduação,Masculino,Casado
3569,40,36-45,Outros,Feminino,Casado
3570,48,46-55,Graduação,Feminino,Casado
3571,34,26-35,Ensino Médio,Masculino,Casado
3572,53,46-55,Pós-Graduação,Masculino,Solteiro
3573,41,36-45,Pós-Graduação,Masculino,Outros
3574,40,36-45,Pós-Graduação,Masculino,Solteiro
3575,22,18-25,Graduação,Masculino,Solteiro
3576,41,36-45,Outros,Feminino,Casado
3577,28,26-35,Pós-Graduação,Feminino,Solteiro
3578,30,26-35,Graduação,Feminino,Casado
3579,28,26-35,Graduação,Masculino,Casado
3580,25,18-25,Outros,Masculino,Solteiro
3581,63,56+,Pós-Graduação,Feminino,Casado
3582,53,46-55,Graduação,Masculino,Casado
3583,61,56+,Pós-Graduação,Feminino,Outros
3584,23,18-25,Graduação,Masculino,Outros
3585,38,36-45,Graduação,Feminino,Casado
3586,22,18-25,Ensino Médio,Feminino,Casado
3587,29,26-35,Graduação,Feminino,Solteiro
3588,26,26-35,Graduação,Feminino,Solteiro
3589,52,46-55,Graduação,Masculino,Casado
3590,33,26-35,Pós-Graduação,Masculino,Solteiro
3591,50,46-55,Graduação,Feminino,Outros
3592,45,36-45,Outros,Masculino,Casado
3593,65,56+,Ensino Médio,Masculino,Outros
3594,20,18-25,Ensino Médio,Masculino,Outros
3595,53,46-55,Ensino Médio,Masculino,Casado
3596,51,46-55,Pós-Graduação,Masculino,Solteiro
3597,26,26-35,Graduação,Feminino,Casado
3598,50,46-55,Pós-Graduação,Masculino,Solteiro
3599,42,36-45,Graduação,Masculino,Solteiro
3600,35,26-35,Pós-Graduação,Feminino,Casado
3601,28,26-35,Graduação,Feminino,Solteiro
3602,29,26-35,Ensino Médio,Feminino,Solteiro
3603,62,56+,Ensino Médio,Masculino,Casado
3604,38,36-45,Ensino Médio,Feminino,Casado
3605,47,46-55,Outros,Masculino,Casado
3606,28,26-35,Pós-Graduação,Masculino,Solteiro
3607,28,26-35,Pós-Graduação,Masculino,Outros
3608,50,46-55,Ensino Médio,Masculino,Solteiro
3609,21,18-25,Graduação,Masculino,Casado
3610,33,26-35,Graduação,Feminino,Solteiro
3611,38,36-45,Graduação,Masculino,Casado
3612,39,36-45,Graduação,Masculino,Casado
3613,35,26-35,Graduação,Masculino,Solteiro
3614,42,36-45,Graduação,Masculino,Solteiro
3615,46,46-55,Graduação,Feminino,Solteiro
3616,46,46-55,Ensino Médio,Masculino,Outros
3617,26,26-35,Graduação,Feminino,Solteiro
3618,34,26-35,Graduação,Masculino,Solteiro
3619,52,46-55,Pós-Graduação,Feminino,Casado
3620,48,46-55,Graduação,Feminino,Outros
3621,21,18-25,Ensino Médio,Feminino,Solteiro
3622,42,36-45,Ensino Médio,Feminino,Outros
3623,18,18-25,Ensino Médio,Feminino,Casado
3624,38,36-45,Graduação,Masculino,Solteiro
3625,60,56+,Graduação,Masculino,Solteiro
3626,26,26-35,Graduação,Feminino,Casado
3627,27,26-35,Graduação,Feminino,Solteiro
3628,47,46-55,Graduação,Masculino,Outros
3629,19,18-25,Graduação,Masculino,Casado
3630,30,26-35,Graduação,Feminino,Casado
3631,45,36-45,Ensino Médio,Masculino,Solteiro
3632,30,26-35,Pós-Graduação,Masculino,Casado
3633,35,26-35,Ensino Médio,Masculino,Solteiro
3634,46,46-55,Pós-Graduação,Feminino,Solteiro
3635,43,36-45,Pós-Graduação,Feminino,Casado
3636,41,36-45,Outros,Masculino,Solteiro
3637,33,26-35,Outros,Masculino,Solteiro
3638,42,36-45,Pós-Graduação,Masculino,Solteiro
3639,36,36-45,Graduação,Masculino,Solteiro
3640,43,36-45,Pós-Graduação,Feminino,Solteiro
3641,32,26-35,Graduação,Feminino,Casado
3642,35,26-35,Ensino Médio,Masculino,Casado
3643,26,26-35,Outros,Feminino,Casado
3644,37,36-45,Graduação,Feminino,Casado
3645,28,26-35,Graduação,Masculino,Outros
3646,24,18-25,Graduação,Masculino,Solteiro
3647,41,36-45,Graduação,Feminino,Solteiro
3648,40,36-45,Outros,Masculino,Casado
3649,47,46-55,Ensino Médio,Feminino,Casado
3650,32,26-35,Graduação,Masculino,Outros
3651,42,36-45,Graduação,Feminino,Casado
3652,44,36-45,Graduação,Feminino,Solteiro
3653,43,36-45,Pós-Graduação,Feminino,Casado
3654,28,26-35,Ensino Médio,Feminino,Outros
3655,39,36-45,Graduação,Feminino,Solteiro
3656,42,36-45,Graduação,Feminino,Solteiro
3657,38,36-45,Graduação,Masculino,Casado
3658,18,18-25,Ensino Médio,Masculino,Solteiro
3659,39,36-45,Pós-Graduação,Feminino,Outros
3660,64,56+,Ensino Médio,Feminino,Outros
3661,33,26-35,Ensino Médio,Masculino,Casado
3662,29,26-35,Outros,Masculino,Casado
3663,42,36-45,Graduação,Feminino,Casado
3664,41,36-45,Graduação,Masculino,Casado
3665,52,46-55,Graduação,Masculino,Solteiro
3666,22,18-25,Graduação,Feminino,Casado
3667,46,46-55,Pós-Graduação,Feminino,Casado
3668,45,36-45,Graduação,Masculino,Solteiro
3669,36,36-45,Graduação,Masculino,Solteiro
3670,42,36-45,Ensino Médio,Masculino,Solteiro
3671,50,46-55,Pós-Graduação,Masculino,Outros
3672,48,46-55,Graduação,Feminino,Casado
3673,24,18-25,Ensino Médio,Masculino,Solteiro
3674,47,46-55,Ensino Médio,Masculino,Casado
3675,37,36-45,Ensino Médio,Masculino,Casado
3676,38,36-45,Ensino Médio,Masculino,Casado
3677,38,36-45,Outros,Feminino,Casado
3678,36,36-45,Graduação,Masculino,Casado
3679,52,46-55,Graduação,Feminino,Casado
3680,36,36-45,Pós-Graduação,Feminino,Outros
3681,24,18-25,Pós-Graduação,Masculino,Solteiro
3682,33,26-35,Graduação,Feminino,Outros
3683,40,36-45,Pós-Graduação,Masculino,Solteiro
3684,52,46-55,Graduação,Feminino,Casado
3685,45,36-45,Pós-Graduação,Masculino,Casado
3686,27,26-35,Pós-Graduação,Feminino,Casado
3687,67,56+,Outros,Masculino,Casado
3688,41,36-45,Pós-Graduação,Feminino,Solteiro
3689,53,46-55,Ensino Médio,Masculino,Solteiro
3690,36,36-45,Pós-Graduação,Feminino,Casado
3691,44,36-45,Outros,Masculino,Casado
3692,48,46-55,Ensino Médio,Feminino,Casado
3693,52,46-55,Ensino Médio,Masculino,Casado
3694,50,46-55,Ensino Médio,Masculino,Casado
3695,48,46-55,Pós-Graduação,Feminino,Solteiro
3696,34,26-35,Outros,Feminino,Casado
3697,31,26-35,Ensino Médio,Masculino,Solteiro
3698,41,36-45,Ensino Médio,Feminino,Casado
3699,49,46-55,Ensino Médio,Feminino,Casado
3700,35,26-35,Graduação,Feminino,Solteiro
3701,50,46-55,Ensino Médio,Masculino,Solteiro
3702,55,46-55,Graduação,Masculino,Casado
3703,27,26-35,Graduação,Feminino,Outros
3704,27,26-35,Pós-Graduação,Masculino,Casado
3705,36,36-45,Outros,Feminino,Casado
3706,41,36-45,Pós-Graduação,Masculino,Solteiro
3707,31,26-35,Graduação,Masculino,Solteiro
3708,54,46-55,Graduação,Feminino,Casado
3709,43,36-45,Ensino Médio,Feminino,Casado
3710,38,36-45,Graduação,Feminino,Solteiro
3711,20,18-25,Graduação,Masculino,Casado
3712,22,18-25,Pós-Graduação,Masculino,Casado
3713,41,36-45,Ensino Médio,Masculino,Solteiro
3714,18,18-25,Outros,Masculino,Outros
3715,50,46-55,Ensino Médio,Feminino,Casado
3716,36,36-45,Graduação,Feminino,Solteiro
3717,75,56+,Outros,Masculino,Solteiro
3718,65,56+,Graduação,Feminino,Casado
3719,35,26-35,Graduação,Masculino,Solteiro
3720,36,36-45,Graduação,Feminino,Outros
3721,49,46-55,Graduação,Masculino,Casado
3722,58,56+,Ensino Médio,Feminino,Casado
3723,18,18-25,Graduação,Masculino,Outros
3724,18,18-25,Graduação,Masculino,Solteiro
3725,30,26-35,Graduação,Masculino,Casado
3726,44,36-45,Pós-Graduação,Masculino,Solteiro
3727,43,36-45,Graduação,Masculino,Solteiro
3728,50,46-55,Graduação,Masculino,Solteiro
3729,23,18-25,Pós-Graduação,Masculino,Outros
3730,18,18-25,Ensino Médio,Feminino,Casado
3731,48,46-55,Ensino Médio,Masculino,Casado
3732,28,26-35,Ensino Médio,Feminino,Solteiro
3733,18,18-25,Graduação,Masculino,Casado
3734,39,36-45,Ensino Médio,Feminino,Solteiro
3735,47,46-55,Outros,Feminino,Casado
3736,36,36-45,Ensino Médio,Masculino,Casado
3737,32,26-35,Graduação,Feminino,Solteiro
3738,36,36-45,Graduação,Masculino,Solteiro
3739,33,26-35,Outros,Feminino,Solteiro
3740,21,18-25,Graduação,Feminino,Solteiro
3741,29,26-35,Graduação,Masculino,Casado
3742,44,36-45,Graduação,Masculino,Casado
3743,41,36-45,Pós-Graduação,Masculino,Solteiro
3744,40,36-45,Outros,Masculino,Casado
3745,26,26-35,Graduação,Feminino,Solteiro
3746,35,26-35,Graduação,Masculino,Solteiro
3747,18,18-25,Ensino Médio,Masculino,Casado
3748,40,36-45,Graduação,Masculino,Solteiro
3749,55,46-55,Pós-Graduação,Masculino,Casado
3750,20,18-25,Graduação,Masculino,Solteiro
3751,30,26-35,Ensino Médio,Feminino,Casado
3752,41,36-45,Graduação,Masculino,Casado
3753,53,46-55,Ensino Médio,Feminino,Solteiro
3754,32,26-35,Graduação,Masculino,Solteiro
3755,29,26-35,Graduação,Masculino,Solteiro
3756,18,18-25,Pós-Graduação,Feminino,Solteiro
3757,39,36-45,Graduação,Masculino,Solteiro
3758,62,56+,Ensino Médio,Masculino,Casado
3759,41,36-45,Ensino Médio,Feminino,Solteiro
3760,37,36-45,Graduação,Masculino,Solteiro
3761,41,36-45,Graduação,Masculino,Casado
3762,37,36-45,Ensino Médio,Feminino,Solteiro
3763,28,26-35,Graduação,Feminino,Outros
3764,47,46-55,Pós-Graduação,Masculino,Casado
3765,40,36-45,Outros,Masculino,Outros
3766,38,36-45,Graduação,Masculino,Casado
3767,26,26-35,Outros,Masculino,Casado
3768,53,46-55,Graduação,Feminino,Casado
3769,45,36-45,Ensino Médio,Feminino,Solteiro
3770,31,26-35,Graduação,Feminino,Casado
3771,50,46-55,Graduação,Masculino,Outros
3772,32,26-35,Graduação,Masculino,Solteiro
3773,28,26-35,Graduação,Feminino,Solteiro
3774,28,26-35,Pós-Graduação,Masculino,Solteiro
3775,18,18-25,Graduação,Feminino,Outros
3776,43,36-45,Pós-Graduação,Feminino,Solteiro
3777,18,18-25,Ensino Médio,Feminino,Solteiro
3778,23,18-25,Graduação,Masculino,Solteiro
3779,18,18-25,Pós-Graduação,Masculino,Solteiro
3780,36,36-45,Pós-Graduação,Feminino,Solteiro
3781,36,36-45,Pós-Graduação,Feminino,Casado
3782,34,26-35,Graduação,Feminino,Solteiro
3783,25,18-25,Pós-Graduação,Masculino,Casado
3784,23,18-25,Ensino Médio,Feminino,Casado
3785,43,36-45,Pós-Graduação,Feminino,Solteiro
3786,31,26-35,Graduação,Masculino,Outros
3787,41,36-45,Ensino Médio,Masculino,Outros
3788,27,26-35,Ensino Médio,Feminino,Solteiro
3789,40,36-45,Pós-Graduação,Masculino,Solteiro
3790,53,46-55,Ensino Médio,Masculino,Casado
3791,45,36-45,Graduação,Feminino,Solteiro
3792,33,26-35,Ensino Médio,Masculino,Casado
3793,41,36-45,Graduação,Feminino,Casado
3794,35,26-35,Ensino Médio,Masculino,Solteiro
3795,38,36-45,Outros,Masculino,Casado
3796,34,26-35,Graduação,Feminino,Casado
3797,36,36-45,Graduação,Feminino,Solteiro
3798,40,36-45,Graduação,Masculino,Casado
3799,26,26-35,Pós-Graduação,Feminino,Casado
3800,25,18-25,Pós-Graduação,Masculino,Casado
3801,21,18-25,Pós-Graduação,Masculino,Casado
3802,18,18-25,Graduação,Masculino,Casado
3803,23,18-25,Graduação,Masculino,Solteiro
3804,39,36-45,Graduação,Feminino,Casado
3805,27,26-35,Pós-Graduação,Feminino,Solteiro
3806,44,36-45,Graduação,Feminino,Casado
3807,38,36-45,Outros,Feminino,Solteiro
3808,18,18-25,Graduação,Masculino,Solteiro
3809,45,36-45,Graduação,Feminino,Solteiro
3810,47,46-55,Ensino Médio,Feminino,Solteiro
3811,26,26-35,Ensino Médio,Feminino,Outros
3812,43,36-45,Graduação,Feminino,Casado
3813,27,26-35,Ensino Médio,Feminino,Solteiro
3814,39,36-45,Graduação,Masculino,Outros
3815,22,18-25,Ensino Médio,Feminino,Casado
3816,18,18-25,Graduação,Feminino,Casado
3817,33,26-35,Graduação,Feminino,Casado
3818,36,36-45,Pós-Graduação,Masculino,Solteiro
3819,33,26-35,Ensino Médio,Masculino,Casado
3820,23,18-25,Graduação,Feminino,Casado
3821,33,26-35,Graduação,Masculino,Solteiro
3822,41,36-45,Graduação,Feminino,Solteiro
3823,37,36-45,Outros,Masculino,Casado
3824,40,36-45,Ensino Médio,Masculino,Casado
3825,29,26-35,Graduação,Masculino,Solteiro
3826,52,46-55,Graduação,Feminino,Outros
3827,23,18-25,Graduação,Masculino,Solteiro
3828,43,36-45,Graduação,Masculino,Solteiro
3829,52,46-55,Outros,Masculino,Casado
3830,43,36-45,Pós-Graduação,Masculino,Casado
3831,35,26-35,Graduação,Masculino,Solteiro
3832,31,26-35,Graduação,Masculino,Solteiro
3833,50,46-55,Graduação,Feminino,Solteiro
3834,20,18-25,Graduação,Feminino,Solteiro
3835,26,26-35,Graduação,Masculino,Outros
3836,33,26-35,Pós-Graduação,Masculino,Casado
3837,52,46-55,Graduação,Feminino,Casado
3838,42,36-45,Graduação,Masculino,Casado
3839,26,26-35,Pós-Graduação,Feminino,Casado
3840,34,26-35,Pós-Graduação,Feminino,Casado
3841,30,26-35,Ensino Médio,Masculino,Outros
3842,29,26-35,Graduação,Masculino,Casado
3843,49,46-55,Graduação,Feminino,Casado
3844,21,18-25,Ensino Médio,Masculino,Casado
3845,57,56+,Ensino Médio,Masculino,Outros
3846,47,46-55,Graduação,Masculino,Solteiro
3847,51,46-55,Graduação,Feminino,Outros
3848,32,26-35,Graduação,Masculino,Outros
3849,36,36-45,Graduação,Masculino,Solteiro
3850,20,18-25,Graduação,Feminino,Casado
3851,31,26-35,Ensino Médio,Masculino,Casado
3852,43,36-45,Ensino Médio,Masculino,Casado
3853,53,46-55,Pós-Graduação,Masculino,Solteiro
3854,24,18-25,Pós-Graduação,Feminino,Casado
3855,33,26-35,Graduação,Feminino,Casado
3856,36,36-45,Graduação,Masculino,Solteiro
3857,21,18-25,Pós-Graduação,Masculino,Solteiro
3858,45,36-45,Ensino Médio,Masculino,Solteiro
3859,29,26-35,Graduação,Masculino,Casado
3860,35,26-35,Outros,Masculino,Solteiro
3861,32,26-35,Ensino Médio,Feminino,Solteiro
3862,28,26-35,Ensino Médio,Feminino,Casado
3863,37,36-45,Graduação,Masculino,Solteiro
3864,35,26-35,Graduação,Feminino,Outros
3865,33,26-35,Graduação,Feminino,Casado
3866,29,26-35,Pós-Graduação,Feminino,Casado
3867,41,36-45,Graduação,Masculino,Solteiro
3868,57,56+,Graduação,Masculino,Casado
3869,39,36-45,Pós-Graduação,Masculino,Solteiro
3870,49,46-55,Graduação,Masculino,Casado
3871,21,18-25,Ensino Médio,Feminino,Solteiro
3872,39,36-45,Pós-Graduação,Feminino,Solteiro
3873,24,18-25,Pós-Graduação,Masculino,Solteiro
3874,20,18-25,Graduação,Masculino,Casado
3875,29,26-35,Outros,Feminino,Casado
3876,52,46-55,Graduação,Feminino,Casado
3877,49,46-55,Pós-Graduação,Feminino,Casado
3878,40,36-45,Graduação,Masculino,Casado
3879,19,18-25,Outros,Feminino,Solteiro
3880,35,26-35,Ensino Médio,Feminino,Casado
3881,41,36-45,Graduação,Feminino,Solteiro
3882,40,36-45,Graduação,Masculino,Casado
3883,18,18-25,Graduação,Masculino,Solteiro
3884,27,26-35,Pós-Graduação,Masculino,Outros
3885,37,36-45,Ensino Médio,Feminino,Casado
3886,44,36-45,Ensino Médio,Feminino,Solteiro
3887,18,18-25,Outros,Feminino,Solteiro
3888,36,36-45,Graduação,Feminino,Solteiro
3889,39,36-45,Pós-Graduação,Masculino,Solteiro
3890,48,46-55,Graduação,Masculino,Casado
3891,46,46-55,Ensino Médio,Masculino,Casado
3892,44,36-45,Ensino Médio,Masculino,Casado
3893,28,26-35,Pós-Graduação,Feminino,Solteiro
3894,18,18-25,Graduação,Feminino,Outros
3895,33,26-35,Graduação,Masculino,Solteiro
3896,50,46-55,Graduação,Feminino,Casado
3897,54,46-55,Ensino Médio,Feminino,Solteiro
3898,46,46-55,Graduação,Masculino,Solteiro
3899,43,36-45,Ensino Médio,Masculino,Casado
3900,42,36-45,Graduação,Masculino,Casado
3901,31,26-35,Ensino Médio,Masculino,Casado
3902,36,36-45,Graduação,Feminino,Outros
3903,58,56+,Ensino Médio,Masculino,Solteiro
3904,26,26-35,Graduação,Masculino,Casado
3905,57,56+,Graduação,Feminino,Casado
3906,34,26-35,Graduação,Feminino,Solteiro
3907,53,46-55,Graduação,Masculino,Outros
3908,21,18-25,Graduação,Feminino,Solteiro
3909,45,36-45,Graduação,Masculino,Solteiro
3910,29,26-35,Outros,Masculino,Casado
3911,21,18-25,Pós-Graduação,Feminino,Solteiro
3912,40,36-45,Ensino Médio,Masculino,Casado
3913,50,46-55,Outros,Feminino,Solteiro
3914,27,26-35,Pós-Graduação,Masculino,Casado
3915,20,18-25,Ensino Médio,Masculino,Solteiro
3916,36,36-45,Graduação,Masculino,Casado
3917,36,36-45,Pós-Graduação,Masculino,Solteiro
3918,44,36-45,Graduação,Feminino,Casado
3919,49,46-55,Outros,Feminino,Casado
3920,37,36-45,Pós-Graduação,Feminino,Solteiro
3921,60,56+,Graduação,Feminino,Casado
3922,40,36-45,Graduação,Masculino,Outros
3923,33,26-35,Ensino Médio,Feminino,Solteiro
3924,18,18-25,Pós-Graduação,Feminino,Solteiro
3925,34,26-35,Ensino Médio,Feminino,Solteiro
3926,33,26-35,Ensino Médio,Feminino,Solteiro
3927,49,46-55,Ensino Médio,Feminino,Solteiro
3928,43,36-45,Outros,Masculino,Outros
3929,23,18-25,Ensino Médio,Feminino,Casado
3930,40,36-45,Pós-Graduação,Masculino,Casado
3931,46,46-55,Graduação,Masculino,Solteiro
3932,56,56+,Graduação,Feminino,Casado
3933,48,46-55,Graduação,Masculino,Solteiro
3934,47,46-55,Graduação,Masculino,Casado
3935,38,36-45,Graduação,Masculino,Casado
3936,42,36-45,Graduação,Feminino,Solteiro
3937,52,46-55,Outros,Masculino,Solteiro
3938,22,18-25,Pós-Graduação,Feminino,Outros
3939,33,26-35,Outros,Masculino,Solteiro
3940,28,26-35,Graduação,Masculino,Casado
3941,42,36-45,Graduação,Masculino,Casado
3942,52,46-55,Ensino Médio,Feminino,Casado
3943,30,26-35,Graduação,Masculino,Solteiro
3944,18,18-25,Graduação,Feminino,Casado
3945,33,26-35,Graduação,Feminino,Casado
3946,48,46-55,Graduação,Feminino,Outros
3947,44,36-45,Outros,Feminino,Solteiro
3948,43,36-45,Ensino Médio,Masculino,Casado
3949,34,26-35,Pós-Graduação,Feminino,Casado
3950,22,18-25,Pós-Graduação,Feminino,Solteiro
3951,44,36-45,Graduação,Feminino,Outros
3952,27,26-35,Pós-Graduação,Feminino,Casado
3953,64,56+,Graduação,Feminino,Casado
3954,44,36-45,Pós-Graduação,Feminino,Solteiro
3955,31,26-35,Graduação,Masculino,Solteiro
3956,30,26-35,Pós-Graduação,Feminino,Solteiro
3957,36,36-45,Graduação,Feminino,Solteiro
3958,35,26-35,Ensino Médio,Feminino,Outros
3959,51,46-55,Graduação,Masculino,Casado
3960,40,36-45,Outros,Feminino,Casado
3961,29,26-35,Ensino Médio,Feminino,Solteiro
3962,60,56+,Graduação,Masculino,Solteiro
3963,38,36-45,Pós-Graduação,Feminino,Solteiro
3964,47,46-55,Ensino Médio,Masculino,Casado
3965,30,26-35,Outros,Feminino,Solteiro
3966,42,36-45,Ensino Médio,Masculino,Casado
3967,41,36-45,Pós-Graduação,Masculino,Solteiro
3968,18,18-25,Outros,Masculino,Casado
3969,62,56+,Graduação,Feminino,Solteiro
3970,53,46-55,Ensino Médio,Masculino,Solteiro
3971,33,26-35,Outros,Feminino,Casado
3972,24,18-25,Graduação,Feminino,Casado
3973,42,36-45,Outros,Feminino,Solteiro
3974,39,36-45,Graduação,Masculino,Solteiro
3975,42,36-45,Outros,Feminino,Casado
3976,40,36-45,Graduação,Feminino,Casado
3977,44,36-45,Outros,Masculino,Casado
3978,55,46-55,Pós-Graduação,Masculino,Outros
3979,44,36-45,Ensino Médio,Masculino,Casado
3980,25,18-25,Graduação,Feminino,Casado
3981,54,46-55,Graduação,Masculino,Solteiro
3982,57,56+,Graduação,Masculino,Solteiro
3983,75,56+,Ensino Médio,Feminino,Casado
3984,24,18-25,Pós-Graduação,Feminino,Outros
3985,40,36-45,Graduação,Feminino,Solteiro
3986,18,18-25,Graduação,Feminino,Solteiro
3987,44,36-45,Outros,Masculino,Casado
3988,31,26-35,Pós-Graduação,Feminino,Outros
3989,61,56+,Pós-Graduação,Masculino,Casado
3990,28,26-35,Graduação,Feminino,Casado
3991,18,18-25,Graduação,Feminino,Casado
3992,32,26-35,Graduação,Masculino,Solteiro
3993,18,18-25,Graduação,Feminino,Solteiro
3994,47,46-55,Ensino Médio,Masculino,Solteiro
3995,18,18-25,Ensino Médio,Masculino,Casado
3996,38,36-45,Graduação,Feminino,Solteiro
3997,18,18-25,Pós-Graduação,Feminino,Solteiro
3998,34,26-35,Ensino Médio,Feminino,Casado
3999,57,56+,Pós-Graduação,Feminino,Solteiro
4000,42,36-45,Ensino Médio,Feminino,Casado
4001,27,26-35,Graduação,Masculino,Solteiro
4002,37,36-45,Graduação,Masculino,Casado
4003,38,36-45,Graduação,Masculino,Solteiro
4004,43,36-45,Ensino Médio,Masculino,Outros
4005,21,18-25,Pós-Graduação,Feminino,Outros
4006,45,36-45,Graduação,Masculino,Casado
4007,18,18-25,Pós-Graduação,Masculino,Casado
4008,30,26-35,Ensino Médio,Masculino,Casado
4009,32,26-35,Outros,Feminino,Outros
4010,45,36-45,Graduação,Feminino,Solteiro
4011,38,36-45,Graduação,Masculino,Casado
4012,21,18-25,Outros,Feminino,Casado
4013,26,26-35,Graduação,Masculino,Outros
4014,40,36-45,Graduação,Feminino,Solteiro
4015,37,36-45,Graduação,Masculino,Casado
4016,31,26-35,Ensino Médio,Masculino,Casado
4017,32,26-35,Pós-Graduação,Feminino,Casado
4018,46,46-55,Ensino Médio,Feminino,Solteiro
4019,31,26-35,Graduação,Masculino,Outros
4020,36,36-45,Pós-Graduação,Feminino,Solteiro
4021,64,56+,Ensino Médio,Feminino,Solteiro
4022,20,18-25,Graduação,Feminino,Solteiro
4023,18,18-25,Pós-Graduação,Masculino,Casado
4024,47,46-55,Graduação,Masculino,Casado
4025,29,26-35,Ensino Médio,Feminino,Outros
4026,34,26-35,Ensino Médio,Masculino,Casado
4027,28,26-35,Outros,Masculino,Casado
4028,34,26-35,Ensino Médio,Masculino,Outros
4029,57,56+,Pós-Graduação,Feminino,Casado
4030,47,46-55,Graduação,Masculino,Solteiro
4031,48,46-55,Ensino Médio,Feminino,Outros
4032,21,18-25,Graduação,Masculino,Solteiro
4033,24,18-25,Graduação,Masculino,Casado
4034,18,18-25,Graduação,Masculino,Casado
4035,28,26-35,Graduação,Masculino,Casado
4036,49,46-55,Outros,Feminino,Casado
4037,44,36-45,Graduação,Feminino,Solteiro
4038,35,26-35,Graduação,Masculino,Casado
4039,37,36-45,Outros,Masculino,Casado
4040,29,26-35,Graduação,Feminino,Solteiro
4041,40,36-45,Pós-Graduação,Feminino,Solteiro
4042,47,46-55,Graduação,Feminino,Solteiro
4043,18,18-25,Ensino Médio,Feminino,Casado
4044,41,36-45,Ensino Médio,Masculino,Solteiro
4045,49,46-55,Ensino Médio,Feminino,Solteiro
4046,33,26-35,Ensino Médio,Masculino,Casado
4047,46,46-55,Graduação,Masculino,Casado
4048,71,56+,Ensino Médio,Feminino,Casado
4049,36,36-45,Ensino Médio,Feminino,Solteiro
4050,42,36-45,Pós-Graduação,Feminino,Casado
4051,29,26-35,Pós-Graduação,Masculino,Outros
4052,40,36-45,Outros,Masculino,Solteiro
4053,43,36-45,Ensino Médio,Masculino,Outros
4054,40,36-45,Ensino Médio,Feminino,Casado
4055,25,18-25,Ensino Médio,Masculino,Casado
4056,40,36-45,Graduação,Feminino,Casado
4057,55,46-55,Graduação,Masculino,Casado
4058,43,36-45,Graduação,Feminino,Solteiro
4059,49,46-55,Pós-Graduação,Feminino,Casado
4060,35,26-35,Ensino Médio,Masculino,Casado
4061,46,46-55,Graduação,Masculino,Casado
4062,41,36-45,Graduação,Feminino,Casado
4063,26,26-35,Graduação,Feminino,Solteiro
4064,41,36-45,Graduação,Feminino,Solteiro
4065,26,26-35,Pós-Graduação,Feminino,Solteiro
4066,30,26-35,Graduação,Masculino,Casado
4067,40,36-45,Pós-Graduação,Feminino,Outros
4068,41,36-45,Pós-Graduação,Masculino,Solteiro
4069,23,18-25,Outros,Feminino,Casado
4070,50,46-55,Pós-Graduação,Masculino,Casado
4071,44,36-45,Graduação,Feminino,Outros
4072,29,26-35,Graduação,Masculino,Solteiro
4073,19,18-25,Graduação,Masculino,Solteiro
4074,36,36-45,Pós-Graduação,Masculino,Casado
4075,32,26-35,Ensino Médio,Feminino,Casado
4076,39,36-45,Ensino Médio,Feminino,Solteiro
4077,33,26-35,Graduação,Feminino,Solteiro
4078,18,18-25,Graduação,Masculino,Solteiro
4079,33,26-35,Outros,Feminino,Solteiro
4080,34,26-35,Ensino Médio,Feminino,Casado
4081,45,36-45,Ensino Médio,Masculino,Solteiro
4082,29,26-35,Pós-Graduação,Masculino,Outros
4083,58,56+,Graduação,Masculino,Outros
4084,18,18-25,Graduação,Masculino,Casado
4085,53,46-55,Pós-Graduação,Masculino,Casado
4086,35,26-35,Graduação,Feminino,Solteiro
4087,48,46-55,Graduação,Masculino,Solteiro
4088,38,36-45,Graduação,Feminino,Solteiro
4089,51,46-55,Ensino Médio,Feminino,Outros
4090,33,26-35,Ensino Médio,Feminino,Solteiro
4091,24,18-25,Graduação,Feminino,Solteiro
4092,55,46-55,Ensino Médio,Masculino,Casado
4093,36,36-45,Pós-Graduação,Feminino,Casado
4094,40,36-45,Ensino Médio,Masculino,Casado
4095,52,46-55,Pós-Graduação,Feminino,Outros
4096,25,18-25,Pós-Graduação,Feminino,Casado
4097,45,36-45,Graduação,Feminino,Solteiro
4098,30,26-35,Graduação,Feminino,Solteiro
4099,36,36-45,Outros,Masculino,Solteiro
4100,38,36-45,Graduação,Masculino,Solteiro
4101,19,18-25,Graduação,Feminino,Casado
4102,28,26-35,Graduação,Masculino,Solteiro
4103,54,46-55,Graduação,Feminino,Casado
4104,48,46-55,Graduação,Masculino,Casado
4105,37,36-45,Ensino Médio,Feminino,Casado
4106,40,36-45,Ensino Médio,Masculino,Casado
4107,34,26-35,Ensino Médio,Masculino,Casado
4108,54,46-55,Outros,Feminino,Solteiro
4109,35,26-35,Graduação,Masculino,Casado
4110,40,36-45,Ensino Médio,Masculino,Solteiro
4111,51,46-55,Graduação,Masculino,Casado
4112,28,26-35,Ensino Médio,Masculino,Casado
4113,56,56+,Graduação,Masculino,Solteiro
4114,19,18-25,Outros,Masculino,Outros
4115,57,56+,Ensino Médio,Feminino,Solteiro
4116,33,26-35,Outros,Masculino,Outros
4117,35,26-35,Ensino Médio,Feminino,Solteiro
4118,18,18-25,Outros,Masculino,Solteiro
4119,32,26-35,Ensino Médio,Masculino,Solteiro
4120,25,18-25,Graduação,Masculino,Solteiro
4121,30,26-35,Graduação,Feminino,Casado
4122,36,36-45,Graduação,Masculino,Solteiro
4123,49,46-55,Pós-Graduação,Feminino,Casado
4124,40,36-45,Graduação,Feminino,Casado
4125,41,36-45,Graduação,Masculino,Solteiro
4126,24,18-25,Graduação,Feminino,Casado
4127,27,26-35,Outros,Masculino,Casado
4128,59,56+,Outros,Masculino,Casado
4129,29,26-35,Pós-Graduação,Feminino,Outros
4130,57,56+,Graduação,Feminino,Casado
4131,35,26-35,Graduação,Feminino,Casado
4132,38,36-45,Graduação,Feminino,Outros
4133,50,46-55,Ensino Médio,Feminino,Solteiro
4134,53,46-55,Graduação,Feminino,Casado
4135,36,36-45,Graduação,Masculino,Casado
4136,33,26-35,Ensino Médio,Feminino,Casado
4137,37,36-45,Ensino Médio,Feminino,Casado
4138,42,36-45,Pós-Graduação,Masculino,Casado
4139,48,46-55,Ensino Médio,Masculino,Casado
4140,38,36-45,Graduação,Masculino,Solteiro
4141,45,36-45,Graduação,Feminino,Solteiro
4142,57,56+,Pós-Graduação,Feminino,Solteiro
4143,42,36-45,Graduação,Feminino,Casado
4144,41,36-45,Graduação,Masculino,Casado
4145,19,18-25,Graduação,Feminino,Solteiro
4146,18,18-25,Ensino Médio,Masculino,Casado
4147,42,36-45,Ensino Médio,Feminino,Solteiro
4148,36,36-45,Graduação,Feminino,Solteiro
4149,31,26-35,Pós-Graduação,Feminino,Solteiro
4150,40,36-45,Ensino Médio,Feminino,Casado
4151,37,36-45,Pós-Graduação,Feminino,Casado
4152,51,46-55,Outros,Masculino,Solteiro
4153,39,36-45,Graduação,Masculino,Solteiro
4154,29,26-35,Graduação,Feminino,Casado
4155,49,46-55,Graduação,Masculino,Outros
4156,35,26-35,Pós-Graduação,Masculino,Casado
4157,44,36-45,Graduação,Feminino,Casado
4158,32,26-35,Pós-Graduação,Masculino,Solteiro
4159,30,26-35,Graduação,Masculino,Solteiro
4160,39,36-45,Pós-Graduação,Feminino,Outros
4161,38,36-45,Graduação,Masculino,Casado
4162,43,36-45,Graduação,Masculino,Casado
4163,34,26-35,Graduação,Masculino,Solteiro
4164,18,18-25,Pós-Graduação,Feminino,Casado
4165,32,26-35,Pós-Graduação,Feminino,Casado
4166,47,46-55,Pós-Graduação,Feminino,Solteiro
4167,34,26-35,Ensino Médio,Masculino,Casado
4168,35,26-35,Graduação,Feminino,Solteiro
4169,49,46-55,Ensino Médio,Feminino,Casado
4170,29,26-35,Graduação,Feminino,Solteiro
4171,19,18-25,Graduação,Feminino,Solteiro
4172,36,36-45,Graduação,Masculino,Casado
4173,32,26-35,Ensino Médio,Masculino,Casado
4174,26,26-35,Graduação,Masculino,Casado
4175,35,26-35,Pós-Graduação,Masculino,Casado
4176,43,36-45,Graduação,Feminino,Solteiro
4177,37,36-45,Graduação,Feminino,Outros
4178,41,36-45,Graduação,Feminino,Solteiro
4179,59,56+,Graduação,Masculino,Solteiro
4180,33,26-35,Graduação,Masculino,Casado
4181,41,36-45,Graduação,Masculino,Casado
4182,31,26-35,Graduação,Masculino,Outros
4183,27,26-35,Ensino Médio,Masculino,Outros
4184,30,26-35,Ensino Médio,Feminino,Solteiro
4185,32,26-35,Graduação,Masculino,Casado
4186,42,36-45,Ensino Médio,Feminino,Solteiro
4187,66,56+,Ensino Médio,Masculino,Casado
4188,29,26-35,Graduação,Feminino,Solteiro
4189,33,26-35,Graduação,Feminino,Solteiro
4190,37,36-45,Ensino Médio,Masculino,Casado
4191,42,36-45,Graduação,Feminino,Outros
4192,41,36-45,Pós-Graduação,Feminino,Outros
4193,53,46-55,Ensino Médio,Feminino,Outros
4194,18,18-25,Pós-Graduação,Masculino,Solteiro
4195,18,18-25,Ensino Médio,Masculino,Casado
4196,32,26-35,Ensino Médio,Feminino,Solteiro
4197,51,46-55,Outros,Feminino,Casado
4198,19,18-25,Pós-Graduação,Masculino,Casado
4199,18,18-25,Graduação,Masculino,Casado
4200,44,36-45,Graduação,Feminino,Solteiro
4201,40,36-45,Graduação,Masculino,Casado
4202,24,18-25,Pós-Graduação,Feminino,Casado
4203,26,26-35,Graduação,Feminino,Casado
4204,26,26-35,Graduação,Feminino,Solteiro
4205,39,36-45,Pós-Graduação,Masculino,Solteiro
4206,30,26-35,Graduação,Masculino,Casado
4207,43,36-45,Ensino Médio,Masculino,Outros
4208,18,18-25,Ensino Médio,Feminino,Casado
4209,27,26-35,Outros,Feminino,Solteiro
4210,24,18-25,Graduação,Feminino,Solteiro
4211,34,26-35,Outros,Feminino,Solteiro
4212,31,26-35,Ensino Médio,Masculino,Casado
4213,47,46-55,Graduação,Masculino,Outros
4214,18,18-25,Pós-Graduação,Feminino,Outros
4215,38,36-45,Graduação,Masculino,Solteiro
4216,44,36-45,Graduação,Masculino,Solteiro
4217,60,56+,Graduação,Masculino,Casado
4218,32,26-35,Graduação,Masculino,Solteiro
4219,41,36-45,Ensino Médio,Masculino,Casado
4220,18,18-25,Graduação,Feminino,Solteiro
4221,18,18-25,Pós-Graduação,Feminino,Casado
4222,48,46-55,Ensino Médio,Feminino,Solteiro
4223,37,36-45,Graduação,Feminino,Casado
4224,52,46-55,Outros,Feminino,Casado
4225,21,18-25,Pós-Graduação,Feminino,Casado
4226,44,36-45,Outros,Masculino,Casado
4227,60,56+,Pós-Graduação,Feminino,Solteiro
4228,43,36-45,Graduação,Masculino,Solteiro
4229,41,36-45,Pós-Graduação,Masculino,Solteiro
4230,38,36-45,Ensino Médio,Masculino,Solteiro
4231,19,18-25,Ensino Médio,Masculino,Solteiro
4232,54,46-55,Graduação,Masculino,Casado
4233,30,26-35,Outros,Masculino,Casado
4234,44,36-45,Graduação,Masculino,Casado
4235,19,18-25,Graduação,Feminino,Solteiro
4236,23,18-25,Ensino Médio,Feminino,Casado
4237,55,46-55,Graduação,Feminino,Casado
4238,33,26-35,Graduação,Masculino,Solteiro
4239,55,46-55,Outros,Masculino,Outros
4240,37,36-45,Outros,Feminino,Solteiro
4241,18,18-25,Outros,Masculino,Solteiro
4242,48,46-55,Outros,Feminino,Solteiro
4243,30,26-35,Pós-Graduação,Feminino,Solteiro
4244,46,46-55,Ensino Médio,Feminino,Solteiro
4245,38,36-45,Graduação,Feminino,Solteiro
4246,19,18-25,Outros,Masculino,Casado
4247,39,36-45,Graduação,Masculino,Casado
4248,64,56+,Graduação,Feminino,Casado
4249,43,36-45,Graduação,Masculino,Solteiro
4250,37,36-45,Graduação,Masculino,Outros
4251,50,46-55,Pós-Graduação,Masculino,Casado
4252,40,36-45,Ensino Médio,Masculino,Casado
4253,40,36-45,Ensino Médio,Masculino,Solteiro
4254,24,18-25,Pós-Graduação,Masculino,Solteiro
4255,40,36-45,Ensino Médio,Feminino,Solteiro
4256,50,46-55,Graduação,Feminino,Solteiro
4257,27,26-35,Graduação,Feminino,Solteiro
4258,55,46-55,Graduação,Feminino,Solteiro
4259,36,36-45,Ensino Médio,Masculino,Casado
4260,27,26-35,Ensino Médio,Masculino,Casado
4261,49,46-55,Graduação,Masculino,Casado
4262,34,26-35,Graduação,Feminino,Solteiro
4263,47,46-55,Pós-Graduação,Feminino,Outros
4264,34,26-35,Graduação,Masculino,Outros
4265,37,36-45,Pós-Graduação,Masculino,Solteiro
4266,43,36-45,Graduação,Feminino,Casado
4267,41,36-45,Ensino Médio,Feminino,Outros
4268,18,18-25,Outros,Feminino,Solteiro
4269,24,18-25,Graduação,Masculino,Casado
4270,49,46-55,Graduação,Masculino,Solteiro
4271,36,36-45,Graduação,Feminino,Casado
4272,31,26-35,Ensino Médio,Feminino,Casado
4273,21,18-25,Ensino Médio,Feminino,Solteiro
4274,25,18-25,Ensino Médio,Feminino,Solteiro
4275,18,18-25,Graduação,Feminino,Casado
4276,36,36-45,Ensino Médio,Feminino,Solteiro
4277,30,26-35,Pós-Graduação,Masculino,Outros
4278,26,26-35,Graduação,Masculino,Solteiro
4279,37,36-45,Graduação,Feminino,Casado
4280,42,36-45,Graduação,Masculino,Casado
4281,63,56+,Outros,Feminino,Casado
4282,19,18-25,Ensino Médio,Feminino,Outros
4283,51,46-55,Pós-Graduação,Feminino,Casado
4284,49,46-55,Pós-Graduação,Masculino,Solteiro
4285,28,26-35,Graduação,Masculino,Solteiro
4286,40,36-45,Graduação,Feminino,Outros
4287,32,26-35,Graduação,Feminino,Solteiro
4288,40,36-45,Outros,Feminino,Solteiro
4289,56,56+,Outros,Masculino,Casado
4290,45,36-45,Ensino Médio,Masculino,Casado
4291,44,36-45,Ensino Médio,Feminino,Outros
4292,32,26-35,Graduação,Feminino,Outros
4293,20,18-25,Graduação,Feminino,Outros
4294,35,26-35,Graduação,Masculino,Outros
4295,52,46-55,Graduação,Masculino,Solteiro
4296,19,18-25,Ensino Médio,Masculino,Solteiro
4297,25,18-25,Graduação,Feminino,Solteiro
4298,39,36-45,Graduação,Feminino,Solteiro
4299,26,26-35,Graduação,Masculino,Casado
4300,28,26-35,Outros,Masculino,Casado
4301,32,26-35,Graduação,Feminino,Outros
4302,21,18-25,Ensino Médio,Masculino,Casado
4303,26,26-35,Ensino Médio,Feminino,Solteiro
4304,46,46-55,Graduação,Feminino,Casado
4305,22,18-25,Graduação,Masculino,Casado
4306,18,18-25,Ensino Médio,Masculino,Casado
4307,30,26-35,Graduação,Feminino,Casado
4308,46,46-55,Outros,Masculino,Casado
4309,35,26-35,Graduação,Masculino,Casado
4310,32,26-35,Pós-Graduação,Feminino,Solteiro
4311,38,36-45,Ensino Médio,Feminino,Casado
4312,18,18-25,Ensino Médio,Feminino,Casado
4313,43,36-45,Outros,Masculino,Casado
4314,42,36-45,Ensino Médio,Masculino,Solteiro
4315,33,26-35,Outros,Masculino,Solteiro
4316,50,46-55,Ensino Médio,Masculino,Solteiro
4317,24,18-25,Ensino Médio,Feminino,Casado
4318,51,46-55,Graduação,Masculino,Casado
4319,39,36-45,Graduação,Feminino,Solteiro
4320,33,26-35,Outros,Masculino,Solteiro
4321,37,36-45,Graduação,Masculino,Casado
4322,36,36-45,Graduação,Feminino,Solteiro
4323,52,46-55,Graduação,Masculino,Casado
4324,25,18-25,Graduação,Masculino,Casado
4325,28,26-35,Graduação,Masculino,Solteiro
4326,50,46-55,Pós-Graduação,Masculino,Solteiro
4327,30,26-35,Ensino Médio,Masculino,Casado
4328,48,46-55,Graduação,Masculino,Casado
4329,58,56+,Graduação,Feminino,Outros
4330,33,26-35,Pós-Graduação,Feminino,Solteiro
4331,46,46-55,Pós-Graduação,Feminino,Outros
4332,24,18-25,Graduação,Masculino,Solteiro
4333,47,46-55,Ensino Médio,Feminino,Solteiro
4334,40,36-45,Pós-Graduação,Masculino,Casado
4335,43,36-45,Outros,Feminino,Casado
4336,30,26-35,Graduação,Feminino,Casado
4337,18,18-25,Graduação,Masculino,Solteiro
4338,44,36-45,Pós-Graduação,Feminino,Casado
4339,18,18-25,Pós-Graduação,Feminino,Solteiro
4340,34,26-35,Ensino Médio,Feminino,Casado
4341,49,46-55,Ensino Médio,Masculino,Casado
4342,40,36-45,Graduação,Feminino,Casado
4343,61,56+,Pós-Graduação,Feminino,Casado
4344,50,46-55,Graduação,Masculino,Casado
4345,30,26-35,Graduação,Feminino,Casado
4346,38,36-45,Outros,Masculino,Casado
4347,37,36-45,Graduação,Masculino,Solteiro
4348,19,18-25,Ensino Médio,Feminino,Solteiro
4349,26,26-35,Graduação,Feminino,Casado
4350,31,26-35,Graduação,Feminino,Solteiro
4351,18,18-25,Graduação,Feminino,Solteiro
4352,38,36-45,Pós-Graduação,Masculino,Casado
4353,35,26-35,Ensino Médio,Masculino,Solteiro
4354,18,18-25,Graduação,Feminino,Solteiro
4355,42,36-45,Ensino Médio,Masculino,Casado
4356,46,46-55,Pós-Graduação,Feminino,Outros
4357,40,36-45,Outros,Feminino,Solteiro
4358,34,26-35,Pós-Graduação,Masculino,Outros
4359,45,36-45,Ensino Médio,Masculino,Solteiro
4360,46,46-55,Ensino Médio,Feminino,Casado
4361,41,36-45,Outros,Feminino,Casado
4362,28,26-35,Graduação,Feminino,Solteiro
4363,41,36-45,Ensino Médio,Feminino,Outros
4364,52,46-55,Graduação,Masculino,Solteiro
4365,30,26-35,Pós-Graduação,Masculino,Outros
4366,63,56+,Graduação,Masculino,Casado
4367,31,26-35,Pós-Graduação,Masculino,Casado
4368,38,36-45,Outros,Masculino,Outros
4369,29,26-35,Pós-Graduação,Masculino,Solteiro
4370,40,36-45,Graduação,Masculino,Outros
4371,18,18-25,Graduação,Masculino,Solteiro
4372,31,26-35,Graduação,Masculino,Casado
4373,24,18-25,Ensino Médio,Feminino,Solteiro
4374,39,36-45,Pós-Graduação,Feminino,Outros
4375,49,46-55,Graduação,Masculino,Solteiro
4376,45,36-45,Graduação,Feminino,Casado
4377,18,18-25,Outros,Masculino,Casado
4378,62,56+,Ensino Médio,Feminino,Solteiro
4379,41,36-45,Outros,Masculino,Casado
4380,28,26-35,Pós-Graduação,Feminino,Solteiro
4381,39,36-45,Graduação,Masculino,Casado
4382,40,36-45,Pós-Graduação,Feminino,Casado
4383,29,26-35,Pós-Graduação,Masculino,Solteiro
4384,40,36-45,Graduação,Feminino,Solteiro
4385,30,26-35,Ensino Médio,Masculino,Solteiro
4386,33,26-35,Graduação,Masculino,Casado
4387,29,26-35,Graduação,Feminino,Outros
4388,20,18-25,Ensino Médio,Masculino,Casado
4389,39,36-45,Ensino Médio,Feminino,Casado
4390,45,36-45,Graduação,Masculino,Outros
4391,44,36-45,Graduação,Masculino,Solteiro
4392,47,46-55,Graduação,Feminino,Casado
4393,41,36-45,Pós-Graduação,Masculino,Outros
4394,31,26-35,Graduação,Masculino,Solteiro
4395,48,46-55,Graduação,Feminino,Outros
4396,21,18-25,Ensino Médio,Feminino,Solteiro
4397,27,26-35,Ensino Médio,Feminino,Solteiro
4398,26,26-35,Graduação,Masculino,Casado
4399,50,46-55,Graduação,Masculino,Casado
4400,49,46-55,Graduação,Masculino,Solteiro
4401,43,36-45,Ensino Médio,Masculino,Solteiro
4402,50,46-55,Graduação,Feminino,Casado
4403,27,26-35,Graduação,Masculino,Casado
4404,42,36-45,Pós-Graduação,Masculino,Casado
4405,36,36-45,Pós-Graduação,Masculino,Solteiro
4406,48,46-55,Ensino Médio,Feminino,Solteiro
4407,36,36-45,Graduação,Feminino,Solteiro
4408,33,26-35,Graduação,Feminino,Outros
4409,44,36-45,Graduação,Masculino,Solteiro
4410,48,46-55,Graduação,Feminino,Outros
4411,29,26-35,Ensino Médio,Feminino,Casado
4412,37,36-45,Ensino Médio,Masculino,Casado
4413,25,18-25,Graduação,Masculino,Casado
4414,18,18-25,Pós-Graduação,Masculino,Solteiro
4415,40,36-45,Graduação,Masculino,Outros
4416,45,36-45,Graduação,Feminino,Solteiro
4417,41,36-45,Graduação,Masculino,Casado
4418,18,18-25,Ensino Médio,Masculino,Solteiro
4419,33,26-35,Pós-Graduação,Feminino,Solteiro
4420,18,18-25,Graduação,Feminino,Casado
4421,54,46-55,Pós-Graduação,Feminino,Solteiro
4422,24,18-25,Ensino Médio,Masculino,Outros
4423,53,46-55,Graduação,Masculino,Solteiro
4424,49,46-55,Ensino Médio,Masculino,Solteiro
4425,27,26-35,Pós-Graduação,Masculino,Casado
4426,24,18-25,Graduação,Masculino,Casado
4427,42,36-45,Ensino Médio,Feminino,Solteiro
4428,27,26-35,Graduação,Masculino,Solteiro
4429,39,36-45,Ensino Médio,Masculino,Casado
4430,32,26-35,Graduação,Masculino,Casado
4431,18,18-25,Graduação,Feminino,Outros
4432,18,18-25,Graduação,Feminino,Solteiro
4433,40,36-45,Graduação,Feminino,Solteiro
4434,31,26-35,Graduação,Masculino,Casado
4435,31,26-35,Graduação,Masculino,Casado
4436,46,46-55,Ensino Médio,Masculino,Casado
4437,52,46-55,Graduação,Masculino,Solteiro
4438,34,26-35,Graduação,Feminino,Casado
4439,33,26-35,Graduação,Feminino,Solteiro
4440,44,36-45,Pós-Graduação,Feminino,Outros
4441,21,18-25,Graduação,Feminino,Casado
4442,40,36-45,Ensino Médio,Feminino,Solteiro
4443,44,36-45,Ensino Médio,Masculino,Solteiro
4444,46,46-55,Graduação,Feminino,Outros
4445,18,18-25,Outros,Masculino,Outros
4446,28,26-35,Graduação,Feminino,Casado
4447,27,26-35,Outros,Masculino,Casado
4448,39,36-45,Ensino Médio,Masculino,Solteiro
4449,43,36-45,Ensino Médio,Feminino,Solteiro
4450,55,46-55,Pós-Graduação,Masculino,Casado
4451,32,26-35,Graduação,Masculino,Solteiro
4452,32,26-35,Pós-Graduação,Masculino,Solteiro
4453,51,46-55,Ensino Médio,Masculino,Casado
4454,41,36-45,Graduação,Feminino,Outros
4455,53,46-55,Ensino Médio,Feminino,Casado
4456,41,36-45,Graduação,Masculino,Solteiro
4457,24,18-25,Ensino Médio,Masculino,Solteiro
4458,22,18-25,Pós-Graduação,Feminino,Casado
4459,19,18-25,Pós-Graduação,Masculino,Solteiro
4460,45,36-45,Graduação,Masculino,Solteiro
4461,52,46-55,Graduação,Masculino,Outros
4462,60,56+,Graduação,Feminino,Casado
4463,48,46-55,Ensino Médio,Masculino,Solteiro
4464,51,46-55,Pós-Graduação,Masculino,Solteiro
4465,31,26-35,Graduação,Masculino,Solteiro
4466,24,18-25,Ensino Médio,Masculino,Outros
4467,48,46-55,Pós-Graduação,Feminino,Casado
4468,43,36-45,Outros,Masculino,Casado
4469,39,36-45,Outros,Masculino,Solteiro
4470,42,36-45,Pós-Graduação,Masculino,Casado
4471,41,36-45,Graduação,Masculino,Outros
4472,53,46-55,Graduação,Feminino,Solteiro
4473,53,46-55,Ensino Médio,Feminino,Solteiro
4474,44,36-45,Graduação,Masculino,Solteiro
4475,48,46-55,Graduação,Masculino,Solteiro
4476,44,36-45,Ensino Médio,Masculino,Solteiro
4477,32,26-35,Pós-Graduação,Feminino,Casado
4478,47,46-55,Ensino Médio,Feminino,Casado
4479,21,18-25,Ensino Médio,Masculino,Casado
4480,50,46-55,Graduação,Feminino,Solteiro
4481,23,18-25,Ensino Médio,Feminino,Solteiro
4482,41,36-45,Ensino Médio,Feminino,Casado
4483,27,26-35,Graduação,Masculino,Solteiro
4484,44,36-45,Graduação,Masculino,Casado
4485,37,36-45,Graduação,Masculino,Outros
4486,18,18-25,Pós-Graduação,Feminino,Casado
4487,43,36-45,Outros,Feminino,Solteiro
4488,31,26-35,Pós-Graduação,Feminino,Solteiro
4489,48,46-55,Ensino Médio,Masculino,Solteiro
4490,38,36-45,Graduação,Masculino,Casado
4491,42,36-45,Pós-Graduação,Masculino,Outros
4492,26,26-35,Outros,Feminino,Casado
4493,30,26-35,Ensino Médio,Masculino,Solteiro
4494,32,26-35,Graduação,Masculino,Outros
4495,48,46-55,Graduação,Feminino,Outros
4496,58,56+,Pós-Graduação,Masculino,Solteiro
4497,28,26-35,Graduação,Masculino,Outros
4498,50,46-55,Graduação,Masculino,Solteiro
4499,18,18-25,Graduação,Feminino,Casado
4500,23,18-25,Outros,Feminino,Casado
4501,26,26-35,Graduação,Feminino,Casado
4502,21,18-25,Ensino Médio,Masculino,Casado
4503,18,18-25,Ensino Médio,Feminino,Solteiro
4504,42,36-45,Graduação,Feminino,Solteiro
4505,35,26-35,Ensino Médio,Feminino,Casado
4506,42,36-45,Graduação,Feminino,Outros
4507,46,46-55,Ensino Médio,Masculino,Casado
4508,41,36-45,Graduação,Masculino,Outros
4509,45,36-45,Pós-Graduação,Masculino,Outros
4510,37,36-45,Ensino Médio,Feminino,Outros
4511,23,18-25,Graduação,Feminino,Solteiro
4512,50,46-55,Ensino Médio,Feminino,Casado
4513,30,26-35,Outros,Masculino,Solteiro
4514,26,26-35,Pós-Graduação,Masculino,Casado
4515,35,26-35,Graduação,Masculino,Casado
4516,27,26-35,Graduação,Feminino,Solteiro
4517,32,26-35,Graduação,Masculino,Casado
4518,42,36-45,Ensino Médio,Feminino,Outros
4519,42,36-45,Graduação,Masculino,Outros
4520,27,26-35,Graduação,Masculino,Casado
4521,32,26-35,Ensino Médio,Feminino,Solteiro
4522,50,46-55,Pós-Graduação,Masculino,Solteiro
4523,43,36-45,Ensino Médio,Masculino,Outros
4524,62,56+,Graduação,Masculino,Solteiro
4525,52,46-55,Outros,Masculino,Casado
4526,51,46-55,Graduação,Feminino,Casado
4527,21,18-25,Pós-Graduação,Feminino,Casado
4528,47,46-55,Graduação,Masculino,Outros
4529,37,36-45,Pós-Graduação,Feminino,Casado
4530,31,26-35,Outros,Masculino,Casado
4531,40,36-45,Pós-Graduação,Feminino,Outros
4532,49,46-55,Ensino Médio,Feminino,Outros
4533,44,36-45,Graduação,Feminino,Outros
4534,27,26-35,Graduação,Masculino,Solteiro
4535,46,46-55,Pós-Graduação,Masculino,Solteiro
4536,30,26-35,Graduação,Masculino,Solteiro
4537,40,36-45,Graduação,Feminino,Casado
4538,34,26-35,Graduação,Feminino,Solteiro
4539,35,26-35,Outros,Masculino,Casado
4540,47,46-55,Graduação,Feminino,Casado
4541,25,18-25,Graduação,Masculino,Outros
4542,61,56+,Graduação,Masculino,Casado
4543,18,18-25,Pós-Graduação,Masculino,Outros
4544,30,26-35,Outros,Masculino,Casado
4545,42,36-45,Graduação,Masculino,Casado
4546,45,36-45,Pós-Graduação,Masculino,Solteiro
4547,36,36-45,Graduação,Masculino,Solteiro
4548,37,36-45,Graduação,Masculino,Solteiro
4549,42,36-45,Graduação,Feminino,Outros
4550,35,26-35,Ensino Médio,Masculino,Casado
4551,54,46-55,Pós-Graduação,Feminino,Outros
4552,48,46-55,Graduação,Masculino,Casado
4553,48,46-55,Ensino Médio,Masculino,Outros
4554,26,26-35,Pós-Graduação,Feminino,Casado
4555,37,36-45,Ensino Médio,Masculino,Solteiro
4556,34,26-35,Pós-Graduação,Masculino,Solteiro
4557,25,18-25,Ensino Médio,Feminino,Casado
4558,42,36-45,Graduação,Feminino,Outros
4559,31,26-35,Graduação,Masculino,Casado
4560,45,36-45,Pós-Graduação,Masculino,Casado
4561,25,18-25,Pós-Graduação,Feminino,Solteiro
4562,58,56+,Graduação,Feminino,Casado
4563,27,26-35,Pós-Graduação,Masculino,Casado
4564,40,36-45,Graduação,Masculino,Solteiro
4565,47,46-55,Graduação,Masculino,Solteiro
4566,31,26-35,Graduação,Masculino,Casado
4567,48,46-55,Ensino Médio,Masculino,Solteiro
4568,23,18-25,Ensino Médio,Masculino,Solteiro
4569,55,46-55,Graduação,Masculino,Solteiro
4570,38,36-45,Graduação,Masculino,Outros
4571,30,26-35,Graduação,Feminino,Solteiro
4572,34,26-35,Graduação,Masculino,Solteiro
4573,47,46-55,Ensino Médio,Masculino,Casado
4574,30,26-35,Graduação,Masculino,Casado
4575,29,26-35,Pós-Graduação,Feminino,Solteiro
4576,35,26-35,Ensino Médio,Feminino,Outros
4577,23,18-25,Graduação,Feminino,Solteiro
4578,59,56+,Ensino Médio,Masculino,Casado
4579,31,26-35,Ensino Médio,Feminino,Solteiro
4580,47,46-55,Pós-Graduação,Masculino,Solteiro
4581,40,36-45,Pós-Graduação,Masculino,Solteiro
4582,26,26-35,Graduação,Feminino,Solteiro
4583,37,36-45,Graduação,Feminino,Solteiro
4584,47,46-55,Graduação,Feminino,Casado
4585,35,26-35,Ensino Médio,Feminino,Outros
4586,52,46-55,Graduação,Feminino,Solteiro
4587,50,46-55,Graduação,Masculino,Casado
4588,49,46-55,Pós-Graduação,Masculino,Casado
4589,32,26-35,Ensino Médio,Masculino,Outros
4590,25,18-25,Graduação,Feminino,Outros
4591,30,26-35,Ensino Médio,Masculino,Casado
4592,40,36-45,Graduação,Feminino,Casado
4593,44,36-45,Graduação,Masculino,Casado
4594,18,18-25,Ensino Médio,Masculino,Casado
4595,37,36-45,Ensino Médio,Masculino,Solteiro
4596,39,36-45,Graduação,Masculino,Solteiro
4597,34,26-35,Graduação,Feminino,Solteiro
4598,53,46-55,Ensino Médio,Masculino,Solteiro
4599,43,36-45,Graduação,Masculino,Casado
4600,53,46-55,Pós-Graduação,Masculino,Casado
4601,35,26-35,Outros,Masculino,Casado
4602,49,46-55,Pós-Graduação,Masculino,Casado
4603,57,56+,Pós-Graduação,Masculino,Casado
4604,53,46-55,Pós-Graduação,Feminino,Solteiro
4605,24,18-25,Graduação,Masculino,Solteiro
4606,34,26-35,Ensino Médio,Masculino,Solteiro
4607,33,26-35,Graduação,Feminino,Solteiro
4608,43,36-45,Graduação,Masculino,Solteiro
4609,46,46-55,Graduação,Masculino,Solteiro
4610,27,26-35,Ensino Médio,Feminino,Casado
4611,38,36-45,Pós-Graduação,Masculino,Outros
4612,18,18-25,Outros,Feminino,Casado
4613,55,46-55,Graduação,Masculino,Casado
4614,31,26-35,Outros,Feminino,Casado
4615,38,36-45,Pós-Graduação,Feminino,Outros
4616,34,26-35,Ensino Médio,Masculino,Outros
4617,51,46-55,Graduação,Masculino,Solteiro
4618,18,18-25,Pós-Graduação,Masculino,Solteiro
4619,37,36-45,Ensino Médio,Masculino,Solteiro
4620,36,36-45,Ensino Médio,Feminino,Outros
4621,32,26-35,Graduação,Feminino,Solteiro
4622,58,56+,Ensino Médio,Masculino,Outros
4623,27,26-35,Graduação,Feminino,Casado
4624,47,46-55,Ensino Médio,Masculino,Casado
4625,42,36-45,Graduação,Feminino,Solteiro
4626,53,46-55,Graduação,Feminino,Casado
4627,29,26-35,Graduação,Feminino,Outros
4628,29,26-35,Graduação,Masculino,Solteiro
4629,51,46-55,Ensino Médio,Feminino,Outros
4630,43,36-45,Pós-Graduação,Masculino,Casado
4631,19,18-25,Pós-Graduação,Feminino,Solteiro
4632,31,26-35,Graduação,Masculino,Solteiro
4633,42,36-45,Ensino Médio,Masculino,Solteiro
4634,48,46-55,Pós-Graduação,Feminino,Solteiro
4635,29,26-35,Graduação,Feminino,Outros
4636,18,18-25,Outros,Masculino,Solteiro
4637,44,36-45,Graduação,Feminino,Casado
4638,23,18-25,Ensino Médio,Masculino,Outros
4639,18,18-25,Ensino Médio,Feminino,Casado
4640,18,18-25,Graduação,Feminino,Casado
4641,47,46-55,Outros,Masculino,Casado
4642,39,36-45,Ensino Médio,Feminino,Outros
4643,35,26-35,Graduação,Masculino,Casado
4644,54,46-55,Graduação,Masculino,Casado
4645,45,36-45,Ensino Médio,Feminino,Outros
4646,57,56+,Graduação,Feminino,Solteiro
4647,21,18-25,Ensino Médio,Feminino,Casado
4648,37,36-45,Graduação,Feminino,Solteiro
4649,18,18-25,Graduação,Feminino,Outros
4650,35,26-35,Graduação,Masculino,Casado
4651,35,26-35,Pós-Graduação,Feminino,Solteiro
4652,45,36-45,Pós-Graduação,Masculino,Solteiro
4653,38,36-45,Ensino Médio,Feminino,Solteiro
4654,45,36-45,Ensino Médio,Feminino,Solteiro
4655,46,46-55,Ensino Médio,Feminino,Solteiro
4656,63,56+,Graduação,Masculino,Casado
4657,34,26-35,Ensino Médio,Feminino,Solteiro
4658,26,26-35,Graduação,Feminino,Casado
4659,40,36-45,Ensino Médio,Feminino,Solteiro
4660,28,26-35,Graduação,Masculino,Casado
4661,55,46-55,Outros,Feminino,Solteiro
4662,34,26-35,Ensino Médio,Feminino,Casado
4663,31,26-35,Graduação,Feminino,Solteiro
4664,32,26-35,Graduação,Feminino,Casado
4665,46,46-55,Graduação,Masculino,Solteiro
4666,36,36-45,Pós-Graduação,Masculino,Solteiro
4667,30,26-35,Graduação,Masculino,Solteiro
4668,57,56+,Graduação,Masculino,Casado
4669,27,26-35,Pós-Graduação,Feminino,Casado
4670,38,36-45,Outros,Masculino,Solteiro
4671,45,36-45,Graduação,Masculino,Outros
4672,18,18-25,Ensino Médio,Masculino,Casado
4673,43,36-45,Ensino Médio,Feminino,Casado
4674,25,18-25,Graduação,Masculino,Casado
4675,47,46-55,Graduação,Masculino,Solteiro
4676,26,26-35,Ensino Médio,Masculino,Casado
4677,46,46-55,Outros,Masculino,Solteiro
4678,51,46-55,Graduação,Feminino,Casado
4679,48,46-55,Ensino Médio,Masculino,Casado
4680,41,36-45,Outros,Feminino,Casado
4681,35,26-35,Ensino Médio,Feminino,Solteiro
4682,31,26-35,Outros,Feminino,Solteiro
4683,55,46-55,Graduação,Feminino,Casado
4684,29,26-35,Outros,Feminino,Outros
4685,25,18-25,Ensino Médio,Masculino,Casado
4686,45,36-45,Pós-Graduação,Feminino,Solteiro
4687,28,26-35,Outros,Masculino,Solteiro
4688,26,26-35,Graduação,Masculino,Casado
4689,20,18-25,Graduação,Feminino,Solteiro
4690,32,26-35,Graduação,Masculino,Solteiro
4691,37,36-45,Pós-Graduação,Feminino,Casado
4692,40,36-45,Graduação,Feminino,Solteiro
4693,49,46-55,Ensino Médio,Masculino,Casado
4694,44,36-45,Pós-Graduação,Feminino,Solteiro
4695,35,26-35,Graduação,Masculino,Casado
4696,35,26-35,Pós-Graduação,Masculino,Solteiro
4697,44,36-45,Graduação,Feminino,Casado
4698,53,46-55,Ensino Médio,Masculino,Casado
4699,39,36-45,Ensino Médio,Feminino,Casado
4700,32,26-35,Outros,Feminino,Casado
4701,26,26-35,Graduação,Masculino,Solteiro
4702,20,18-25,Graduação,Feminino,Casado
4703,45,36-45,Outros,Feminino,Solteiro
4704,44,36-45,Ensino Médio,Masculino,Casado
4705,44,36-45,Graduação,Masculino,Solteiro
4706,36,36-45,Ensino Médio,Feminino,Solteiro
4707,54,46-55,Outros,Masculino,Outros
4708,32,26-35,Ensino Médio,Feminino,Outros
4709,49,46-55,Graduação,Masculino,Solteiro
4710,37,36-45,Ensino Médio,Feminino,Solteiro
4711,30,26-35,Pós-Graduação,Feminino,Casado
4712,45,36-45,Graduação,Masculino,Solteiro
4713,42,36-45,Graduação,Feminino,Outros
4714,42,36-45,Pós-Graduação,Feminino,Casado
4715,38,36-45,Pós-Graduação,Feminino,Solteiro
4716,37,36-45,Pós-Graduação,Feminino,Casado
4717,66,56+,Ensino Médio,Feminino,Solteiro
4718,52,46-55,Ensino Médio,Feminino,Solteiro
4719,46,46-55,Outros,Feminino,Solteiro
4720,39,36-45,Graduação,Feminino,Solteiro
4721,50,46-55,Graduação,Masculino,Outros
4722,44,36-45,Outros,Feminino,Solteiro
4723,38,36-45,Pós-Graduação,Masculino,Solteiro
4724,34,26-35,Ensino Médio,Masculino,Casado
4725,37,36-45,Ensino Médio,Masculino,Casado
4726,18,18-25,Pós-Graduação,Masculino,Solteiro
4727,40,36-45,Ensino Médio,Masculino,Casado
4728,32,26-35,Ensino Médio,Masculino,Casado
4729,57,56+,Pós-Graduação,Masculino,Solteiro
4730,38,36-45,Pós-Graduação,Feminino,Solteiro
4731,23,18-25,Pós-Graduação,Masculino,Solteiro
4732,37,36-45,Graduação,Masculino,Casado
4733,25,18-25,Graduação,Masculino,Casado
4734,43,36-45,Graduação,Masculino,Solteiro
4735,41,36-45,Graduação,Masculino,Casado
4736,49,46-55,Outros,Feminino,Casado
4737,28,26-35,Graduação,Feminino,Casado
4738,38,36-45,Pós-Graduação,Feminino,Casado
4739,21,18-25,Graduação,Feminino,Casado
4740,46,46-55,Graduação,Masculino,Casado
4741,44,36-45,Graduação,Masculino,Casado
4742,43,36-45,Graduação,Masculino,Solteiro
4743,38,36-45,Pós-Graduação,Feminino,Casado
4744,42,36-45,Ensino Médio,Masculino,Casado
4745,57,56+,Outros,Feminino,Outros
4746,34,26-35,Graduação,Masculino,Solteiro
4747,39,36-45,Graduação,Masculino,Casado
4748,24,18-25,Graduação,Feminino,Outros
4749,27,26-35,Ensino Médio,Feminino,Casado
4750,39,36-45,Graduação,Feminino,Casado
4751,51,46-55,Outros,Feminino,Outros
4752,34,26-35,Graduação,Feminino,Outros
4753,35,26-35,Graduação,Feminino,Solteiro
4754,33,26-35,Graduação,Feminino,Solteiro
4755,31,26-35,Outros,Masculino,Solteiro
4756,41,36-45,Ensino Médio,Feminino,Casado
4757,20,18-25,Pós-Graduação,Feminino,Casado
4758,53,46-55,Graduação,Masculino,Solteiro
4759,30,26-35,Graduação,Feminino,Outros
4760,46,46-55,Graduação,Feminino,Casado
4761,22,18-25,Ensino Médio,Masculino,Solteiro
4762,46,46-55,Ensino Médio,Masculino,Casado
4763,46,46-55,Ensino Médio,Masculino,Solteiro
4764,42,36-45,Outros,Feminino,Solteiro
4765,26,26-35,Graduação,Feminino,Solteiro
4766,40,36-45,Ensino Médio,Masculino,Casado
4767,23,18-25,Ensino Médio,Feminino,Casado
4768,34,26-35,Graduação,Masculino,Solteiro
4769,50,46-55,Ensino Médio,Feminino,Casado
4770,47,46-55,Pós-Graduação,Masculino,Casado
4771,38,36-45,Ensino Médio,Masculino,Solteiro
4772,26,26-35,Graduação,Feminino,Solteiro
4773,45,36-45,Graduação,Masculino,Casado
4774,38,36-45,Ensino Médio,Masculino,Solteiro
4775,18,18-25,Graduação,Masculino,Outros
4776,47,46-55,Graduação,Masculino,Casado
4777,37,36-45,Pós-Graduação,Masculino,Solteiro
4778,52,46-55,Graduação,Feminino,Casado
4779,24,18-25,Graduação,Feminino,Casado
4780,18,18-25,Ensino Médio,Feminino,Casado
4781,41,36-45,Outros,Feminino,Casado
4782,41,36-45,Graduação,Masculino,Solteiro
4783,18,18-25,Ensino Médio,Masculino,Casado
4784,26,26-35,Graduação,Masculino,Solteiro
4785,71,56+,Ensino Médio,Feminino,Casado
4786,34,26-35,Graduação,Feminino,Casado
4787,46,46-55,Graduação,Masculino,Solteiro
4788,30,26-35,Graduação,Masculino,Solteiro
4789,18,18-25,Pós-Graduação,Masculino,Solteiro
4790,35,26-35,Ensino Médio,Feminino,Solteiro
4791,34,26-35,Ensino Médio,Feminino,Casado
4792,33,26-35,Graduação,Masculino,Solteiro
4793,36,36-45,Graduação,Feminino,Casado
4794,41,36-45,Ensino Médio,Masculino,Solteiro
4795,36,36-45,Ensino Médio,Feminino,Outros
4796,22,18-25,Graduação,Feminino,Casado
4797,43,36-45,Graduação,Feminino,Casado
4798,18,18-25,Ensino Médio,Masculino,Solteiro
4799,18,18-25,Graduação,Masculino,Solteiro
4800,46,46-55,Pós-Graduação,Masculino,Casado
4801,44,36-45,Graduação,Masculino,Outros
4802,37,36-45,Ensino Médio,Feminino,Solteiro
4803,21,18-25,Ensino Médio,Feminino,Casado
4804,29,26-35,Outros,Masculino,Casado
4805,34,26-35,Ensino Médio,Masculino,Solteiro
4806,18,18-25,Outros,Masculino,Casado
4807,29,26-35,Graduação,Feminino,Casado
4808,45,36-45,Ensino Médio,Feminino,Solteiro
4809,55,46-55,Pós-Graduação,Masculino,Solteiro
4810,32,26-35,Ensino Médio,Masculino,Solteiro
4811,47,46-55,Graduação,Feminino,Casado
4812,18,18-25,Graduação,Feminino,Solteiro
4813,45,36-45,Ensino Médio,Masculino,Outros
4814,28,26-35,Ensino Médio,Feminino,Casado
4815,41,36-45,Pós-Graduação,Feminino,Solteiro
4816,35,26-35,Graduação,Feminino,Outros
4817,53,46-55,Graduação,Feminino,Solteiro
4818,27,26-35,Graduação,Masculino,Solteiro
4819,45,36-45,Ensino Médio,Feminino,Casado
4820,34,26-35,Graduação,Masculino,Solteiro
4821,36,36-45,Outros,Masculino,Solteiro
4822,35,26-35,Pós-Graduação,Masculino,Solteiro
4823,27,26-35,Ensino Médio,Masculino,Outros
4824,37,36-45,Ensino Médio,Masculino,Casado
4825,37,36-45,Graduação,Feminino,Casado
4826,40,36-45,Graduação,Feminino,Casado
4827,39,36-45,Ensino Médio,Feminino,Solteiro
4828,47,46-55,Ensino Médio,Masculino,Casado
4829,49,46-55,Graduação,Masculino,Solteiro
4830,25,18-25,Graduação,Feminino,Casado
4831,48,46-55,Pós-Graduação,Masculino,Solteiro
4832,23,18-25,Graduação,Feminino,Casado
4833,45,36-45,Graduação,Masculino,Solteiro
4834,45,36-45,Pós-Graduação,Feminino,Solteiro
4835,18,18-25,Ensino Médio,Masculino,Outros
4836,39,36-45,Ensino Médio,Feminino,Solteiro
4837,32,26-35,Outros,Feminino,Casado
4838,28,26-35,Ensino Médio,Feminino,Casado
4839,54,46-55,Outros,Feminino,Outros
4840,30,26-35,Graduação,Masculino,Solteiro
4841,28,26-35,Graduação,Feminino,Casado
4842,38,36-45,Outros,Masculino,Solteiro
4843,46,46-55,Graduação,Feminino,Casado
4844,36,36-45,Pós-Graduação,Masculino,Casado
4845,51,46-55,Ensino Médio,Feminino,Casado
4846,44,36-45,Outros,Feminino,Solteiro
4847,18,18-25,Ensino Médio,Masculino,Casado
4848,31,26-35,Graduação,Masculino,Casado
4849,31,26-35,Ensino Médio,Masculino,Casado
4850,43,36-45,Outros,Feminino,Casado
4851,18,18-25,Pós-Graduação,Masculino,Solteiro
4852,68,56+,Ensino Médio,Feminino,Casado
4853,44,36-45,Graduação,Feminino,Casado
4854,39,36-45,Graduação,Feminino,Outros
4855,52,46-55,Graduação,Feminino,Casado
4856,66,56+,Pós-Graduação,Masculino,Casado
4857,48,46-55,Graduação,Feminino,Solteiro
4858,49,46-55,Graduação,Feminino,Solteiro
4859,39,36-45,Pós-Graduação,Feminino,Solteiro
4860,36,36-45,Graduação,Feminino,Casado
4861,32,26-35,Ensino Médio,Feminino,Outros
4862,28,26-35,Graduação,Masculino,Solteiro
4863,29,26-35,Graduação,Feminino,Solteiro
4864,21,18-25,Outros,Feminino,Casado
4865,37,36-45,Graduação,Feminino,Casado
4866,18,18-25,Graduação,Feminino,Solteiro
4867,40,36-45,Graduação,Masculino,Solteiro
4868,37,36-45,Ensino Médio,Feminino,Solteiro
4869,39,36-45,Outros,Feminino,Casado
4870,31,26-35,Outros,Masculino,Casado
4871,74,56+,Ensino Médio,Feminino,Solteiro
4872,54,46-55,Graduação,Masculino,Solteiro
4873,23,18-25,Pós-Graduação,Feminino,Casado
4874,40,36-45,Graduação,Masculino,Casado
4875,30,26-35,Pós-Graduação,Feminino,Casado
4876,25,18-25,Ensino Médio,Masculino,Solteiro
4877,21,18-25,Ensino Médio,Masculino,Solteiro
4878,43,36-45,Pós-Graduação,Masculino,Solteiro
4879,29,26-35,Ensino Médio,Masculino,Solteiro
4880,49,46-55,Graduação,Feminino,Casado
4881,49,46-55,Graduação,Masculino,Solteiro
4882,54,46-55,Ensino Médio,Feminino,Outros
4883,27,26-35,Graduação,Feminino,Outros
4884,43,36-45,Graduação,Feminino,Outros
4885,45,36-45,Pós-Graduação,Feminino,Casado
4886,32,26-35,Graduação,Masculino,Solteiro
4887,28,26-35,Ensino Médio,Masculino,Solteiro
4888,57,56+,Outros,Masculino,Solteiro
4889,40,36-45,Graduação,Masculino,Casado
4890,45,36-45,Graduação,Feminino,Outros
4891,28,26-35,Ensino Médio,Masculino,Solteiro
4892,23,18-25,Outros,Feminino,Casado
4893,31,26-35,Graduação,Masculino,Casado
4894,36,36-45,Graduação,Feminino,Solteiro
4895,25,18-25,Ensino Médio,Masculino,Casado
4896,37,36-45,Graduação,Masculino,Casado
4897,18,18-25,Pós-Graduação,Feminino,Solteiro
4898,24,18-25,Graduação,Masculino,Solteiro
4899,46,46-55,Pós-Graduação,Feminino,Solteiro
4900,45,36-45,Graduação,Feminino,Casado
4901,33,26-35,Graduação,Masculino,Solteiro
4902,25,18-25,Ensino Médio,Feminino,Casado
4903,25,18-25,Graduação,Masculino,Casado
4904,33,26-35,Graduação,Feminino,Casado
4905,45,36-45,Graduação,Masculino,Solteiro
4906,49,46-55,Ensino Médio,Feminino,Casado
4907,32,26-35,Pós-Graduação,Masculino,Casado
4908,24,18-25,Graduação,Masculino,Casado
4909,41,36-45,Pós-Graduação,Feminino,Solteiro
4910,28,26-35,Ensino Médio,Masculino,Outros
4911,31,26-35,Graduação,Masculino,Outros
4912,53,46-55,Graduação,Feminino,Casado
4913,47,46-55,Graduação,Feminino,Casado
4914,39,36-45,Ensino Médio,Masculino,Casado
4915,22,18-25,Graduação,Masculino,Solteiro
4916,40,36-45,Ensino Médio,Masculino,Casado
4917,50,46-55,Ensino Médio,Masculino,Casado
4918,33,26-35,Outros,Masculino,Solteiro
4919,54,46-55,Graduação,Masculino,Casado
4920,53,46-55,Outros,Feminino,Casado
4921,57,56+,Pós-Graduação,Feminino,Casado
4922,41,36-45,Graduação,Masculino,Casado
4923,45,36-45,Ensino Médio,Masculino,Solteiro
4924,54,46-55,Graduação,Feminino,Outros
4925,43,36-45,Graduação,Masculino,Casado
4926,31,26-35,Graduação,Feminino,Casado
4927,32,26-35,Graduação,Feminino,Outros
4928,40,36-45,Graduação,Feminino,Outros
4929,22,18-25,Ensino Médio,Masculino,Casado
4930,36,36-45,Ensino Médio,Feminino,Solteiro
4931,51,46-55,Ensino Médio,Feminino,Casado
4932,18,18-25,Graduação,Feminino,Solteiro
4933,56,56+,Outros,Feminino,Outros
4934,51,46-55,Graduação,Masculino,Solteiro
4935,32,26-35,Pós-Graduação,Masculino,Solteiro
4936,44,36-45,Pós-Graduação,Feminino,Casado
4937,38,36-45,Graduação,Feminino,Solteiro
4938,52,46-55,Pós-Graduação,Feminino,Solteiro
4939,49,46-55,Pós-Graduação,Feminino,Solteiro
4940,21,18-25,Graduação,Masculino,Casado
4941,45,36-45,Graduação,Masculino,Solteiro
4942,35,26-35,Graduação,Feminino,Solteiro
4943,38,36-45,Ensino Médio,Masculino,Casado
4944,29,26-35,Ensino Médio,Feminino,Casado
4945,58,56+,Graduação,Masculino,Casado
4946,50,46-55,Graduação,Feminino,Solteiro
4947,29,26-35,Outros,Feminino,Solteiro
4948,21,18-25,Pós-Graduação,Masculino,Solteiro
4949,33,26-35,Ensino Médio,Masculino,Casado
4950,43,36-45,Pós-Graduação,Feminino,Outros
4951,40,36-45,Outros,Feminino,Solteiro
4952,53,46-55,Graduação,Feminino,Casado
4953,47,46-55,Graduação,Masculino,Casado
4954,49,46-55,Ensino Médio,Masculino,Casado
4955,41,36-45,Graduação,Masculino,Outros
4956,21,18-25,Graduação,Masculino,Casado
4957,35,26-35,Graduação,Feminino,Casado
4958,50,46-55,Ensino Médio,Feminino,Casado
4959,37,36-45,Pós-Graduação,Masculino,Solteiro
4960,44,36-45,Pós-Graduação,Masculino,Casado
4961,34,26-35,Graduação,Masculino,Casado
4962,25,18-25,Pós-Graduação,Feminino,Casado
4963,36,36-45,Ensino Médio,Masculino,Casado
4964,41,36-45,Graduação,Feminino,Casado
4965,30,26-35,Graduação,Masculino,Solteiro
4966,35,26-35,Pós-Graduação,Feminino,Solteiro
4967,26,26-35,Graduação,Masculino,Solteiro
4968,51,46-55,Pós-Graduação,Masculino,Solteiro
4969,34,26-35,Pós-Graduação,Feminino,Casado
4970,55,46-55,Pós-Graduação,Feminino,Solteiro
4971,56,56+,Outros,Masculino,Casado
4972,37,36-45,Pós-Graduação,Masculino,Casado
4973,25,18-25,Ensino Médio,Masculino,Outros
4974,18,18-25,Pós-Graduação,Masculino,Solteiro
4975,20,18-25,Pós-Graduação,Feminino,Solteiro
4976,21,18-25,Graduação,Feminino,Outros
4977,54,46-55,Graduação,Masculino,Outros
4978,39,36-45,Outros,Masculino,Solteiro
4979,42,36-45,Outros,Masculino,Solteiro
4980,18,18-25,Ensino Médio,Masculino,Solteiro
4981,23,18-25,Graduação,Masculino,Casado
4982,48,46-55,Graduação,Feminino,Casado
4983,41,36-45,Graduação,Masculino,Solteiro
4984,36,36-45,Outros,Feminino,Casado
4985,44,36-45,Graduação,Feminino,Casado
4986,57,56+,Graduação,Feminino,Casado
4987,35,26-35,Graduação,Feminino,Casado
4988,38,36-45,Pós-Graduação,Feminino,Outros
4989,40,36-45,Outros,Feminino,Solteiro
4990,66,56+,Graduação,Masculino,Solteiro
4991,18,18-25,Graduação,Masculino,Outros
4992,46,46-55,Pós-Graduação,Masculino,Outros
4993,36,36-45,Ensino Médio,Feminino,Solteiro
4994,44,36-45,Pós-Graduação,Feminino,Outros
4995,30,26-35,Ensino Médio,Masculino,Casado
4996,37,36-45,Pós-Graduação,Feminino,Casado
4997,46,46-55,Ensino Médio,Feminino,Casado
4998,75,56+,Ensino Médio,Feminino,Solteiro
4999,47,46-55,Pós-Graduação,Feminino,Solteiro
5000,27,26-35,Graduação,Feminino,Solteiro
