id_fato,id_cliente,id_produto,id_tempo,valor_fatura,valor_pago,inadimplente,score_risco,prob_default_real
1,1,1,19,14663,2726,1,651,0.1694
2,2,2,18,6063,3261,0,850,0.1926
3,3,3,7,15752,4760,0,850,0.1913
4,4,4,16,10879,11222,0,850,0.1336
5,5,5,24,73854,76895,0,850,0.1742
6,6,6,14,48965,54863,0,850,0.2153
7,7,7,8,57730,67667,0,810,0.2052
8,8,8,13,9016,3996,0,797,0.2409
9,9,9,3,20674,12786,0,783,0.2017
10,10,10,2,77117,82223,0,846,0.1893
11,11,11,13,15529,1558,1,637,0.1997
12,12,12,22,6224,1948,0,794,0.2053
13,13,13,3,20152,13074,0,823,0.2105
14,14,14,21,21841,8781,0,826,0.296
15,15,15,1,5011,5059,0,850,0.2464
16,16,16,2,94289,91688,0,829,0.2251
17,17,17,10,1028,1006,0,850,0.2276
18,18,18,11,45927,29908,0,850,0.1724
19,19,19,3,4952,650,1,636,0.2508
20,20,20,24,4824,2584,0,827,0.2382
21,21,21,8,4281,2674,0,843,0.1377
22,22,22,15,21327,25267,0,850,0.2253
23,23,23,5,80303,27456,0,850,0.1743
24,24,24,8,40302,23842,0,822,0.3174
25,25,25,18,8787,8883,0,821,0.2086
26,26,26,18,39521,733,1,663,0.1759
27,27,27,12,9550,11030,0,820,0.2491
28,28,28,4,9902,5930,0,850,0.1721
29,29,29,8,78913,84025,0,850,0.1914
30,30,30,2,47741,49344,0,840,0.1923
31,31,31,20,46804,6764,1,687,0.2352
32,32,32,24,7052,4673,0,839,0.1209
33,33,33,3,39753,1230,1,639,0.1845
34,34,34,8,33992,24870,0,796,0.2727
35,35,35,12,21872,15671,0,839,0.2352
36,36,36,2,15545,17332,0,850,0.2616
37,37,37,17,18736,159,1,643,0.178
38,38,38,14,19225,8919,0,831,0.2469
39,39,39,14,853,338,0,850,0.2368
40,40,40,6,33029,31865,0,850,0.173
41,41,41,8,4112,4630,0,785,0.2141
42,42,42,10,32188,20331,0,812,0.2581
43,43,43,24,15774,2582,1,681,0.2191
44,44,44,18,25663,4485,1,616,0.2452
45,45,45,1,21721,308,1,661,0.2395
46,46,46,7,22948,19118,0,850,0.2404
47,47,47,7,22665,12557,0,850,0.2304
48,48,48,13,8270,9160,0,850,0.1749
49,49,49,16,14601,6512,0,850,0.1597
50,50,50,12,39093,44454,0,826,0.2436
51,51,51,19,24564,14725,0,850,0.1753
52,52,52,6,15428,16671,0,770,0.2821
53,53,53,7,25049,28908,0,850,0.2096
54,54,54,17,18676,22181,0,850,0.1603
55,55,55,19,11120,11378,0,850,0.1492
56,56,56,5,7282,2851,0,850,0.149
57,57,57,3,22851,7994,0,795,0.2986
58,58,58,24,34523,33340,0,844,0.2433
59,59,59,22,34992,38747,0,850,0.1707
60,60,60,18,56162,25242,0,825,0.1768
61,61,61,17,18856,21627,0,832,0.2321
62,62,62,21,15883,13487,0,850,0.1964
63,63,63,11,2632,1083,0,815,0.2285
64,64,64,9,51609,23241,0,740,0.2767
65,65,65,17,159990,57493,0,822,0.2128
66,66,66,19,11492,4928,0,849,0.2177
67,67,67,13,30281,29036,0,850,0.1855
68,68,68,6,20544,10208,0,850,0.2303
69,69,69,21,9354,7534,0,835,0.1752
70,70,70,4,3243,494,1,600,0.2606
71,71,71,18,7338,8113,0,850,0.1767
72,72,72,12,50525,41982,0,850,0.122
73,73,73,4,4294,3489,0,850,0.2219
74,74,74,5,3371,3780,0,850,0.1315
75,75,75,12,2946,80,1,649,0.2476
76,76,76,18,14876,7190,0,815,0.1901
77,77,77,17,44708,4407,1,663,0.2527
78,78,78,23,39644,14552,0,826,0.2257
79,79,79,23,12772,6011,0,850,0.2142
80,80,80,24,21805,750,1,597,0.2464
81,81,81,10,7171,4482,0,850,0.1958
82,82,82,6,8796,8228,0,850,0.2027
83,83,83,17,17218,6588,0,806,0.2129
84,84,84,8,44495,32456,0,849,0.1905
85,85,85,2,5900,6063,0,825,0.2486
86,86,86,12,25970,23762,0,813,0.2057
87,87,87,3,12863,966,1,664,0.1556
88,88,88,24,12424,6403,0,839,0.2004
89,89,89,20,5697,3727,0,850,0.234
90,90,90,21,15664,7246,0,850,0.1938
91,91,91,23,33412,25327,0,850,0.1801
92,92,92,7,5452,4501,0,784,0.2342
93,93,93,1,74130,64349,0,850,0.2043
94,94,94,17,41529,45198,0,850,0.2225
95,95,95,8,57404,20415,0,849,0.2447
96,96,96,10,37649,24452,0,843,0.2608
97,97,97,17,45535,37879,0,822,0.2537
98,98,98,16,69387,56419,0,850,0.1656
99,99,99,10,19083,6097,0,805,0.2329
100,100,100,15,8743,4112,0,816,0.2243
101,101,101,16,30239,32088,0,839,0.2656
102,102,102,18,13228,10104,0,850,0.2326
103,103,103,4,3476,2336,0,850,0.2312
104,104,104,7,38339,42562,0,829,0.2029
105,105,105,12,11284,2205,1,662,0.1893
106,106,106,23,14426,350,1,689,0.1722
107,107,107,12,29608,3744,1,598,0.1669
108,108,108,23,153620,123879,0,850,0.1701
109,109,109,21,11581,9259,0,839,0.1785
110,110,110,1,7713,6750,0,850,0.19
111,111,111,21,2788,910,0,850,0.2779
112,112,112,24,7289,5666,0,826,0.2184
113,113,113,12,33538,13490,0,849,0.1835
114,114,114,23,4805,2116,0,850,0.0991
115,115,115,7,19373,9566,0,782,0.2753
116,116,116,15,11263,9594,0,850,0.175
117,117,117,2,17290,11257,0,850,0.1892
118,118,118,1,28410,10704,0,850,0.2582
119,119,119,4,14538,1696,1,692,0.1391
120,120,120,8,38848,14333,0,850,0.1543
121,121,121,17,32323,29016,0,850,0.1829
122,122,122,18,54449,43652,0,838,0.2414
123,123,123,23,35862,23916,0,850,0.1354
124,124,124,5,4340,4925,0,850,0.2661
125,125,125,6,13764,684,1,693,0.1658
126,126,126,12,5225,5741,0,850,0.1879
127,127,127,24,10622,8722,0,817,0.2222
128,128,128,16,6713,4290,0,789,0.2319
129,129,129,9,17561,13787,0,850,0.2301
130,130,130,15,14428,6300,0,838,0.2021
131,131,131,8,9233,1007,1,685,0.2746
132,132,132,12,52973,6178,1,645,0.1752
133,133,133,14,20853,10899,0,807,0.255
134,134,134,17,10827,6397,0,806,0.2225
135,135,135,14,18890,788,1,637,0.272
136,136,136,20,36903,6350,1,651,0.185
137,137,137,5,3421,3240,0,850,0.2158
138,138,138,13,26729,11306,0,829,0.1977
139,139,139,6,14697,8409,0,836,0.2382
140,140,140,14,14260,11191,0,829,0.2301
141,141,141,6,2726,2264,0,850,0.1808
142,142,142,3,8072,6320,0,850,0.139
143,143,143,16,69347,47983,0,846,0.2384
144,144,144,12,31251,29386,0,850,0.2072
145,145,145,14,7471,3616,0,850,0.1785
146,146,146,2,24793,13746,0,850,0.1887
147,147,147,18,14845,10392,0,800,0.2313
148,148,148,7,27680,25630,0,835,0.2323
149,149,149,5,43027,7693,1,615,0.1582
150,150,150,12,15274,6172,0,850,0.2061
151,151,151,17,5397,5419,0,850,0.1759
152,152,152,12,91237,48798,0,850,0.1891
153,153,153,21,12355,332,1,681,0.2069
154,154,154,11,40687,47411,0,850,0.2259
155,155,155,1,37502,424,1,699,0.1595
156,156,156,9,15875,97,1,618,0.2093
157,157,157,8,7957,7049,0,850,0.1226
158,158,158,14,32577,14972,0,850,0.1652
159,159,159,4,2460,1846,0,850,0.2332
160,160,160,11,43319,43913,0,850,0.1615
161,161,161,17,5301,5286,0,850,0.2244
162,162,162,8,5525,6126,0,850,0.1591
163,163,163,21,12167,13514,0,850,0.1468
164,164,164,1,12729,2076,1,561,0.2668
165,165,165,18,11606,11020,0,850,0.1527
166,166,166,5,66263,58722,0,850,0.1968
167,167,167,8,7253,7958,0,850,0.1897
168,168,168,8,13267,6170,0,850,0.116
169,169,169,9,5316,5134,0,850,0.1962
170,170,170,18,5444,3707,0,807,0.2652
171,171,171,7,22069,14456,0,792,0.2962
172,172,172,10,15304,5084,0,850,0.2173
173,173,173,21,5212,158,1,638,0.2408
174,174,174,16,16376,14872,0,809,0.2203
175,175,175,3,64707,53812,0,850,0.169
176,176,176,10,12372,6508,0,825,0.2078
177,177,177,8,13324,11893,0,833,0.266
178,178,178,18,5124,351,1,627,0.2129
179,179,179,4,12987,5804,0,802,0.1963
180,180,180,12,9081,10764,0,850,0.1175
181,181,181,21,1175,804,0,850,0.2481
182,182,182,5,8018,9464,0,805,0.2704
183,183,183,4,6747,706,1,597,0.256
184,184,184,19,9746,5766,0,850,0.1689
185,185,185,19,22118,2996,1,704,0.1928
186,186,186,5,43448,24396,0,850,0.1875
187,187,187,15,31514,18949,0,832,0.2485
188,188,188,12,4575,4034,0,850,0.2208
189,189,189,13,32365,4897,1,601,0.238
190,190,190,6,63880,74795,0,850,0.2637
191,191,191,17,8633,8561,0,850,0.2057
192,192,192,20,33510,5308,1,630,0.2331
193,193,193,10,2421,79,1,623,0.1804
194,194,194,14,6966,5105,0,812,0.279
195,195,195,15,59337,5936,1,635,0.2026
196,196,196,10,132829,15676,1,677,0.1838
197,197,197,6,24081,22648,0,850,0.2138
198,198,198,16,40829,43636,0,850,0.1803
199,199,199,2,10200,6035,0,850,0.1857
200,200,200,10,35343,26840,0,819,0.2558
201,201,201,5,43128,37003,0,808,0.2439
202,202,202,9,20327,1058,1,630,0.2167
203,203,203,19,12631,4384,0,850,0.1811
204,204,204,19,2490,1830,0,850,0.1822
205,205,205,9,6841,7033,0,850,0.2332
206,206,206,16,19982,20423,0,811,0.2995
207,207,207,19,5460,4130,0,850,0.1985
208,208,208,20,42196,48825,0,850,0.1908
209,209,209,4,13126,352,1,697,0.1979
210,210,210,5,6734,6488,0,850,0.104
211,211,211,18,23902,18262,0,850,0.1666
212,212,212,8,3335,2773,0,850,0.1467
213,213,213,13,8885,4450,0,849,0.1806
214,214,214,9,56523,44040,0,850,0.1568
215,215,215,10,8955,6925,0,832,0.1996
216,216,216,4,17363,8377,0,850,0.1553
217,217,217,19,10373,11991,0,850,0.2139
218,218,218,4,26123,13591,0,840,0.1929
219,219,219,13,18369,7233,0,792,0.248
220,220,220,23,35219,25368,0,850,0.2344
221,221,221,17,42638,39118,0,811,0.1314
222,222,222,11,12727,6053,0,850,0.271
223,223,223,2,21182,9841,0,816,0.2422
224,224,224,5,17609,9426,0,836,0.2733
225,225,225,13,15736,9008,0,844,0.2034
226,226,226,22,7327,3821,0,850,0.176
227,227,227,3,5819,4210,0,850,0.2157
228,228,228,19,42202,6007,1,649,0.2514
229,229,229,23,24432,3932,1,641,0.2112
230,230,230,19,23521,22496,0,824,0.1588
231,231,231,16,4689,335,1,619,0.2916
232,232,232,16,10440,6517,0,850,0.2122
233,233,233,3,15579,4820,0,850,0.1844
234,234,234,23,17242,2603,1,672,0.2083
235,235,235,9,14905,15487,0,850,0.1085
236,236,236,19,20553,12461,0,850,0.1654
237,237,237,24,6179,7212,0,850,0.2476
238,238,238,1,13951,1895,1,668,0.2556
239,239,239,14,15756,2115,1,606,0.2095
240,240,240,24,31289,31968,0,798,0.2039
241,241,241,11,12394,14683,0,850,0.2455
242,242,242,18,23658,2950,1,702,0.2206
243,243,243,20,9508,3878,0,850,0.168
244,244,244,7,13126,10116,0,850,0.1872
245,245,245,6,33818,28156,0,790,0.3074
246,246,246,12,16157,18798,0,850,0.2314
247,247,247,24,26435,17778,0,781,0.2819
248,248,248,2,11271,4302,0,850,0.2367
249,249,249,13,20585,18235,0,838,0.1734
250,250,250,20,9348,2982,0,850,0.2057
251,251,251,1,84344,57596,0,850,0.2082
252,252,252,23,6186,4136,0,850,0.1532
253,253,253,15,43039,22782,0,850,0.1066
254,254,254,20,75192,87815,0,836,0.1828
255,255,255,8,14216,9426,0,809,0.2375
256,256,256,18,25990,28725,0,829,0.2336
257,257,257,15,6589,5031,0,850,0.1698
258,258,258,8,11062,11487,0,821,0.264
259,259,259,2,41669,4684,1,650,0.2449
260,260,260,11,51235,61091,0,850,0.1549
261,261,261,8,5567,4876,0,850,0.2222
262,262,262,13,10882,4791,0,850,0.2204
263,263,263,1,7276,2224,0,850,0.2778
264,264,264,18,23076,1811,1,647,0.2481
265,265,265,5,35592,32677,0,850,0.1961
266,266,266,1,32597,12897,0,850,0.2587
267,267,267,12,15524,15044,0,850,0.1599
268,268,268,5,11267,1286,1,600,0.292
269,269,269,21,51029,52473,0,850,0.1973
270,270,270,16,19849,16850,0,850,0.2114
271,271,271,23,29661,12199,0,844,0.1587
272,272,272,18,19361,7044,0,850,0.2398
273,273,273,2,18841,2250,1,654,0.1464
274,274,274,15,33592,38402,0,827,0.211
275,275,275,22,36423,29435,0,850,0.2669
276,276,276,11,41701,41000,0,850,0.2455
277,277,277,10,27273,19705,0,850,0.1796
278,278,278,3,41329,26685,0,850,0.2056
279,279,279,13,19731,20519,0,839,0.2082
280,280,280,13,16764,12020,0,818,0.2499
281,281,281,24,17149,7329,0,809,0.1832
282,282,282,3,23175,12678,0,850,0.1551
283,283,283,10,20506,16512,0,850,0.1296
284,284,284,4,9336,6183,0,770,0.2765
285,285,285,14,21590,13596,0,850,0.1398
286,286,286,23,9300,8387,0,846,0.2785
287,287,287,17,57508,50186,0,850,0.184
288,288,288,1,3559,2073,0,836,0.1682
289,289,289,15,8582,5350,0,803,0.2596
290,290,290,22,40606,39666,0,842,0.2361
291,291,291,21,48567,5400,1,571,0.2711
292,292,292,2,16130,9545,0,768,0.2845
293,293,293,18,26808,15084,0,830,0.238
294,294,294,7,4618,2487,0,850,0.2091
295,295,295,22,15514,6630,0,850,0.1691
296,296,296,13,33949,910,1,625,0.2405
297,297,297,24,32522,24859,0,838,0.2347
298,298,298,3,22842,17901,0,849,0.1755
299,299,299,3,5667,5224,0,850,0.1553
300,300,300,13,5739,1993,0,850,0.1937
301,301,301,21,2929,2358,0,845,0.2485
302,302,302,4,87426,46291,0,850,0.1857
303,303,303,16,38017,19586,0,850,0.1534
304,304,304,8,13773,13921,0,850,0.1968
305,305,305,22,25776,11293,0,812,0.2687
306,306,306,8,13354,7961,0,850,0.2324
307,307,307,16,59905,52349,0,812,0.1634
308,308,308,23,5134,605,1,640,0.2928
309,309,309,2,7853,1239,1,644,0.1982
310,310,310,9,9439,3448,0,850,0.1974
311,311,311,13,9536,8485,0,794,0.2445
312,312,312,22,21908,4238,1,608,0.1971
313,313,313,22,24651,29547,0,835,0.2072
314,314,314,12,14932,1098,1,634,0.2094
315,315,315,2,17445,10753,0,850,0.1418
316,316,316,9,29148,15087,0,850,0.2316
317,317,317,1,41206,16020,0,844,0.1585
318,318,318,6,30327,17991,0,848,0.194
319,319,319,24,30062,16509,0,850,0.1762
320,320,320,2,16085,13175,0,850,0.2223
321,321,321,3,13966,8825,0,850,0.212
322,322,322,15,38623,19635,0,850,0.1613
323,323,323,7,4220,3592,0,850,0.2188
324,324,324,13,37570,22194,0,850,0.1078
325,325,325,16,36452,22537,0,850,0.2522
326,326,326,13,23682,19859,0,848,0.2293
327,327,327,12,27522,11184,0,844,0.1761
328,328,328,17,2668,2659,0,847,0.2421
329,329,329,21,3970,4640,0,850,0.215
330,330,330,11,84288,62520,0,828,0.1999
331,331,331,22,27475,22086,0,850,0.2175
332,332,332,7,4741,685,1,558,0.2686
333,333,333,13,27754,32223,0,850,0.2145
334,334,334,10,29946,12566,0,848,0.21
335,335,335,10,11458,11826,0,833,0.1784
336,336,336,13,17293,15310,0,850,0.2414
337,337,337,23,9409,9525,0,833,0.2127
338,338,338,19,43848,62,1,634,0.2144
339,339,339,23,57540,42955,0,850,0.197
340,340,340,17,34697,19412,0,827,0.233
341,341,341,20,11247,11264,0,850,0.2466
342,342,342,7,72183,76522,0,850,0.1664
343,343,343,23,18779,17232,0,850,0.1809
344,344,344,4,33800,35966,0,850,0.204
345,345,345,17,13241,2103,1,594,0.2489
346,346,346,24,23456,27249,0,844,0.2102
347,347,347,4,19552,15907,0,847,0.2882
348,348,348,18,28454,18279,0,823,0.2307
349,349,349,20,4625,4220,0,845,0.2637
350,350,350,8,104392,37811,0,850,0.1815
351,351,351,8,8242,6169,0,850,0.1789
352,352,352,21,132678,132155,0,850,0.1478
353,353,353,16,18137,8199,0,829,0.179
354,354,354,15,19233,913,1,650,0.2209
355,355,355,18,5298,3259,0,821,0.2689
356,356,356,23,13894,518,1,670,0.2252
357,357,357,19,28277,25041,0,844,0.268
358,358,358,6,6772,5063,0,838,0.2467
359,359,359,9,28783,29289,0,850,0.1979
360,360,360,16,97973,34492,0,758,0.2784
361,361,361,21,6883,4876,0,833,0.2457
362,362,362,9,9762,3051,0,850,0.163
363,363,363,20,9495,4735,0,843,0.2723
364,364,364,17,25954,25897,0,850,0.1732
365,365,365,4,2502,989,0,850,0.1934
366,366,366,15,13267,2008,1,605,0.2526
367,367,367,11,110037,72766,0,835,0.1604
368,368,368,14,15826,15814,0,850,0.2133
369,369,369,17,5433,4749,0,850,0.214
370,370,370,13,58379,58587,0,833,0.2604
371,371,371,9,9085,3130,0,850,0.1876
372,372,372,24,6627,146,1,637,0.1725
373,373,373,16,2852,2019,0,798,0.2159
374,374,374,8,27857,30821,0,818,0.1697
375,375,375,14,18511,17837,0,850,0.1404
376,376,376,15,3524,2403,0,840,0.219
377,377,377,7,63025,50323,0,816,0.2273
378,378,378,11,23726,16189,0,850,0.2296
379,379,379,3,4354,3034,0,801,0.1605
380,380,380,7,5405,4705,0,850,0.2156
381,381,381,22,40415,20000,0,850,0.2152
382,382,382,5,27499,16495,0,850,0.2068
383,383,383,9,119294,65759,0,759,0.2308
384,384,384,20,15531,15852,0,850,0.208
385,385,385,19,14247,16351,0,781,0.2644
386,386,386,13,10330,886,1,669,0.1837
387,387,387,19,3704,1368,0,850,0.2561
388,388,388,16,36125,13879,0,836,0.1439
389,389,389,2,35364,1148,1,671,0.1795
390,390,390,1,27488,18017,0,850,0.2344
391,391,391,3,19132,8256,0,850,0.2157
392,392,392,24,17975,2756,1,700,0.1716
393,393,393,12,3400,150,1,652,0.2653
394,394,394,6,8246,3283,0,838,0.2014
395,395,395,2,36310,14119,0,850,0.1657
396,396,396,24,78006,54710,0,835,0.1912
397,397,397,16,43731,7627,1,569,0.2405
398,398,398,5,15253,844,1,667,0.1664
399,399,399,12,30358,1793,1,694,0.2194
400,400,400,4,5546,6254,0,802,0.1425
401,401,401,14,6136,4154,0,805,0.2773
402,402,402,17,25482,21735,0,833,0.2385
403,403,403,12,3658,3768,0,850,0.2179
404,404,404,13,9349,5353,0,850,0.215
405,405,405,17,19845,15096,0,850,0.2209
406,406,406,20,26473,4544,1,717,0.1593
407,407,407,15,15247,1226,1,623,0.2561
408,408,408,9,27992,17865,0,786,0.2408
409,409,409,10,16868,226,1,724,0.184
410,410,410,6,4560,1808,0,850,0.1968
411,411,411,17,71085,46813,0,849,0.2347
412,412,412,12,30242,32759,0,850,0.2234
413,413,413,24,173982,198922,0,840,0.246
414,414,414,9,72745,37649,0,847,0.1324
415,415,415,2,22508,816,1,700,0.2047
416,416,416,16,8367,2582,0,850,0.2382
417,417,417,16,19157,7739,0,850,0.1313
418,418,418,22,6333,3866,0,850,0.2145
419,419,419,23,24978,22894,0,822,0.1644
420,420,420,1,18775,10570,0,850,0.209
421,421,421,21,17650,1303,1,572,0.1634
422,422,422,11,8305,7954,0,846,0.1204
423,423,423,21,69113,9262,1,668,0.216
424,424,424,3,19255,14773,0,850,0.1771
425,425,425,2,7392,4386,0,850,0.167
426,426,426,14,8899,7579,0,850,0.1355
427,427,427,1,26826,29554,0,850,0.2212
428,428,428,6,54476,43492,0,846,0.1841
429,429,429,7,20593,17066,0,847,0.2228
430,430,430,2,64747,41192,0,850,0.2363
431,431,431,2,2830,183,1,667,0.2625
432,432,432,15,15865,10878,0,809,0.2469
433,433,433,21,40935,6030,1,615,0.2701
434,434,434,5,4851,4425,0,850,0.1924
435,435,435,13,7109,5269,0,850,0.1641
436,436,436,19,14274,12258,0,820,0.2321
437,437,437,19,16634,374,1,667,0.1593
438,438,438,15,89276,100092,0,821,0.2519
439,439,439,1,33364,3839,1,661,0.2733
440,440,440,3,34964,38454,0,816,0.1869
441,441,441,18,18416,16935,0,850,0.2538
442,442,442,17,57286,23772,0,850,0.1764
443,443,443,21,38558,24473,0,835,0.243
444,444,444,8,23596,16344,0,850,0.1919
445,445,445,11,15924,5965,0,849,0.2349
446,446,446,20,31082,24827,0,850,0.1608
447,447,447,8,17082,419,1,649,0.1753
448,448,448,21,23403,16670,0,845,0.2448
449,449,449,6,2623,343,1,609,0.2895
450,450,450,6,15852,12198,0,850,0.3041
451,451,451,6,52735,55982,0,850,0.1847
452,452,452,2,8084,8105,0,811,0.2301
453,453,453,10,15500,16828,0,850,0.2727
454,454,454,10,47459,38684,0,850,0.1634
455,455,455,9,18495,15798,0,816,0.2881
456,456,456,23,22407,15403,0,850,0.2146
457,457,457,3,24248,22926,0,850,0.1874
458,458,458,2,12127,5874,0,850,0.2515
459,459,459,4,21157,15395,0,850,0.2076
460,460,460,8,74363,12808,1,633,0.2224
461,461,461,9,30246,30248,0,850,0.1152
462,462,462,2,55115,28833,0,850,0.1808
463,463,463,16,16069,7446,0,850,0.2011
464,464,464,6,50559,28296,0,791,0.1721
465,465,465,8,26534,2938,1,743,0.2141
466,466,466,3,31200,5189,1,680,0.2228
467,467,467,11,11481,13292,0,850,0.1895
468,468,468,20,13491,16126,0,850,0.1867
469,469,469,5,12814,12879,0,850,0.2087
470,470,470,12,33083,32566,0,808,0.2543
471,471,471,23,40986,47460,0,818,0.2455
472,472,472,11,35376,19862,0,850,0.2418
473,473,473,5,11873,4940,0,825,0.272
474,474,474,20,12055,12546,0,844,0.1388
475,475,475,20,51887,23548,0,782,0.2044
476,476,476,21,9471,3228,0,850,0.2268
477,477,477,3,85630,40829,0,846,0.1569
478,478,478,9,3689,2560,0,850,0.2264
479,479,479,18,17859,13315,0,850,0.1055
480,480,480,12,48053,17118,0,850,0.1429
481,481,481,23,7325,454,1,698,0.1878
482,482,482,4,7330,6185,0,831,0.224
483,483,483,24,25510,29046,0,759,0.3203
484,484,484,7,29152,4882,1,570,0.2573
485,485,485,24,5537,2712,0,818,0.2165
486,486,486,20,14080,9158,0,850,0.2708
487,487,487,11,27106,32128,0,850,0.2097
488,488,488,2,4835,537,1,651,0.2268
489,489,489,23,59679,20259,0,850,0.1418
490,490,490,12,12872,6938,0,807,0.1946
491,491,491,9,23363,18748,0,850,0.2155
492,492,492,6,13823,457,1,632,0.1343
493,493,493,7,18348,18289,0,759,0.2353
494,494,494,6,19648,1010,1,639,0.2437
495,495,495,18,47155,37889,0,850,0.1474
496,496,496,13,15064,8898,0,837,0.1683
497,497,497,9,14486,1746,1,616,0.2565
498,498,498,21,32180,27482,0,829,0.2129
499,499,499,19,7024,3240,0,850,0.2514
500,500,500,4,9775,9406,0,807,0.2383
501,501,501,4,5771,3772,0,850,0.1824
502,502,502,13,7072,6846,0,850,0.1522
503,503,503,11,55568,6980,1,592,0.2291
504,504,504,21,40259,35865,0,850,0.1921
505,505,505,2,4583,887,1,649,0.2104
506,506,506,6,73497,32564,0,843,0.2247
507,507,507,12,13506,14883,0,850,0.229
508,508,508,23,10085,7214,0,850,0.248
509,509,509,8,16512,12500,0,850,0.216
510,510,510,5,50389,56275,0,850,0.2235
511,511,511,24,11222,1983,1,634,0.202
512,512,512,24,23252,2359,1,662,0.2165
513,513,513,20,67355,33661,0,804,0.1849
514,514,514,23,20149,7523,0,833,0.2163
515,515,515,9,17682,10927,0,824,0.2072
516,516,516,4,31941,3755,1,651,0.1572
517,517,517,9,68747,48270,0,822,0.1907
518,518,518,12,2685,1211,0,808,0.2746
519,519,519,4,18242,1900,1,667,0.2125
520,520,520,17,31252,16796,0,850,0.1487
521,521,521,20,21325,24566,0,823,0.2762
522,522,522,2,91826,75267,0,850,0.1559
523,523,523,22,36548,43297,0,828,0.2293
524,524,524,13,22496,7620,0,850,0.1668
525,525,525,15,20843,1758,1,684,0.2163
526,526,526,8,15802,11525,0,847,0.2455
527,527,527,6,167061,179724,0,850,0.2148
528,528,528,9,105299,81287,0,850,0.1698
529,529,529,22,33347,36300,0,850,0.1751
530,530,530,11,12762,5328,0,798,0.2494
531,531,531,23,35496,32989,0,850,0.1931
532,532,532,12,27335,4565,1,730,0.2435
533,533,533,21,3482,2752,0,808,0.1907
534,534,534,24,23835,15840,0,850,0.2592
535,535,535,2,32415,5928,1,597,0.2303
536,536,536,2,4289,3410,0,830,0.1885
537,537,537,11,51008,27817,0,847,0.2133
538,538,538,8,88161,12660,1,669,0.2207
539,539,539,6,20589,13341,0,795,0.2303
540,540,540,18,44812,34110,0,845,0.2232
541,541,541,22,10877,8241,0,814,0.1566
542,542,542,11,46285,31613,0,833,0.2246
543,543,543,24,25928,15417,0,776,0.2176
544,544,544,6,27254,16773,0,845,0.1346
545,545,545,9,11032,447,1,570,0.3265
546,546,546,22,46219,37988,0,839,0.2411
547,547,547,14,55295,58883,0,850,0.1921
548,548,548,19,4777,5215,0,850,0.2238
549,549,549,21,4571,5459,0,850,0.2059
550,550,550,6,40979,15569,0,850,0.2068
551,551,551,20,21003,10350,0,850,0.1797
552,552,552,19,10510,1995,1,682,0.2213
553,553,553,10,44524,39213,0,850,0.1279
554,554,554,14,5092,2141,0,850,0.1792
555,555,555,5,2364,2051,0,828,0.2068
556,556,556,12,2239,37,1,642,0.2317
557,557,557,19,14731,17105,0,835,0.199
558,558,558,2,14744,580,1,656,0.2354
559,559,559,15,3002,1098,0,850,0.2053
560,560,560,6,31873,12143,0,807,0.2774
561,561,561,8,24498,16544,0,766,0.2235
562,562,562,14,36004,11072,0,850,0.1109
563,563,563,3,19749,7602,0,850,0.1506
564,564,564,6,9794,11158,0,843,0.228
565,565,565,11,3123,3164,0,850,0.1438
566,566,566,9,55525,50274,0,850,0.1954
567,567,567,17,9671,10127,0,848,0.2479
568,568,568,19,2620,1375,0,836,0.2278
569,569,569,2,22910,21833,0,838,0.276
570,570,570,8,12095,10329,0,850,0.1945
571,571,571,10,17942,19086,0,850,0.1835
572,572,572,22,38320,21245,0,833,0.1701
573,573,573,3,4689,4629,0,831,0.2297
574,574,574,10,29740,31744,0,850,0.1922
575,575,575,24,20257,16086,0,850,0.1544
576,576,576,23,10498,7058,0,850,0.2779
577,577,577,2,29523,34063,0,842,0.174
578,578,578,7,6936,3135,0,849,0.158
579,579,579,1,227367,75632,0,825,0.1972
580,580,580,24,6922,3192,0,825,0.1798
581,581,581,12,38800,35506,0,850,0.1938
582,582,582,5,16568,16734,0,848,0.2009
583,583,583,9,8015,1358,1,673,0.1672
584,584,584,12,20260,256,1,648,0.1352
585,585,585,11,11832,13853,0,850,0.2074
586,586,586,12,43879,3625,1,724,0.1727
587,587,587,3,88407,104600,0,850,0.2198
588,588,588,12,26455,29796,0,805,0.2383
589,589,589,23,9267,6175,0,850,0.1602
590,590,590,24,39629,17631,0,839,0.211
591,591,591,1,38848,14795,0,850,0.1828
592,592,592,6,17470,13597,0,850,0.2046
593,593,593,11,9303,9181,0,850,0.2203
594,594,594,2,6584,488,1,701,0.2047
595,595,595,8,26643,15623,0,850,0.1784
596,596,596,22,15878,13773,0,850,0.2077
597,597,597,11,4457,3185,0,803,0.1993
598,598,598,12,22828,19254,0,835,0.2184
599,599,599,19,45222,2106,1,661,0.1995
600,600,600,20,5334,3427,0,850,0.2032
601,601,601,23,39522,39813,0,850,0.1488
602,602,602,9,19606,2261,1,615,0.2715
603,603,603,11,22194,1652,1,723,0.1556
604,604,604,18,37754,16405,0,850,0.1634
605,605,605,9,14494,10534,0,813,0.253
606,606,606,15,36345,29783,0,835,0.1682
607,607,607,22,841,423,0,783,0.2691
608,608,608,18,19126,18795,0,812,0.2595
609,609,609,8,5392,2205,0,828,0.2485
610,610,610,4,4693,2040,0,770,0.1867
611,611,611,13,8198,5508,0,838,0.1669
612,612,612,15,5024,727,1,668,0.1904
613,613,613,8,11794,3661,0,836,0.2273
614,614,614,16,12061,8084,0,850,0.2281
615,615,615,11,43774,38682,0,850,0.1443
616,616,616,23,38240,6015,1,660,0.1806
617,617,617,23,2614,906,0,850,0.2156
618,618,618,13,36293,18481,0,850,0.1602
619,619,619,7,40806,31498,0,806,0.2182
620,620,620,18,5648,5446,0,850,0.2097
621,621,621,8,30468,30910,0,850,0.2148
622,622,622,2,24059,18463,0,796,0.2188
623,623,623,3,52538,46313,0,795,0.1647
624,624,624,10,10898,12130,0,850,0.1402
625,625,625,7,25405,9112,0,850,0.1584
626,626,626,23,46184,3518,1,674,0.2253
627,627,627,7,62775,44700,0,850,0.2413
628,628,628,4,32616,27683,0,850,0.2161
629,629,629,21,21759,1524,1,682,0.2121
630,630,630,23,36207,25608,0,850,0.1637
631,631,631,8,66081,30098,0,762,0.3091
632,632,632,19,26047,2442,1,665,0.131
633,633,633,22,15059,8146,0,846,0.2732
634,634,634,12,27479,30549,0,843,0.2335
635,635,635,10,110120,39363,0,850,0.1814
636,636,636,14,7903,8126,0,847,0.2782
637,637,637,12,18018,3371,1,689,0.1891
638,638,638,21,3547,614,1,666,0.188
639,639,639,20,16321,16869,0,836,0.2321
640,640,640,4,6117,3152,0,850,0.2657
641,641,641,19,31567,10906,0,801,0.25
642,642,642,7,8481,7853,0,850,0.1786
643,643,643,21,44681,21623,0,841,0.2436
644,644,644,1,42886,48780,0,822,0.2642
645,645,645,8,9006,3246,0,819,0.2248
646,646,646,11,29026,17171,0,843,0.197
647,647,647,1,10618,3306,0,826,0.2451
648,648,648,1,22408,2363,1,676,0.2668
649,649,649,4,10901,8580,0,785,0.2437
650,650,650,4,57545,5954,1,627,0.1567
651,651,651,11,11664,11125,0,850,0.1111
652,652,652,1,5098,5353,0,850,0.1479
653,653,653,10,21942,8770,0,850,0.1976
654,654,654,4,15613,397,1,633,0.2218
655,655,655,23,12517,6891,0,850,0.098
656,656,656,7,3410,1447,0,837,0.2186
657,657,657,2,37479,6129,1,679,0.2136
658,658,658,22,34076,36536,0,850,0.1853
659,659,659,13,13996,12101,0,850,0.1807
660,660,660,22,21266,17813,0,850,0.1924
661,661,661,19,11438,456,1,595,0.2878
662,662,662,4,8722,5824,0,850,0.238
663,663,663,6,16816,11355,0,850,0.2141
664,664,664,22,3541,1534,0,845,0.2086
665,665,665,17,23310,816,1,662,0.2425
666,666,666,24,4022,3060,0,850,0.2141
667,667,667,9,5702,4820,0,770,0.25
668,668,668,2,29905,2597,1,623,0.176
669,669,669,20,16779,10074,0,814,0.2462
670,670,670,6,13953,8448,0,850,0.1748
671,671,671,18,10267,1418,1,680,0.1461
672,672,672,23,5970,5606,0,850,0.2468
673,673,673,22,47519,41422,0,850,0.1958
674,674,674,24,182669,24274,1,611,0.2017
675,675,675,15,2405,1352,0,807,0.2396
676,676,676,23,24858,26228,0,819,0.2953
677,677,677,16,34249,34480,0,830,0.2547
678,678,678,1,19894,9255,0,850,0.1235
679,679,679,10,35112,31236,0,850,0.1471
680,680,680,10,5914,879,1,647,0.192
681,681,681,21,35398,6265,1,648,0.1599
682,682,682,6,19441,22012,0,819,0.2282
683,683,683,23,10048,3213,0,850,0.2282
684,684,684,4,20323,3205,1,650,0.2516
685,685,685,14,25725,13650,0,850,0.2307
686,686,686,17,28302,15168,0,839,0.2054
687,687,687,3,1918,2090,0,850,0.2263
688,688,688,2,21707,2278,1,617,0.2493
689,689,689,18,8888,2853,0,850,0.1945
690,690,690,17,3489,2741,0,850,0.1725
691,691,691,13,28563,33526,0,847,0.2279
692,692,692,19,13105,4864,0,850,0.1783
693,693,693,10,5320,2966,0,849,0.2553
694,694,694,21,27503,19872,0,850,0.1613
695,695,695,22,4248,103,1,613,0.2454
696,696,696,24,37107,6709,1,612,0.1923
697,697,697,4,20094,2555,1,631,0.1747
698,698,698,17,16010,10343,0,834,0.2606
699,699,699,16,71428,45833,0,850,0.174
700,700,700,19,19284,3337,1,629,0.2722
701,701,701,24,74096,83291,0,824,0.195
702,702,702,14,53062,53784,0,850,0.1437
703,703,703,20,6339,583,1,647,0.2132
704,704,704,15,18069,11453,0,838,0.3075
705,705,705,19,4659,1587,0,780,0.3204
706,706,706,3,9915,4005,0,845,0.1949
707,707,707,20,35019,21772,0,849,0.2314
708,708,708,20,59876,67058,0,783,0.1451
709,709,709,16,41999,49683,0,850,0.2425
710,710,710,7,97083,100946,0,850,0.1405
711,711,711,18,9354,4813,0,813,0.2523
712,712,712,8,22400,20019,0,850,0.1881
713,713,713,14,1859,24,1,658,0.2383
714,714,714,18,4183,4354,0,850,0.1732
715,715,715,1,19350,14682,0,776,0.2673
716,716,716,24,24010,14077,0,850,0.1421
717,717,717,20,32607,10347,0,850,0.1785
718,718,718,6,6388,6487,0,850,0.1809
719,719,719,13,23706,18424,0,850,0.2291
720,720,720,1,9335,7288,0,801,0.184
721,721,721,19,9161,1740,1,645,0.258
722,722,722,7,47540,35065,0,850,0.2322
723,723,723,23,2515,1469,0,757,0.3197
724,724,724,24,36732,22254,0,850,0.1509
725,725,725,16,3534,1097,0,850,0.1787
726,726,726,14,27508,11281,0,828,0.218
727,727,727,2,7807,758,1,558,0.233
728,728,728,7,40860,109,1,602,0.2211
729,729,729,20,8735,99,1,647,0.233
730,730,730,22,58231,34822,0,809,0.2404
731,731,731,20,14935,6175,0,850,0.2097
732,732,732,15,40179,45246,0,850,0.2148
733,733,733,14,13087,14978,0,825,0.2055
734,734,734,1,25003,21080,0,810,0.2746
735,735,735,17,19657,20147,0,850,0.1442
736,736,736,16,8865,1698,1,638,0.1941
737,737,737,5,38189,39334,0,830,0.2035
738,738,738,21,5798,5078,0,850,0.1529
739,739,739,24,41403,28451,0,850,0.1528
740,740,740,23,20485,22254,0,850,0.1506
741,741,741,3,70167,48714,0,850,0.2314
742,742,742,24,11730,7701,0,850,0.2329
743,743,743,20,3114,2684,0,850,0.2421
744,744,744,19,1934,2212,0,850,0.2376
745,745,745,2,23579,2187,1,630,0.1964
746,746,746,14,23000,18801,0,777,0.291
747,747,747,23,70999,52759,0,830,0.1624
748,748,748,21,4646,5197,0,848,0.2174
749,749,749,19,11242,10219,0,850,0.2384
750,750,750,13,15824,10722,0,840,0.2684
751,751,751,13,3018,2553,0,798,0.3021
752,752,752,6,48268,21259,0,805,0.2233
753,753,753,24,2180,1324,0,844,0.2535
754,754,754,9,14395,13856,0,850,0.1458
755,755,755,20,42704,34426,0,826,0.2188
756,756,756,1,8109,4726,0,850,0.1216
757,757,757,24,31901,5992,1,585,0.2172
758,758,758,10,6366,6549,0,847,0.1816
759,759,759,3,73876,58125,0,836,0.2356
760,760,760,6,115173,59300,0,850,0.145
761,761,761,16,12894,1790,1,581,0.2854
762,762,762,20,33037,23822,0,790,0.1573
763,763,763,6,7513,7411,0,850,0.0959
764,764,764,12,22745,27241,0,795,0.2388
765,765,765,3,53213,24860,0,850,0.1662
766,766,766,23,23718,23230,0,850,0.243
767,767,767,18,1569,1342,0,835,0.2209
768,768,768,21,8743,6802,0,850,0.1252
769,769,769,3,24838,4426,1,637,0.1909
770,770,770,5,4168,2461,0,850,0.1532
771,771,771,19,20918,2756,1,655,0.1912
772,772,772,24,14541,15847,0,823,0.2085
773,773,773,18,24301,3336,1,641,0.2384
774,774,774,8,6911,438,1,670,0.1838
775,775,775,24,16093,13362,0,797,0.2451
776,776,776,10,34030,15231,0,850,0.2703
777,777,777,19,14460,7296,0,816,0.2144
778,778,778,10,10007,4405,0,848,0.1942
779,779,779,21,70664,66883,0,836,0.2085
780,780,780,2,17698,7655,0,850,0.1616
781,781,781,10,22405,20461,0,841,0.228
782,782,782,22,11068,714,1,661,0.2347
783,783,783,18,6197,6333,0,849,0.2539
784,784,784,4,131450,148215,0,850,0.147
785,785,785,3,11623,9337,0,850,0.1689
786,786,786,17,4373,5114,0,850,0.1777
787,787,787,24,30481,19853,0,849,0.1541
788,788,788,24,50567,7074,1,636,0.244
789,789,789,17,29635,648,1,650,0.2112
790,790,790,22,17555,12833,0,814,0.2747
791,791,791,12,21471,8967,0,811,0.1683
792,792,792,17,15245,16589,0,850,0.1771
793,793,793,13,6909,6952,0,828,0.1799
794,794,794,9,6714,5410,0,836,0.2662
795,795,795,1,20511,19471,0,838,0.2554
796,796,796,15,14646,915,1,678,0.1503
797,797,797,19,10770,12,1,591,0.2706
798,798,798,9,7678,6596,0,850,0.1568
799,799,799,17,19459,14199,0,850,0.1845
800,800,800,15,22282,18809,0,850,0.2353
801,801,801,2,3068,1166,0,824,0.2347
802,802,802,4,23815,21128,0,832,0.2357
803,803,803,7,991,1014,0,846,0.2661
804,804,804,8,25465,20159,0,850,0.2331
805,805,805,1,35343,869,1,615,0.2323
806,806,806,1,27217,12443,0,850,0.1955
807,807,807,5,2011,231,1,611,0.2622
808,808,808,8,25449,19602,0,850,0.2316
809,809,809,1,12783,254,1,632,0.1724
810,810,810,3,18365,18367,0,796,0.2999
811,811,811,22,8322,3483,0,803,0.27
812,812,812,17,112853,7007,1,605,0.1857
813,813,813,3,8006,5975,0,850,0.1334
814,814,814,1,15823,110,1,647,0.1809
815,815,815,4,35450,42380,0,850,0.2278
816,816,816,9,58306,60686,0,842,0.2635
817,817,817,13,36735,23799,0,850,0.1726
818,818,818,5,130230,119344,0,814,0.2028
819,819,819,14,18563,17540,0,850,0.2167
820,820,820,19,23449,20776,0,818,0.1975
821,821,821,23,28093,19362,0,808,0.2249
822,822,822,14,92643,101592,0,850,0.1566
823,823,823,22,3869,3847,0,850,0.1376
824,824,824,4,22850,1622,1,660,0.1996
825,825,825,4,27643,8356,0,780,0.2726
826,826,826,9,53281,10134,1,689,0.1278
827,827,827,2,33782,25604,0,850,0.1571
828,828,828,10,16039,17787,0,781,0.2568
829,829,829,18,7423,1096,1,629,0.2553
830,830,830,7,62642,42350,0,816,0.1763
831,831,831,21,25284,8675,0,822,0.3119
832,832,832,14,15562,13033,0,849,0.223
833,833,833,21,12728,1910,1,619,0.2543
834,834,834,15,39850,31228,0,820,0.2132
835,835,835,10,10416,10309,0,850,0.185
836,836,836,5,17253,2598,1,652,0.2311
837,837,837,8,16209,17470,0,823,0.1325
838,838,838,22,4483,3911,0,812,0.2743
839,839,839,21,7957,8872,0,850,0.1457
840,840,840,5,22360,20606,0,825,0.2247
841,841,841,5,46504,46760,0,850,0.1854
842,842,842,14,91899,84265,0,850,0.2013
843,843,843,1,19480,21129,0,828,0.2556
844,844,844,5,5366,2686,0,850,0.203
845,845,845,19,15252,15006,0,850,0.1808
846,846,846,22,13789,5590,0,847,0.1993
847,847,847,12,16249,6220,0,815,0.248
848,848,848,15,24648,18300,0,816,0.1462
849,849,849,3,15229,8683,0,850,0.2103
850,850,850,1,54409,43909,0,810,0.1997
851,851,851,24,12319,1466,1,674,0.2011
852,852,852,12,4754,2395,0,850,0.2089
853,853,853,13,42678,39687,0,850,0.1981
854,854,854,14,40240,48123,0,850,0.141
855,855,855,10,38354,37738,0,850,0.1324
856,856,856,20,23582,4715,1,626,0.23
857,857,857,14,12557,1147,1,629,0.2163
858,858,858,14,32651,10074,0,850,0.1944
859,859,859,13,15278,11042,0,850,0.2568
860,860,860,21,4438,3461,0,850,0.1671
861,861,861,3,8913,10474,0,850,0.1813
862,862,862,24,12074,11633,0,761,0.3189
863,863,863,19,13173,12321,0,850,0.1332
864,864,864,20,46436,36181,0,839,0.1402
865,865,865,10,46843,4993,1,643,0.2315
866,866,866,12,56698,3490,1,652,0.2211
867,867,867,23,32141,10257,0,850,0.1751
868,868,868,2,7372,4223,0,850,0.1715
869,869,869,1,8036,3378,0,850,0.1666
870,870,870,4,62704,36586,0,850,0.1371
871,871,871,8,18018,12923,0,846,0.2219
872,872,872,17,25813,15687,0,843,0.2419
873,873,873,14,20401,23796,0,850,0.2532
874,874,874,14,17537,16003,0,821,0.2934
875,875,875,19,5727,5470,0,850,0.218
876,876,876,4,29045,28117,0,850,0.1202
877,877,877,20,7888,8750,0,812,0.2382
878,878,878,16,12338,12229,0,850,0.1792
879,879,879,19,30649,9641,0,850,0.2153
880,880,880,19,16845,9016,0,850,0.1437
881,881,881,13,40367,48044,0,850,0.0864
882,882,882,7,4244,93,1,562,0.2891
883,883,883,24,42392,15316,0,825,0.226
884,884,884,14,18866,13583,0,850,0.1453
885,885,885,10,4566,5400,0,850,0.1623
886,886,886,14,14816,1892,1,672,0.1511
887,887,887,20,5900,4066,0,850,0.1677
888,888,888,11,3573,353,1,663,0.2319
889,889,889,11,18005,14994,0,850,0.2077
890,890,890,15,6464,4902,0,849,0.1458
891,891,891,8,63287,42449,0,825,0.2307
892,892,892,24,17811,19644,0,850,0.1985
893,893,893,22,26619,3872,1,691,0.1751
894,894,894,17,17541,10531,0,850,0.1447
895,895,895,23,17141,12731,0,850,0.1692
896,896,896,23,31161,21802,0,850,0.1939
897,897,897,21,21289,15030,0,850,0.2256
898,898,898,6,10105,1452,1,690,0.2152
899,899,899,14,9091,7906,0,850,0.1732
900,900,900,9,5821,2019,0,850,0.2441
901,901,901,3,69704,76503,0,815,0.1648
902,902,902,12,25346,17079,0,838,0.2445
903,903,903,4,33019,33705,0,835,0.2572
904,904,904,15,9743,9319,0,850,0.136
905,905,905,13,32429,2589,1,636,0.2271
906,906,906,18,7161,3428,0,850,0.2177
907,907,907,14,11035,8894,0,850,0.235
908,908,908,13,36098,41630,0,850,0.1577
909,909,909,9,93971,13469,1,625,0.1839
910,910,910,5,30744,16306,0,850,0.1362
911,911,911,19,53253,63568,0,801,0.239
912,912,912,8,4204,523,1,634,0.2614
913,913,913,13,6843,5437,0,850,0.2097
914,914,914,9,24009,22214,0,848,0.1786
915,915,915,17,66958,46787,0,809,0.2337
916,916,916,5,28631,19001,0,850,0.2061
917,917,917,9,22126,15463,0,850,0.1639
918,918,918,11,23877,16068,0,846,0.1752
919,919,919,2,12178,2095,1,607,0.2355
920,920,920,13,38950,23269,0,834,0.1972
921,921,921,1,5625,2552,0,850,0.1511
922,922,922,8,7357,6885,0,850,0.2276
923,923,923,15,27013,757,1,656,0.2615
924,924,924,22,101331,95948,0,850,0.2291
925,925,925,2,32302,17343,0,850,0.1698
926,926,926,3,52971,24961,0,823,0.2378
927,927,927,21,4579,2935,0,850,0.2854
928,928,928,17,10303,4180,0,850,0.1731
929,929,929,18,9652,6235,0,845,0.1842
930,930,930,17,3436,1347,0,850,0.1919
931,931,931,14,12644,9295,0,834,0.2048
932,932,932,11,70693,32416,0,850,0.1403
933,933,933,23,36916,15393,0,850,0.2371
934,934,934,23,27411,22509,0,824,0.2416
935,935,935,14,54646,47144,0,850,0.1885
936,936,936,5,34915,10647,0,812,0.2341
937,937,937,6,25183,2324,1,673,0.254
938,938,938,19,17130,6340,0,850,0.1629
939,939,939,11,97029,93611,0,850,0.1616
940,940,940,2,13545,12371,0,800,0.2531
941,941,941,10,10641,2069,1,619,0.2652
942,942,942,13,6799,491,1,657,0.1876
943,943,943,2,10736,12496,0,785,0.2059
944,944,944,14,4690,73,1,660,0.1934
945,945,945,17,36525,6113,1,639,0.1041
946,946,946,9,896,156,1,624,0.2282
947,947,947,8,47708,50410,0,850,0.2323
948,948,948,8,27157,19369,0,850,0.2393
949,949,949,7,15349,4736,0,850,0.1871
950,950,950,16,14469,16390,0,805,0.2092
951,951,951,19,77360,64476,0,850,0.2085
952,952,952,24,12058,11109,0,850,0.1691
953,953,953,17,11153,524,1,646,0.2651
954,954,954,1,7669,7950,0,823,0.2174
955,955,955,13,34681,2411,1,628,0.2368
956,956,956,16,12930,10558,0,850,0.1756
957,957,957,6,9215,8538,0,850,0.1761
958,958,958,15,21488,8102,0,850,0.1698
959,959,959,12,12815,6409,0,847,0.1984
960,960,960,24,32225,21147,0,850,0.1995
961,961,961,8,37848,41552,0,850,0.1599
962,962,962,1,42448,45231,0,815,0.1595
963,963,963,11,48439,48627,0,796,0.2037
964,964,964,15,20073,23911,0,850,0.1927
965,965,965,1,41395,21458,0,827,0.1889
966,966,966,16,35421,1098,1,705,0.1633
967,967,967,7,2584,1814,0,850,0.2149
968,968,968,1,22888,20851,0,825,0.1698
969,969,969,2,62313,66371,0,844,0.203
970,970,970,8,15834,11756,0,850,0.2384
971,971,971,24,2994,2222,0,827,0.2352
972,972,972,11,29947,25379,0,846,0.2414
973,973,973,13,10436,10104,0,850,0.2077
974,974,974,5,40885,19672,0,836,0.204
975,975,975,18,25161,29329,0,850,0.2301
976,976,976,19,13862,5307,0,832,0.2752
977,977,977,21,22133,7100,0,850,0.2337
978,978,978,3,17147,10681,0,850,0.2753
979,979,979,1,22518,20970,0,781,0.2745
980,980,980,22,3912,4617,0,850,0.1898
981,981,981,5,6883,7843,0,850,0.1909
982,982,982,19,16985,15620,0,845,0.2429
983,983,983,9,4041,2799,0,845,0.2218
984,984,984,24,27998,23412,0,850,0.1869
985,985,985,7,14792,2627,1,633,0.1863
986,986,986,12,41871,22566,0,850,0.2252
987,987,987,14,9814,7168,0,850,0.1636
988,988,988,16,7285,410,1,622,0.2083
989,989,989,13,6428,1987,0,850,0.2254
990,990,990,18,10038,6455,0,834,0.2128
991,991,991,10,11924,9671,0,850,0.2107
992,992,992,21,25117,27900,0,788,0.2958
993,993,993,21,23727,1678,1,545,0.2049
994,994,994,6,5308,270,1,631,0.2155
995,995,995,22,5756,6620,0,828,0.2558
996,996,996,3,104750,17567,1,606,0.2615
997,997,997,4,23923,22275,0,850,0.1217
998,998,998,1,4046,2672,0,846,0.1657
999,999,999,11,51346,50107,0,850,0.1987
1000,1000,1000,17,35333,38193,0,850,0.1663
1001,1001,1001,5,15621,855,1,683,0.1377
1002,1002,1002,12,14236,16256,0,850,0.1508
1003,1003,1003,20,5253,1898,0,850,0.2366
1004,1004,1004,23,16766,16398,0,829,0.2113
1005,1005,1005,7,19427,7035,0,850,0.191
1006,1006,1006,4,7489,8054,0,850,0.2053
1007,1007,1007,16,10324,5001,0,850,0.2345
1008,1008,1008,15,42243,29175,0,842,0.162
1009,1009,1009,14,41765,47585,0,850,0.1441
1010,1010,1010,2,11918,12071,0,850,0.229
1011,1011,1011,10,4114,4143,0,850,0.1409
1012,1012,1012,20,46285,45683,0,850,0.2063
1013,1013,1013,24,36069,29305,0,850,0.1903
1014,1014,1014,2,8584,1333,1,621,0.2101
1015,1015,1015,5,16360,17153,0,822,0.1561
1016,1016,1016,13,8072,619,1,653,0.2113
1017,1017,1017,23,39757,38496,0,827,0.2363
1018,1018,1018,10,3657,4382,0,800,0.2064
1019,1019,1019,22,12808,819,1,601,0.1975
1020,1020,1020,13,1472,443,0,812,0.2241
1021,1021,1021,14,4483,619,1,687,0.1699
1022,1022,1022,18,5125,5678,0,850,0.2081
1023,1023,1023,20,9441,5617,0,850,0.2113
1024,1024,1024,23,8185,9656,0,824,0.1862
1025,1025,1025,8,19967,13201,0,751,0.2063
1026,1026,1026,5,47393,32182,0,850,0.1659
1027,1027,1027,21,14845,6602,0,850,0.1799
1028,1028,1028,20,21668,8384,0,850,0.2321
1029,1029,1029,12,10111,7916,0,850,0.1969
1030,1030,1030,16,4508,3797,0,812,0.2243
1031,1031,1031,20,5943,3745,0,850,0.2269
1032,1032,1032,19,8866,791,1,688,0.2477
1033,1033,1033,7,19628,798,1,695,0.201
1034,1034,1034,4,30677,33173,0,850,0.1624
1035,1035,1035,19,28465,5173,1,630,0.2506
1036,1036,1036,10,5578,4653,0,850,0.1294
1037,1037,1037,8,41228,43621,0,833,0.2259
1038,1038,1038,16,8755,9353,0,829,0.2692
1039,1039,1039,4,15295,2775,1,624,0.1777
1040,1040,1040,10,19955,9434,0,850,0.1799
1041,1041,1041,19,18225,3306,1,672,0.1264
1042,1042,1042,16,36505,41160,0,839,0.2241
1043,1043,1043,12,1527,822,0,850,0.1527
1044,1044,1044,20,50597,2600,1,703,0.1829
1045,1045,1045,2,19749,2578,1,677,0.2255
1046,1046,1046,11,19756,1029,1,651,0.1868
1047,1047,1047,20,16143,14678,0,842,0.1625
1048,1048,1048,23,2627,2386,0,778,0.2751
1049,1049,1049,13,18399,9842,0,850,0.1859
1050,1050,1050,3,8814,3396,0,850,0.169
1051,1051,1051,17,5582,3233,0,850,0.2393
1052,1052,1052,10,10837,2149,1,665,0.2049
1053,1053,1053,8,29177,1423,1,653,0.1883
1054,1054,1054,6,51357,27914,0,850,0.1618
1055,1055,1055,14,3283,298,1,695,0.2397
1056,1056,1056,19,49925,52791,0,790,0.239
1057,1057,1057,24,42632,3579,1,619,0.2331
1058,1058,1058,22,27511,15184,0,850,0.17
1059,1059,1059,1,12295,9886,0,850,0.1686
1060,1060,1060,11,18779,13067,0,781,0.2004
1061,1061,1061,14,18106,7745,0,841,0.1598
1062,1062,1062,13,6063,6951,0,819,0.3259
1063,1063,1063,12,9492,2931,0,850,0.1987
1064,1064,1064,22,12528,1277,1,609,0.245
1065,1065,1065,6,7428,4538,0,850,0.2331
1066,1066,1066,4,17049,2527,1,595,0.3073
1067,1067,1067,24,1900,1918,0,835,0.2357
1068,1068,1068,9,24977,20528,0,836,0.1747
1069,1069,1069,7,15863,14681,0,833,0.2346
1070,1070,1070,7,13757,8348,0,850,0.2013
1071,1071,1071,13,14776,16940,0,819,0.2314
1072,1072,1072,2,30923,10022,0,850,0.1884
1073,1073,1073,2,3966,1550,0,813,0.1891
1074,1074,1074,15,10095,11437,0,849,0.265
1075,1075,1075,16,24541,28235,0,843,0.1526
1076,1076,1076,2,17154,12719,0,850,0.2005
1077,1077,1077,20,4693,3842,0,850,0.2453
1078,1078,1078,5,10022,11147,0,824,0.2553
1079,1079,1079,2,19535,2802,1,677,0.13
1080,1080,1080,20,21797,23448,0,850,0.1542
1081,1081,1081,7,17278,10964,0,850,0.2279
1082,1082,1082,5,11972,12540,0,814,0.1976
1083,1083,1083,11,36031,13056,0,850,0.2251
1084,1084,1084,8,5547,4095,0,838,0.1918
1085,1085,1085,17,15642,8034,0,850,0.1723
1086,1086,1086,14,10080,3348,0,850,0.2163
1087,1087,1087,5,5497,4702,0,820,0.1529
1088,1088,1088,4,43963,16203,0,850,0.1679
1089,1089,1089,3,974,130,1,619,0.2008
1090,1090,1090,7,2806,218,1,679,0.1964
1091,1091,1091,11,8329,9807,0,850,0.1884
1092,1092,1092,1,44712,14992,0,841,0.1843
1093,1093,1093,22,3477,594,1,665,0.2153
1094,1094,1094,24,33724,29906,0,842,0.2347
1095,1095,1095,18,19274,20065,0,850,0.1565
1096,1096,1096,22,11027,281,1,683,0.1821
1097,1097,1097,1,7593,8951,0,846,0.2167
1098,1098,1098,16,7413,4476,0,808,0.2456
1099,1099,1099,13,16605,3255,1,680,0.1565
1100,1100,1100,6,25487,26485,0,821,0.2539
1101,1101,1101,6,5856,5349,0,850,0.1544
1102,1102,1102,21,7392,804,1,575,0.2771
1103,1103,1103,23,19611,14684,0,850,0.1076
1104,1104,1104,14,32987,38870,0,844,0.19
1105,1105,1105,5,30294,2098,1,684,0.1733
1106,1106,1106,8,39142,18499,0,817,0.2527
1107,1107,1107,18,37642,7343,1,665,0.1601
1108,1108,1108,6,47008,49149,0,821,0.2189
1109,1109,1109,5,1886,260,1,677,0.2124
1110,1110,1110,10,18151,12842,0,824,0.171
1111,1111,1111,18,19576,9057,0,850,0.1944
1112,1112,1112,13,19378,6069,0,850,0.2086
1113,1113,1113,23,9752,606,1,613,0.2066
1114,1114,1114,20,11379,11391,0,850,0.1647
1115,1115,1115,6,30980,22414,0,850,0.1652
1116,1116,1116,21,4548,2017,0,850,0.1718
1117,1117,1117,4,36555,37497,0,850,0.1302
1118,1118,1118,13,50569,31526,0,850,0.1831
1119,1119,1119,18,7651,6853,0,771,0.2325
1120,1120,1120,13,26694,15616,0,850,0.1784
1121,1121,1121,13,36860,25398,0,780,0.1402
1122,1122,1122,7,4050,3166,0,850,0.1445
1123,1123,1123,5,2484,2448,0,850,0.1667
1124,1124,1124,3,28025,29394,0,850,0.2272
1125,1125,1125,6,3489,2439,0,850,0.1278
1126,1126,1126,8,13346,6802,0,850,0.2291
1127,1127,1127,12,99914,43790,0,850,0.1874
1128,1128,1128,2,13664,8289,0,850,0.2161
1129,1129,1129,11,15040,15364,0,850,0.2206
1130,1130,1130,20,9129,4989,0,825,0.2059
1131,1131,1131,3,52621,5367,1,651,0.2207
1132,1132,1132,23,24762,20003,0,814,0.2195
1133,1133,1133,10,47357,15639,0,850,0.1253
1134,1134,1134,8,17638,19338,0,839,0.172
1135,1135,1135,8,21532,19599,0,825,0.2636
1136,1136,1136,14,19455,10333,0,850,0.1489
1137,1137,1137,4,62243,44950,0,850,0.2167
1138,1138,1138,15,13803,13323,0,850,0.228
1139,1139,1139,10,27285,1894,1,709,0.1593
1140,1140,1140,18,12457,13540,0,821,0.163
1141,1141,1141,22,14893,5399,0,808,0.2481
1142,1142,1142,15,60070,22407,0,850,0.128
1143,1143,1143,19,76445,64057,0,838,0.2598
1144,1144,1144,24,11705,2304,1,657,0.1846
1145,1145,1145,3,31441,3367,1,629,0.2225
1146,1146,1146,2,25325,29846,0,850,0.186
1147,1147,1147,13,8986,8731,0,829,0.2587
1148,1148,1148,13,6097,5600,0,850,0.2374
1149,1149,1149,9,32005,14824,0,850,0.1509
1150,1150,1150,3,43584,921,1,621,0.2655
1151,1151,1151,2,4961,922,1,668,0.2516
1152,1152,1152,14,33842,5436,1,593,0.2722
1153,1153,1153,16,12975,14764,0,846,0.2398
1154,1154,1154,14,42805,39721,0,787,0.2807
1155,1155,1155,4,85835,58090,0,833,0.1185
1156,1156,1156,2,6511,379,1,667,0.1527
1157,1157,1157,16,11659,4223,0,821,0.2075
1158,1158,1158,8,1496,1256,0,850,0.1071
1159,1159,1159,1,18542,2983,1,632,0.1941
1160,1160,1160,18,8685,7584,0,850,0.2285
1161,1161,1161,22,4726,275,1,663,0.2777
1162,1162,1162,9,24477,574,1,614,0.1801
1163,1163,1163,12,10384,9904,0,850,0.264
1164,1164,1164,5,13345,10503,0,844,0.2973
1165,1165,1165,21,12364,12790,0,843,0.1517
1166,1166,1166,3,16394,7902,0,795,0.1482
1167,1167,1167,8,14273,9535,0,819,0.1397
1168,1168,1168,22,3494,3587,0,850,0.1694
1169,1169,1169,16,7479,6307,0,850,0.1931
1170,1170,1170,18,4993,399,1,726,0.1872
1171,1171,1171,12,45750,16576,0,830,0.1857
1172,1172,1172,12,46793,24326,0,843,0.1955
1173,1173,1173,21,28981,13888,0,850,0.1821
1174,1174,1174,4,10808,12739,0,850,0.217
1175,1175,1175,10,122176,132235,0,789,0.2476
1176,1176,1176,9,5748,2413,0,793,0.1996
1177,1177,1177,4,60550,37445,0,850,0.2375
1178,1178,1178,24,71338,24778,0,850,0.2145
1179,1179,1179,1,58978,51270,0,835,0.2461
1180,1180,1180,5,72354,43273,0,786,0.2685
1181,1181,1181,3,6305,501,1,706,0.2074
1182,1182,1182,11,14889,11476,0,845,0.1684
1183,1183,1183,13,63300,64312,0,843,0.1953
1184,1184,1184,22,35267,1197,1,634,0.265
1185,1185,1185,11,56801,7811,1,688,0.2442
1186,1186,1186,6,8144,5713,0,850,0.1814
1187,1187,1187,22,5504,2713,0,832,0.2227
1188,1188,1188,4,26870,18851,0,749,0.2728
1189,1189,1189,7,33117,25971,0,850,0.1615
1190,1190,1190,3,21238,15194,0,795,0.2448
1191,1191,1191,22,9151,5004,0,850,0.213
1192,1192,1192,10,28352,4323,1,676,0.2342
1193,1193,1193,5,10410,11994,0,835,0.2118
1194,1194,1194,19,20006,11358,0,850,0.2001
1195,1195,1195,18,19138,17890,0,850,0.2769
1196,1196,1196,17,6729,83,1,652,0.1656
1197,1197,1197,24,11290,928,1,686,0.2206
1198,1198,1198,1,25966,1141,1,666,0.1608
1199,1199,1199,5,23052,24033,0,819,0.2272
1200,1200,1200,21,12281,10111,0,774,0.1888
1201,1201,1201,17,34014,5317,1,656,0.2282
1202,1202,1202,21,18253,10879,0,832,0.2344
1203,1203,1203,9,49112,20127,0,844,0.1778
1204,1204,1204,11,4866,1806,0,801,0.1675
1205,1205,1205,22,7593,1017,1,624,0.2184
1206,1206,1206,7,8018,9468,0,849,0.2173
1207,1207,1207,7,21381,11164,0,850,0.243
1208,1208,1208,2,58439,39145,0,835,0.1998
1209,1209,1209,14,7417,6506,0,816,0.2608
1210,1210,1210,16,75431,46462,0,850,0.143
1211,1211,1211,5,102484,31079,0,835,0.2977
1212,1212,1212,18,4261,2797,0,795,0.2433
1213,1213,1213,4,16552,16952,0,772,0.2922
1214,1214,1214,12,17209,3079,1,675,0.2359
1215,1215,1215,19,6048,353,1,649,0.1986
1216,1216,1216,13,6534,7380,0,850,0.1465
1217,1217,1217,6,5115,5526,0,762,0.2616
1218,1218,1218,11,12844,8554,0,820,0.2088
1219,1219,1219,15,26531,8070,0,840,0.2177
1220,1220,1220,21,143707,152385,0,850,0.091
1221,1221,1221,17,11584,6464,0,850,0.2312
1222,1222,1222,2,5372,5266,0,850,0.1748
1223,1223,1223,13,26737,21773,0,850,0.1887
1224,1224,1224,23,23790,11883,0,749,0.2214
1225,1225,1225,1,39908,35254,0,819,0.2723
1226,1226,1226,4,23968,23688,0,838,0.2718
1227,1227,1227,15,18677,444,1,674,0.2154
1228,1228,1228,16,13358,12998,0,826,0.2432
1229,1229,1229,11,59803,4700,1,657,0.1772
1230,1230,1230,3,8832,10441,0,850,0.1904
1231,1231,1231,12,47298,24397,0,804,0.2303
1232,1232,1232,12,7599,7599,0,850,0.239
1233,1233,1233,11,35950,35038,0,850,0.2653
1234,1234,1234,16,21066,16357,0,850,0.1257
1235,1235,1235,21,12073,7428,0,850,0.2177
1236,1236,1236,21,15525,975,1,642,0.1248
1237,1237,1237,13,34989,30319,0,845,0.1496
1238,1238,1238,12,20189,15693,0,771,0.257
1239,1239,1239,10,40555,39962,0,850,0.193
1240,1240,1240,11,4421,2761,0,830,0.1619
1241,1241,1241,18,5405,2143,0,835,0.2028
1242,1242,1242,5,55445,41862,0,819,0.2355
1243,1243,1243,20,19262,10268,0,850,0.2063
1244,1244,1244,13,4611,3942,0,837,0.3075
1245,1245,1245,17,20400,15673,0,793,0.2907
1246,1246,1246,12,12465,12475,0,847,0.2321
1247,1247,1247,17,26612,21760,0,850,0.1852
1248,1248,1248,1,5872,604,1,659,0.2458
1249,1249,1249,8,30593,12477,0,850,0.1778
1250,1250,1250,16,21155,8633,0,774,0.2918
1251,1251,1251,15,34057,29844,0,850,0.1969
1252,1252,1252,19,10554,11532,0,842,0.2327
1253,1253,1253,10,21147,14238,0,850,0.2425
1254,1254,1254,2,39008,30336,0,850,0.1957
1255,1255,1255,4,6076,5055,0,850,0.1439
1256,1256,1256,4,10052,7333,0,850,0.3127
1257,1257,1257,20,30519,10791,0,819,0.1673
1258,1258,1258,12,31356,26032,0,832,0.219
1259,1259,1259,17,26067,11036,0,850,0.241
1260,1260,1260,21,8483,6788,0,850,0.2195
1261,1261,1261,22,9574,9553,0,850,0.1685
1262,1262,1262,4,59175,18042,0,850,0.1801
1263,1263,1263,8,65541,12007,1,694,0.1911
1264,1264,1264,16,28640,27812,0,805,0.2466
1265,1265,1265,15,42848,33236,0,796,0.2245
1266,1266,1266,14,50460,25824,0,788,0.2629
1267,1267,1267,19,37625,34908,0,846,0.19
1268,1268,1268,11,5181,5207,0,828,0.2482
1269,1269,1269,13,48336,30271,0,850,0.2043
1270,1270,1270,23,20062,11388,0,850,0.1938
1271,1271,1271,8,12178,9628,0,849,0.1439
1272,1272,1272,23,16519,10388,0,850,0.1959
1273,1273,1273,9,11403,11999,0,850,0.2286
1274,1274,1274,2,16101,16119,0,832,0.1974
1275,1275,1275,20,6892,4002,0,836,0.1449
1276,1276,1276,2,22543,16034,0,850,0.1775
1277,1277,1277,8,2424,2667,0,850,0.1369
1278,1278,1278,18,34715,15019,0,850,0.1722
1279,1279,1279,24,16917,16558,0,850,0.208
1280,1280,1280,22,2432,1423,0,850,0.2005
1281,1281,1281,7,5894,973,1,663,0.183
1282,1282,1282,11,19384,3578,1,605,0.2695
1283,1283,1283,22,31248,17144,0,850,0.1586
1284,1284,1284,20,23956,19003,0,850,0.1523
1285,1285,1285,1,51672,57722,0,816,0.2613
1286,1286,1286,16,21541,4237,1,645,0.263
1287,1287,1287,16,16776,1521,1,639,0.2445
1288,1288,1288,10,19864,137,1,704,0.2155
1289,1289,1289,24,40873,18023,0,850,0.2516
1290,1290,1290,17,12612,6867,0,775,0.3266
1291,1291,1291,10,16651,1099,1,690,0.2541
1292,1292,1292,6,12003,9629,0,850,0.1296
1293,1293,1293,14,4321,442,1,628,0.2187
1294,1294,1294,15,51802,25415,0,795,0.1952
1295,1295,1295,4,6461,4962,0,845,0.2119
1296,1296,1296,2,4171,3167,0,818,0.2235
1297,1297,1297,19,10240,10561,0,833,0.1834
1298,1298,1298,13,26805,8561,0,850,0.2249
1299,1299,1299,12,4949,5317,0,808,0.2581
1300,1300,1300,21,7318,2719,0,850,0.2077
1301,1301,1301,23,38924,43787,0,820,0.203
1302,1302,1302,13,6326,2711,0,850,0.1535
1303,1303,1303,15,67229,12497,1,617,0.2184
1304,1304,1304,2,68554,26698,0,841,0.2369
1305,1305,1305,8,17153,12049,0,840,0.1687
1306,1306,1306,3,11365,6470,0,845,0.2501
1307,1307,1307,1,27452,18614,0,850,0.1855
1308,1308,1308,24,12243,9678,0,850,0.1905
1309,1309,1309,11,15069,10751,0,850,0.1451
1310,1310,1310,9,19463,6244,0,833,0.2503
1311,1311,1311,24,26275,28301,0,850,0.186
1312,1312,1312,17,57280,22079,0,850,0.1785
1313,1313,1313,7,51170,60511,0,850,0.1323
1314,1314,1314,23,27268,29072,0,850,0.1643
1315,1315,1315,4,6596,5311,0,850,0.1886
1316,1316,1316,13,15503,8072,0,850,0.2306
1317,1317,1317,24,108210,40862,0,834,0.2408
1318,1318,1318,5,765,692,0,850,0.2813
1319,1319,1319,12,55576,26751,0,811,0.2552
1320,1320,1320,20,20716,19885,0,804,0.2741
1321,1321,1321,5,10005,10497,0,833,0.237
1322,1322,1322,11,23170,27573,0,804,0.2125
1323,1323,1323,2,53407,40257,0,776,0.175
1324,1324,1324,4,47803,56273,0,820,0.1656
1325,1325,1325,10,6119,1117,1,689,0.2158
1326,1326,1326,24,5905,6215,0,850,0.2472
1327,1327,1327,7,8244,5142,0,823,0.27
1328,1328,1328,12,30959,2868,1,654,0.186
1329,1329,1329,8,11885,6439,0,848,0.2608
1330,1330,1330,23,19306,8804,0,850,0.1646
1331,1331,1331,23,247772,172943,0,850,0.1267
1332,1332,1332,23,66336,78844,0,827,0.2164
1333,1333,1333,16,68912,41134,0,802,0.2668
1334,1334,1334,2,8478,6061,0,841,0.167
1335,1335,1335,3,7305,3693,0,819,0.2337
1336,1336,1336,17,16318,1844,1,682,0.2293
1337,1337,1337,15,5632,1969,0,782,0.2913
1338,1338,1338,18,23916,27752,0,817,0.1853
1339,1339,1339,10,45868,34805,0,850,0.2204
1340,1340,1340,22,21570,1415,1,660,0.2103
1341,1341,1341,2,92700,15664,1,644,0.248
1342,1342,1342,17,33930,33698,0,850,0.1846
1343,1343,1343,16,59088,46128,0,850,0.1716
1344,1344,1344,24,21116,19667,0,850,0.142
1345,1345,1345,7,42077,4826,1,626,0.1788
1346,1346,1346,19,47544,37094,0,850,0.2595
1347,1347,1347,16,35686,18111,0,850,0.2667
1348,1348,1348,1,41200,6207,1,677,0.1492
1349,1349,1349,4,15323,16654,0,830,0.2661
1350,1350,1350,13,45593,18630,0,766,0.2412
1351,1351,1351,10,6730,1208,1,593,0.2819
1352,1352,1352,11,34821,26195,0,850,0.2739
1353,1353,1353,19,5624,5728,0,818,0.1995
1354,1354,1354,15,3613,505,1,636,0.2414
1355,1355,1355,11,17211,15809,0,850,0.2054
1356,1356,1356,3,47311,39990,0,844,0.2868
1357,1357,1357,2,31624,29444,0,850,0.2006
1358,1358,1358,11,28559,24535,0,850,0.1729
1359,1359,1359,10,95759,77209,0,850,0.2255
1360,1360,1360,3,8860,10044,0,832,0.2603
1361,1361,1361,5,5072,3113,0,850,0.1916
1362,1362,1362,15,3676,1713,0,793,0.2508
1363,1363,1363,4,2345,392,1,660,0.2146
1364,1364,1364,17,47335,19725,0,829,0.2164
1365,1365,1365,1,5924,5401,0,850,0.1745
1366,1366,1366,1,44830,35622,0,850,0.2385
1367,1367,1367,12,50368,15168,0,850,0.1758
1368,1368,1368,10,10574,5454,0,837,0.2535
1369,1369,1369,9,40385,30139,0,850,0.2004
1370,1370,1370,9,13411,8002,0,850,0.2151
1371,1371,1371,20,11132,7616,0,844,0.226
1372,1372,1372,20,28281,3658,1,637,0.1659
1373,1373,1373,14,15831,15162,0,850,0.2365
1374,1374,1374,23,16448,7172,0,850,0.2958
1375,1375,1375,19,38816,21528,0,850,0.1151
1376,1376,1376,10,31087,27134,0,834,0.2211
1377,1377,1377,3,33777,28021,0,850,0.2366
1378,1378,1378,20,50973,9863,1,635,0.1699
1379,1379,1379,22,20020,17546,0,850,0.2105
1380,1380,1380,17,44531,26591,0,850,0.1139
1381,1381,1381,3,12899,9665,0,800,0.1622
1382,1382,1382,12,12398,13591,0,824,0.2043
1383,1383,1383,15,18901,129,1,638,0.1105
1384,1384,1384,5,9689,6191,0,850,0.2405
1385,1385,1385,15,50439,53342,0,850,0.1563
1386,1386,1386,20,15024,9431,0,850,0.1744
1387,1387,1387,24,9130,6126,0,850,0.1411
1388,1388,1388,16,34963,20533,0,825,0.2073
1389,1389,1389,9,9611,10664,0,850,0.2155
1390,1390,1390,8,5093,1000,1,655,0.2157
1391,1391,1391,11,10323,5036,0,850,0.1694
1392,1392,1392,9,44034,3148,1,608,0.2095
1393,1393,1393,16,5204,1741,0,850,0.1408
1394,1394,1394,14,6010,3947,0,850,0.2128
1395,1395,1395,15,48908,54717,0,850,0.2251
1396,1396,1396,14,28994,26697,0,850,0.2093
1397,1397,1397,24,15726,15942,0,850,0.2376
1398,1398,1398,10,11488,13075,0,806,0.3041
1399,1399,1399,13,59767,59593,0,844,0.1672
1400,1400,1400,1,18608,7065,0,824,0.2085
1401,1401,1401,23,16142,8193,0,809,0.2527
1402,1402,1402,9,48132,36098,0,850,0.1907
1403,1403,1403,17,14391,1258,1,655,0.1941
1404,1404,1404,17,1692,1458,0,850,0.1639
1405,1405,1405,10,34842,31062,0,816,0.1513
1406,1406,1406,13,26342,24413,0,833,0.2132
1407,1407,1407,18,25478,20386,0,783,0.3195
1408,1408,1408,13,73810,52194,0,850,0.1507
1409,1409,1409,21,2483,2656,0,850,0.201
1410,1410,1410,24,68882,68234,0,833,0.1901
1411,1411,1411,13,48769,41508,0,850,0.1355
1412,1412,1412,24,23265,7942,0,844,0.2145
1413,1413,1413,10,2862,2646,0,850,0.1745
1414,1414,1414,20,29511,23678,0,850,0.1516
1415,1415,1415,7,11862,10962,0,805,0.2413
1416,1416,1416,7,5024,2915,0,809,0.2032
1417,1417,1417,9,26939,26919,0,850,0.2152
1418,1418,1418,16,34777,23514,0,850,0.1738
1419,1419,1419,15,13049,2369,1,655,0.1275
1420,1420,1420,3,8014,3154,0,826,0.2118
1421,1421,1421,13,27732,20413,0,850,0.1924
1422,1422,1422,11,29216,14174,0,833,0.2275
1423,1423,1423,8,16552,1897,1,586,0.2477
1424,1424,1424,21,15692,9703,0,825,0.2205
1425,1425,1425,21,19201,19644,0,829,0.2558
1426,1426,1426,24,41342,18622,0,828,0.2698
1427,1427,1427,6,24030,20157,0,850,0.1082
1428,1428,1428,10,51946,2287,1,592,0.303
1429,1429,1429,17,19835,15198,0,759,0.2452
1430,1430,1430,20,11899,11220,0,850,0.1917
1431,1431,1431,9,8132,5053,0,850,0.1786
1432,1432,1432,21,72107,45452,0,832,0.1814
1433,1433,1433,14,14698,5425,0,850,0.1555
1434,1434,1434,20,105421,83994,0,794,0.2733
1435,1435,1435,13,11651,1705,1,676,0.2271
1436,1436,1436,1,53566,55229,0,850,0.2423
1437,1437,1437,24,25937,18034,0,841,0.1948
1438,1438,1438,19,6049,7099,0,850,0.1288
1439,1439,1439,9,9827,4467,0,850,0.1688
1440,1440,1440,17,7469,4035,0,850,0.1927
1441,1441,1441,15,17172,11208,0,850,0.1938
1442,1442,1442,20,5501,543,1,650,0.1947
1443,1443,1443,5,8651,10165,0,785,0.2307
1444,1444,1444,4,9605,8422,0,850,0.2603
1445,1445,1445,4,8993,2788,0,844,0.1751
1446,1446,1446,15,17039,13983,0,835,0.2408
1447,1447,1447,5,8415,1527,1,571,0.2589
1448,1448,1448,17,20126,6967,0,850,0.1652
1449,1449,1449,7,19587,16063,0,842,0.1344
1450,1450,1450,6,8828,5622,0,848,0.187
1451,1451,1451,15,2903,2390,0,823,0.1777
1452,1452,1452,20,17240,9091,0,848,0.1538
1453,1453,1453,14,17433,2462,1,693,0.1798
1454,1454,1454,10,100817,91158,0,850,0.0711
1455,1455,1455,6,4902,841,1,706,0.1671
1456,1456,1456,10,7014,312,1,659,0.2731
1457,1457,1457,23,25262,28256,0,850,0.1525
1458,1458,1458,20,52421,17968,0,807,0.2476
1459,1459,1459,9,5023,2817,0,850,0.1886
1460,1460,1460,13,20228,3960,1,702,0.1611
1461,1461,1461,14,38361,13416,0,850,0.1735
1462,1462,1462,1,30569,23577,0,825,0.2599
1463,1463,1463,1,12413,3998,0,850,0.195
1464,1464,1464,19,3251,2959,0,838,0.2495
1465,1465,1465,9,7661,2316,0,830,0.2094
1466,1466,1466,5,33042,10862,0,850,0.1593
1467,1467,1467,17,5959,6259,0,850,0.1289
1468,1468,1468,16,23657,3033,1,669,0.1726
1469,1469,1469,12,21667,8084,0,835,0.2303
1470,1470,1470,5,131030,86416,0,850,0.1789
1471,1471,1471,6,4607,1593,0,823,0.1965
1472,1472,1472,20,14952,14583,0,809,0.2911
1473,1473,1473,23,4722,545,1,610,0.191
1474,1474,1474,11,23741,18915,0,850,0.1853
1475,1475,1475,19,15841,15487,0,850,0.2163
1476,1476,1476,21,19959,20079,0,850,0.1639
1477,1477,1477,6,5570,2354,0,850,0.1937
1478,1478,1478,23,9186,5072,0,850,0.168
1479,1479,1479,10,4648,141,1,666,0.2519
1480,1480,1480,15,17865,3076,1,676,0.2027
1481,1481,1481,18,6802,5331,0,850,0.1924
1482,1482,1482,21,10123,5312,0,847,0.2239
1483,1483,1483,7,69232,30363,0,850,0.1414
1484,1484,1484,23,5972,4533,0,850,0.2007
1485,1485,1485,3,85560,3253,1,642,0.1996
1486,1486,1486,24,6637,6603,0,850,0.1526
1487,1487,1487,16,2349,253,1,595,0.2712
1488,1488,1488,13,39784,30779,0,842,0.2815
1489,1489,1489,17,13004,2554,1,692,0.2392
1490,1490,1490,4,28142,33557,0,811,0.2195
1491,1491,1491,19,20323,8967,0,850,0.2022
1492,1492,1492,4,13572,9419,0,850,0.0934
1493,1493,1493,12,32715,2777,1,679,0.2058
1494,1494,1494,24,3265,1605,0,847,0.2118
1495,1495,1495,4,5176,878,1,641,0.1315
1496,1496,1496,24,20211,10484,0,846,0.1096
1497,1497,1497,17,14807,5445,0,850,0.113
1498,1498,1498,24,50974,17253,0,836,0.2178
1499,1499,1499,18,43329,49995,0,850,0.1469
1500,1500,1500,22,14712,7232,0,850,0.1661
1501,1501,1501,6,10350,5824,0,850,0.1608
1502,1502,1502,19,30668,35888,0,839,0.2561
1503,1503,1503,5,18884,3452,1,619,0.2462
1504,1504,1504,2,10045,7426,0,828,0.2661
1505,1505,1505,11,10814,7481,0,850,0.2257
1506,1506,1506,24,12463,4283,0,850,0.2045
1507,1507,1507,24,27254,254,1,682,0.1546
1508,1508,1508,13,9653,9516,0,850,0.151
1509,1509,1509,5,15654,1787,1,629,0.2337
1510,1510,1510,23,12348,7632,0,850,0.1335
1511,1511,1511,8,60157,65984,0,772,0.2977
1512,1512,1512,11,16692,8559,0,827,0.1923
1513,1513,1513,4,29165,24793,0,850,0.2088
1514,1514,1514,18,8289,1328,1,696,0.2768
1515,1515,1515,15,33522,34751,0,850,0.2118
1516,1516,1516,5,132892,44179,0,841,0.2184
1517,1517,1517,23,17763,18376,0,850,0.2129
1518,1518,1518,12,8453,3568,0,850,0.1966
1519,1519,1519,4,25406,7966,0,844,0.2228
1520,1520,1520,4,55950,46771,0,850,0.1139
1521,1521,1521,20,7553,4024,0,850,0.1729
1522,1522,1522,9,4132,3877,0,840,0.1994
1523,1523,1523,9,13643,9861,0,834,0.194
1524,1524,1524,14,20020,2846,1,667,0.2477
1525,1525,1525,24,25629,23597,0,778,0.2009
1526,1526,1526,8,32191,2799,1,656,0.1427
1527,1527,1527,23,44753,46578,0,850,0.1117
1528,1528,1528,1,25431,18961,0,821,0.1296
1529,1529,1529,24,30052,20862,0,850,0.2327
1530,1530,1530,11,19924,17716,0,850,0.2223
1531,1531,1531,4,10657,10232,0,850,0.184
1532,1532,1532,17,6148,1099,1,620,0.2472
1533,1533,1533,17,23006,7575,0,850,0.2065
1534,1534,1534,19,19574,13881,0,850,0.1921
1535,1535,1535,13,18911,7365,0,837,0.2549
1536,1536,1536,19,62751,34228,0,828,0.2304
1537,1537,1537,17,39011,32233,0,850,0.1471
1538,1538,1538,24,24436,364,1,653,0.2567
1539,1539,1539,20,33186,10806,0,850,0.2592
1540,1540,1540,12,9535,7619,0,842,0.2752
1541,1541,1541,20,26399,18996,0,835,0.2312
1542,1542,1542,14,33187,19104,0,850,0.1134
1543,1543,1543,22,5065,3656,0,850,0.1614
1544,1544,1544,9,40778,8141,1,625,0.2004
1545,1545,1545,12,3240,1289,0,850,0.2118
1546,1546,1546,24,86458,45833,0,841,0.1863
1547,1547,1547,17,19763,20068,0,850,0.2486
1548,1548,1548,16,5434,4907,0,844,0.2579
1549,1549,1549,12,11890,6416,0,850,0.1584
1550,1550,1550,10,16413,10805,0,827,0.2236
1551,1551,1551,2,46322,18888,0,850,0.1881
1552,1552,1552,3,47747,25201,0,850,0.2177
1553,1553,1553,5,10014,10585,0,850,0.2506
1554,1554,1554,16,25313,17627,0,806,0.2303
1555,1555,1555,21,18754,291,1,674,0.1822
1556,1556,1556,13,4133,1834,0,850,0.205
1557,1557,1557,24,6924,3219,0,817,0.2043
1558,1558,1558,18,70953,81370,0,850,0.232
1559,1559,1559,2,41725,44115,0,850,0.1261
1560,1560,1560,24,2990,354,1,643,0.2777
1561,1561,1561,1,25584,15264,0,816,0.2334
1562,1562,1562,9,61640,49711,0,850,0.1726
1563,1563,1563,18,36740,27301,0,850,0.2741
1564,1564,1564,5,11454,13293,0,835,0.2065
1565,1565,1565,3,18938,9765,0,850,0.1599
1566,1566,1566,5,27945,32206,0,850,0.1955
1567,1567,1567,12,10150,9502,0,850,0.1862
1568,1568,1568,8,35034,4382,1,602,0.2146
1569,1569,1569,8,13116,7078,0,837,0.2747
1570,1570,1570,22,11943,11723,0,850,0.2076
1571,1571,1571,7,26271,27338,0,850,0.1537
1572,1572,1572,2,5779,3593,0,819,0.2864
1573,1573,1573,1,41892,19047,0,838,0.2007
1574,1574,1574,24,7286,5413,0,850,0.2697
1575,1575,1575,1,4704,3394,0,813,0.2234
1576,1576,1576,8,3680,172,1,655,0.1892
1577,1577,1577,17,28238,33204,0,850,0.2733
1578,1578,1578,23,86213,67086,0,850,0.1372
1579,1579,1579,5,31235,96,1,615,0.2113
1580,1580,1580,14,22751,2643,1,656,0.2154
1581,1581,1581,8,13623,11438,0,786,0.2258
1582,1582,1582,20,14534,5868,0,850,0.178
1583,1583,1583,18,6776,7002,0,850,0.223
1584,1584,1584,23,8152,1012,1,687,0.1876
1585,1585,1585,7,15978,3039,1,682,0.1692
1586,1586,1586,24,28832,34353,0,819,0.211
1587,1587,1587,14,4878,5422,0,850,0.2109
1588,1588,1588,14,31409,15003,0,850,0.2289
1589,1589,1589,6,5731,3592,0,850,0.2139
1590,1590,1590,3,57590,2267,1,651,0.2046
1591,1591,1591,21,4127,4195,0,752,0.2772
1592,1592,1592,14,32006,5404,1,571,0.2948
1593,1593,1593,14,14311,11538,0,850,0.2218
1594,1594,1594,3,24204,12557,0,850,0.18
1595,1595,1595,10,18479,580,1,611,0.3208
1596,1596,1596,9,33341,6033,1,671,0.3012
1597,1597,1597,21,7362,8330,0,850,0.1957
1598,1598,1598,7,17467,15168,0,850,0.1079
1599,1599,1599,7,8094,2678,0,850,0.2181
1600,1600,1600,7,7713,6204,0,850,0.2454
1601,1601,1601,12,4494,3809,0,850,0.2268
1602,1602,1602,4,19705,1381,1,680,0.1667
1603,1603,1603,20,38687,35668,0,850,0.2053
1604,1604,1604,13,4072,2297,0,850,0.2193
1605,1605,1605,3,71767,30815,0,822,0.2242
1606,1606,1606,20,18219,17764,0,802,0.22
1607,1607,1607,9,9910,4724,0,850,0.2152
1608,1608,1608,21,18530,7462,0,850,0.1572
1609,1609,1609,22,16432,10244,0,850,0.1693
1610,1610,1610,20,21543,22608,0,850,0.1937
1611,1611,1611,13,61452,22976,0,850,0.1902
1612,1612,1612,1,12733,6060,0,802,0.3249
1613,1613,1613,23,25440,18513,0,833,0.1559
1614,1614,1614,23,12227,6833,0,850,0.1901
1615,1615,1615,6,61221,58129,0,821,0.2109
1616,1616,1616,20,13507,12256,0,850,0.1005
1617,1617,1617,24,49863,4770,1,733,0.141
1618,1618,1618,8,14155,6843,0,850,0.2161
1619,1619,1619,17,15713,13890,0,794,0.2547
1620,1620,1620,24,12333,12299,0,850,0.1761
1621,1621,1621,18,64186,12612,1,641,0.2227
1622,1622,1622,4,16446,5478,0,813,0.2898
1623,1623,1623,12,35644,5993,1,634,0.1511
1624,1624,1624,22,10807,8959,0,850,0.2112
1625,1625,1625,16,22489,1315,1,610,0.1684
1626,1626,1626,18,10390,3454,0,831,0.1505
1627,1627,1627,10,10633,1432,1,679,0.2031
1628,1628,1628,4,12923,11344,0,846,0.1402
1629,1629,1629,2,12656,11791,0,850,0.2146
1630,1630,1630,15,38557,28667,0,850,0.1795
1631,1631,1631,9,71533,4811,1,679,0.1863
1632,1632,1632,15,16851,1052,1,643,0.22
1633,1633,1633,5,21090,14855,0,850,0.2099
1634,1634,1634,19,7279,3910,0,802,0.2009
1635,1635,1635,3,36910,18479,0,850,0.1988
1636,1636,1636,17,20879,2950,1,711,0.2313
1637,1637,1637,13,27145,20054,0,850,0.2196
1638,1638,1638,24,9108,7848,0,850,0.1932
1639,1639,1639,3,1721,1245,0,850,0.1471
1640,1640,1640,4,39500,40959,0,838,0.2213
1641,1641,1641,18,12780,9548,0,850,0.2161
1642,1642,1642,24,10378,12342,0,850,0.1845
1643,1643,1643,3,8667,4492,0,850,0.2401
1644,1644,1644,14,23501,9980,0,791,0.2424
1645,1645,1645,16,59097,37599,0,844,0.2487
1646,1646,1646,12,46268,4281,1,644,0.1669
1647,1647,1647,11,27145,28965,0,760,0.2695
1648,1648,1648,2,4671,2441,0,808,0.1538
1649,1649,1649,1,9532,8004,0,850,0.1745
1650,1650,1650,13,12878,10689,0,838,0.1678
1651,1651,1651,18,7605,1056,1,648,0.2488
1652,1652,1652,18,75476,38631,0,850,0.196
1653,1653,1653,13,10080,6562,0,816,0.2597
1654,1654,1654,4,29030,29313,0,788,0.2473
1655,1655,1655,1,31736,5565,1,660,0.2043
1656,1656,1656,15,8760,6142,0,850,0.1987
1657,1657,1657,17,5094,3736,0,850,0.1783
1658,1658,1658,6,42987,49229,0,850,0.1636
1659,1659,1659,5,27951,16020,0,801,0.2484
1660,1660,1660,1,24284,7714,0,850,0.1767
1661,1661,1661,22,10968,10138,0,850,0.1712
1662,1662,1662,16,17709,17358,0,844,0.2214
1663,1663,1663,14,93068,86807,0,850,0.265
1664,1664,1664,24,19305,1687,1,650,0.2395
1665,1665,1665,5,20152,14809,0,801,0.2192
1666,1666,1666,3,4940,1564,0,810,0.239
1667,1667,1667,3,47477,45431,0,829,0.2471
1668,1668,1668,12,26159,2257,1,656,0.2349
1669,1669,1669,18,3458,1527,0,850,0.1573
1670,1670,1670,9,5692,2055,0,850,0.1692
1671,1671,1671,23,4992,2689,0,825,0.2477
1672,1672,1672,17,2806,2987,0,824,0.202
1673,1673,1673,17,44984,17792,0,849,0.2755
1674,1674,1674,20,26934,25416,0,850,0.2122
1675,1675,1675,18,30294,954,1,604,0.2042
1676,1676,1676,3,16351,5387,0,850,0.194
1677,1677,1677,18,17144,1441,1,665,0.173
1678,1678,1678,15,16318,16212,0,836,0.1566
1679,1679,1679,1,26838,22509,0,850,0.2003
1680,1680,1680,3,112225,51039,0,797,0.2387
1681,1681,1681,7,26651,14683,0,850,0.2029
1682,1682,1682,10,28385,2285,1,650,0.1791
1683,1683,1683,9,35047,30870,0,849,0.213
1684,1684,1684,9,27931,25626,0,795,0.2219
1685,1685,1685,8,8178,4858,0,838,0.2637
1686,1686,1686,6,54213,32775,0,804,0.1876
1687,1687,1687,1,6354,823,1,585,0.283
1688,1688,1688,16,6474,7452,0,829,0.18
1689,1689,1689,24,8960,1360,1,699,0.2091
1690,1690,1690,24,8532,6349,0,850,0.1966
1691,1691,1691,10,33754,3436,1,598,0.2434
1692,1692,1692,11,13770,2221,1,645,0.2358
1693,1693,1693,12,9861,596,1,613,0.1881
1694,1694,1694,22,6268,6653,0,850,0.3133
1695,1695,1695,3,34114,30936,0,850,0.207
1696,1696,1696,6,18469,14465,0,850,0.1448
1697,1697,1697,8,63361,75093,0,823,0.2468
1698,1698,1698,23,11758,10960,0,791,0.2119
1699,1699,1699,13,14970,13157,0,829,0.2468
1700,1700,1700,24,3430,3735,0,850,0.1811
1701,1701,1701,19,4766,3810,0,850,0.2062
1702,1702,1702,8,123413,11981,1,621,0.235
1703,1703,1703,21,72219,30620,0,850,0.187
1704,1704,1704,23,10107,7316,0,850,0.1789
1705,1705,1705,13,35281,26957,0,850,0.2019
1706,1706,1706,4,9463,9888,0,842,0.1939
1707,1707,1707,3,18842,2966,1,621,0.1615
1708,1708,1708,22,14318,13073,0,850,0.1699
1709,1709,1709,20,21781,12496,0,850,0.2189
1710,1710,1710,3,24217,27731,0,850,0.2463
1711,1711,1711,22,40255,29119,0,843,0.2238
1712,1712,1712,12,17083,14694,0,850,0.191
1713,1713,1713,5,23273,2115,1,617,0.2951
1714,1714,1714,6,48980,18705,0,850,0.1495
1715,1715,1715,18,10833,1938,1,605,0.2035
1716,1716,1716,20,5410,396,1,673,0.2203
1717,1717,1717,14,28826,4776,1,632,0.2057
1718,1718,1718,5,23897,21634,0,805,0.2571
1719,1719,1719,11,20632,7214,0,825,0.2121
1720,1720,1720,9,22751,18710,0,850,0.2283
1721,1721,1721,17,14237,9523,0,850,0.1694
1722,1722,1722,12,21950,7846,0,830,0.1979
1723,1723,1723,1,23641,3073,1,685,0.1576
1724,1724,1724,1,7393,1409,1,652,0.1665
1725,1725,1725,4,4808,2755,0,850,0.2242
1726,1726,1726,22,4918,1848,0,850,0.1453
1727,1727,1727,18,7581,695,1,600,0.2393
1728,1728,1728,17,4854,2792,0,850,0.1608
1729,1729,1729,12,52509,60491,0,850,0.1987
1730,1730,1730,20,27147,22596,0,850,0.1493
1731,1731,1731,24,63782,35498,0,850,0.1856
1732,1732,1732,22,3973,3082,0,842,0.2327
1733,1733,1733,12,5981,4698,0,850,0.2179
1734,1734,1734,5,38139,36387,0,850,0.1948
1735,1735,1735,1,13749,15288,0,821,0.1906
1736,1736,1736,19,29852,34817,0,795,0.2388
1737,1737,1737,7,20768,19648,0,799,0.3012
1738,1738,1738,15,5082,4021,0,837,0.3072
1739,1739,1739,14,28417,14277,0,803,0.2017
1740,1740,1740,3,33354,22104,0,850,0.1529
1741,1741,1741,5,4893,3620,0,850,0.2224
1742,1742,1742,6,8242,3424,0,791,0.1971
1743,1743,1743,11,4779,2536,0,850,0.1834
1744,1744,1744,19,120168,4711,1,653,0.1554
1745,1745,1745,22,20771,77,1,659,0.2218
1746,1746,1746,2,86350,63364,0,850,0.1977
1747,1747,1747,12,13550,6821,0,850,0.1838
1748,1748,1748,23,10705,8736,0,850,0.1657
1749,1749,1749,14,48279,24558,0,802,0.2547
1750,1750,1750,9,31222,14792,0,835,0.2286
1751,1751,1751,20,18831,1503,1,675,0.2456
1752,1752,1752,16,20155,12320,0,802,0.2069
1753,1753,1753,17,34458,27137,0,850,0.1935
1754,1754,1754,17,13300,5897,0,821,0.2933
1755,1755,1755,2,2894,517,1,663,0.2182
1756,1756,1756,10,3454,2252,0,823,0.1672
1757,1757,1757,11,74685,55310,0,838,0.1642
1758,1758,1758,3,35302,34809,0,850,0.151
1759,1759,1759,2,15046,12186,0,850,0.1594
1760,1760,1760,4,6976,5970,0,849,0.1726
1761,1761,1761,8,1104,1022,0,850,0.1315
1762,1762,1762,19,44088,31121,0,850,0.159
1763,1763,1763,20,27993,650,1,672,0.1814
1764,1764,1764,18,25936,26464,0,832,0.2459
1765,1765,1765,1,25591,26755,0,803,0.2436
1766,1766,1766,24,2297,223,1,638,0.2506
1767,1767,1767,23,33088,38316,0,850,0.106
1768,1768,1768,2,28021,2660,1,628,0.1914
1769,1769,1769,8,12105,2051,1,646,0.2333
1770,1770,1770,10,88241,60038,0,850,0.1842
1771,1771,1771,19,15332,16220,0,850,0.187
1772,1772,1772,7,34409,29772,0,850,0.1234
1773,1773,1773,17,49089,23801,0,752,0.2541
1774,1774,1774,3,22192,2633,1,672,0.2288
1775,1775,1775,15,21460,3804,1,629,0.2422
1776,1776,1776,4,11083,6239,0,768,0.236
1777,1777,1777,17,64515,70351,0,797,0.1999
1778,1778,1778,11,6002,6458,0,813,0.2682
1779,1779,1779,6,34314,36988,0,792,0.2001
1780,1780,1780,17,14219,15265,0,837,0.2083
1781,1781,1781,10,2622,2094,0,818,0.2875
1782,1782,1782,1,8919,7627,0,850,0.1883
1783,1783,1783,18,21372,24662,0,822,0.2631
1784,1784,1784,14,3103,1292,0,807,0.1905
1785,1785,1785,19,45538,46705,0,838,0.1658
1786,1786,1786,18,12483,9657,0,850,0.2408
1787,1787,1787,24,3638,4294,0,850,0.2296
1788,1788,1788,22,13446,11769,0,850,0.294
1789,1789,1789,1,140086,62518,0,850,0.1554
1790,1790,1790,22,8147,8423,0,850,0.1406
1791,1791,1791,1,12605,11412,0,822,0.2751
1792,1792,1792,9,43797,1746,1,677,0.1794
1793,1793,1793,14,22229,6848,0,800,0.2704
1794,1794,1794,3,13873,10949,0,794,0.1889
1795,1795,1795,12,16282,2303,1,633,0.2607
1796,1796,1796,17,21091,22789,0,845,0.2164
1797,1797,1797,17,21614,11365,0,839,0.1971
1798,1798,1798,2,4464,4002,0,850,0.2475
1799,1799,1799,6,6089,3718,0,826,0.1987
1800,1800,1800,1,8160,374,1,680,0.2159
1801,1801,1801,23,10132,4697,0,829,0.1201
1802,1802,1802,12,17437,13120,0,850,0.1862
1803,1803,1803,4,5317,478,1,687,0.2155
1804,1804,1804,23,16376,13476,0,850,0.2424
1805,1805,1805,16,92082,98615,0,850,0.2224
1806,1806,1806,20,6659,5907,0,823,0.2975
1807,1807,1807,11,17040,1018,1,643,0.1976
1808,1808,1808,20,17189,2337,1,645,0.1663
1809,1809,1809,20,22332,15154,0,823,0.2434
1810,1810,1810,10,9448,2989,0,850,0.1578
1811,1811,1811,8,18974,7043,0,820,0.232
1812,1812,1812,2,17172,11103,0,850,0.1719
1813,1813,1813,8,7778,3801,0,850,0.1589
1814,1814,1814,1,20192,33,1,641,0.1849
1815,1815,1815,23,38540,35026,0,850,0.221
1816,1816,1816,7,5362,6291,0,816,0.2661
1817,1817,1817,22,2093,2298,0,850,0.2482
1818,1818,1818,14,15668,18486,0,834,0.2112
1819,1819,1819,4,22996,14458,0,805,0.2333
1820,1820,1820,21,32350,23807,0,850,0.2207
1821,1821,1821,17,687,436,0,782,0.2752
1822,1822,1822,2,44221,51644,0,850,0.1829
1823,1823,1823,23,20798,13777,0,850,0.1943
1824,1824,1824,2,4503,1824,0,785,0.2925
1825,1825,1825,8,6260,3289,0,834,0.2123
1826,1826,1826,7,32240,21998,0,843,0.1942
1827,1827,1827,8,12771,10762,0,850,0.2587
1828,1828,1828,20,4409,3775,0,850,0.1691
1829,1829,1829,17,7155,7032,0,850,0.2207
1830,1830,1830,23,12707,11221,0,850,0.1865
1831,1831,1831,17,6256,4644,0,850,0.1602
1832,1832,1832,7,10985,3593,0,823,0.2593
1833,1833,1833,5,13919,12882,0,837,0.1546
1834,1834,1834,15,21450,920,1,621,0.1772
1835,1835,1835,2,39939,1289,1,575,0.2866
1836,1836,1836,11,19861,21981,0,843,0.2224
1837,1837,1837,17,4241,3550,0,850,0.2269
1838,1838,1838,24,28636,13718,0,850,0.1659
1839,1839,1839,13,53403,54853,0,838,0.1839
1840,1840,1840,4,53484,30505,0,825,0.1891
1841,1841,1841,24,13580,11129,0,850,0.1912
1842,1842,1842,18,30487,26592,0,832,0.2936
1843,1843,1843,14,22192,2574,1,611,0.237
1844,1844,1844,19,39258,14073,0,840,0.1776
1845,1845,1845,3,27748,29658,0,831,0.182
1846,1846,1846,4,13067,113,1,633,0.2226
1847,1847,1847,9,20026,7711,0,850,0.1389
1848,1848,1848,21,21233,15100,0,850,0.2176
1849,1849,1849,23,180761,24952,1,681,0.1144
1850,1850,1850,14,21383,7465,0,809,0.1716
1851,1851,1851,17,18534,2866,1,667,0.2106
1852,1852,1852,2,8676,6032,0,850,0.1481
1853,1853,1853,14,5836,6105,0,803,0.2314
1854,1854,1854,22,19503,7980,0,843,0.1526
1855,1855,1855,16,5167,2036,0,850,0.2015
1856,1856,1856,19,12045,12338,0,850,0.2393
1857,1857,1857,16,34457,25604,0,821,0.1342
1858,1858,1858,11,16192,1746,1,627,0.1976
1859,1859,1859,14,46983,33603,0,850,0.202
1860,1860,1860,7,3673,2460,0,850,0.2095
1861,1861,1861,5,8419,8450,0,841,0.2727
1862,1862,1862,8,7348,2266,0,850,0.1882
1863,1863,1863,17,10460,501,1,656,0.1906
1864,1864,1864,14,7501,366,1,668,0.2484
1865,1865,1865,10,6371,996,1,687,0.1406
1866,1866,1866,22,18653,7478,0,850,0.2711
1867,1867,1867,12,20592,14090,0,846,0.1406
1868,1868,1868,5,18210,16005,0,850,0.1773
1869,1869,1869,8,16850,15088,0,833,0.2729
1870,1870,1870,12,13008,622,1,678,0.1965
1871,1871,1871,4,13582,14037,0,850,0.2492
1872,1872,1872,13,22924,19209,0,819,0.2247
1873,1873,1873,21,2117,1307,0,850,0.2305
1874,1874,1874,17,4776,1653,0,850,0.1873
1875,1875,1875,24,2762,917,0,850,0.1423
1876,1876,1876,21,9012,3622,0,839,0.1887
1877,1877,1877,5,17857,21168,0,850,0.2066
1878,1878,1878,6,12560,12652,0,850,0.2247
1879,1879,1879,9,19531,12976,0,850,0.274
1880,1880,1880,5,52364,37680,0,850,0.2111
1881,1881,1881,2,20917,20156,0,850,0.1828
1882,1882,1882,3,18677,14249,0,850,0.1258
1883,1883,1883,11,8482,5295,0,850,0.2295
1884,1884,1884,10,51503,31653,0,828,0.2835
1885,1885,1885,3,18696,9136,0,786,0.2382
1886,1886,1886,9,31542,5810,1,655,0.2058
1887,1887,1887,8,24371,16395,0,850,0.2458
1888,1888,1888,16,18772,18342,0,846,0.2501
1889,1889,1889,22,3345,2730,0,822,0.2049
1890,1890,1890,21,2473,2420,0,850,0.2201
1891,1891,1891,2,50749,29881,0,827,0.1926
1892,1892,1892,10,11796,11522,0,850,0.2174
1893,1893,1893,24,16734,2772,1,566,0.2336
1894,1894,1894,14,50678,19959,0,850,0.1849
1895,1895,1895,5,15854,6061,0,850,0.1917
1896,1896,1896,22,38375,3908,1,670,0.2253
1897,1897,1897,1,7011,2847,0,819,0.2784
1898,1898,1898,13,8476,7767,0,850,0.1304
1899,1899,1899,4,1301,214,1,659,0.1702
1900,1900,1900,21,60844,10481,1,641,0.2183
1901,1901,1901,9,6266,6089,0,734,0.2135
1902,1902,1902,16,40307,27310,0,807,0.2458
1903,1903,1903,21,16005,8758,0,850,0.1453
1904,1904,1904,21,55058,49485,0,850,0.1643
1905,1905,1905,19,64485,1617,1,625,0.2505
1906,1906,1906,24,3079,2510,0,845,0.2233
1907,1907,1907,14,5335,5780,0,830,0.2445
1908,1908,1908,23,58598,18758,0,826,0.2226
1909,1909,1909,24,32403,31260,0,850,0.2272
1910,1910,1910,20,29681,13429,0,840,0.2576
1911,1911,1911,8,7201,4014,0,850,0.1264
1912,1912,1912,10,110525,90080,0,850,0.1201
1913,1913,1913,20,16934,9262,0,850,0.1631
1914,1914,1914,1,5514,2488,0,825,0.2197
1915,1915,1915,20,8789,9641,0,850,0.2454
1916,1916,1916,5,4031,4498,0,850,0.2087
1917,1917,1917,15,36759,795,1,616,0.2334
1918,1918,1918,8,14482,10863,0,819,0.2406
1919,1919,1919,10,15577,1735,1,616,0.2213
1920,1920,1920,6,3957,4261,0,763,0.2541
1921,1921,1921,15,9564,6850,0,850,0.2465
1922,1922,1922,15,5694,4160,0,850,0.1646
1923,1923,1923,10,8345,7216,0,822,0.2507
1924,1924,1924,21,43707,15300,0,761,0.2205
1925,1925,1925,19,2762,1145,0,825,0.1151
1926,1926,1926,4,9270,6939,0,850,0.2242
1927,1927,1927,22,53598,62711,0,850,0.2904
1928,1928,1928,6,10545,11169,0,850,0.2003
1929,1929,1929,15,58635,64523,0,809,0.2182
1930,1930,1930,6,12287,5202,0,850,0.1481
1931,1931,1931,18,11574,13457,0,830,0.3125
1932,1932,1932,11,35714,34178,0,850,0.1985
1933,1933,1933,12,13801,8185,0,823,0.2054
1934,1934,1934,8,10464,11280,0,850,0.2727
1935,1935,1935,24,30401,29567,0,827,0.09
1936,1936,1936,22,1575,1516,0,850,0.246
1937,1937,1937,14,79191,76115,0,850,0.1938
1938,1938,1938,4,27001,27561,0,850,0.1994
1939,1939,1939,18,11474,13237,0,850,0.1788
1940,1940,1940,6,14164,1389,1,650,0.2643
1941,1941,1941,6,34456,41332,0,850,0.1701
1942,1942,1942,19,48009,52094,0,850,0.1967
1943,1943,1943,2,89523,62439,0,850,0.1666
1944,1944,1944,4,20972,1747,1,649,0.2316
1945,1945,1945,24,26722,1741,1,662,0.1623
1946,1946,1946,5,28174,28195,0,828,0.1977
1947,1947,1947,15,28875,24318,0,811,0.2191
1948,1948,1948,3,28366,15646,0,848,0.211
1949,1949,1949,16,8433,5617,0,850,0.1777
1950,1950,1950,13,9500,11009,0,830,0.268
1951,1951,1951,12,21615,22121,0,850,0.2464
1952,1952,1952,21,21941,9032,0,850,0.1397
1953,1953,1953,9,52954,9265,1,645,0.2441
1954,1954,1954,11,4895,5569,0,843,0.2123
1955,1955,1955,8,27905,9233,0,850,0.2022
1956,1956,1956,7,3481,1177,0,758,0.2195
1957,1957,1957,4,10402,9830,0,780,0.2456
1958,1958,1958,2,74311,60785,0,850,0.096
1959,1959,1959,19,27181,9279,0,850,0.2271
1960,1960,1960,22,22320,2656,1,544,0.2571
1961,1961,1961,23,9265,7616,0,836,0.1906
1962,1962,1962,12,15016,11152,0,847,0.1784
1963,1963,1963,3,18521,13018,0,850,0.1615
1964,1964,1964,19,22139,3729,1,581,0.2454
1965,1965,1965,3,17111,2473,1,656,0.2481
1966,1966,1966,19,58975,52674,0,850,0.1763
1967,1967,1967,19,9518,1484,1,568,0.2464
1968,1968,1968,7,13204,1189,1,682,0.1894
1969,1969,1969,14,21792,22329,0,843,0.1934
1970,1970,1970,21,5717,5919,0,834,0.1756
1971,1971,1971,4,20825,22160,0,850,0.1952
1972,1972,1972,6,15781,7617,0,815,0.2764
1973,1973,1973,14,5811,2062,0,821,0.1964
1974,1974,1974,8,16969,17860,0,850,0.1764
1975,1975,1975,18,19732,6670,0,833,0.1896
1976,1976,1976,15,58295,2110,1,673,0.2243
1977,1977,1977,19,23232,17971,0,850,0.1763
1978,1978,1978,18,7834,8381,0,850,0.1544
1979,1979,1979,15,25877,1380,1,634,0.2154
1980,1980,1980,23,8440,7302,0,850,0.2039
1981,1981,1981,12,8877,10386,0,827,0.265
1982,1982,1982,18,13122,12557,0,774,0.2868
1983,1983,1983,5,26387,20448,0,829,0.2895
1984,1984,1984,15,57117,24042,0,850,0.1454
1985,1985,1985,9,15291,316,1,698,0.1492
1986,1986,1986,8,75964,9654,1,587,0.2346
1987,1987,1987,8,64282,35694,0,844,0.1828
1988,1988,1988,3,11080,460,1,675,0.1691
1989,1989,1989,13,59271,70241,0,850,0.2031
1990,1990,1990,13,63750,29132,0,847,0.2092
1991,1991,1991,12,19285,7546,0,850,0.1771
1992,1992,1992,15,57156,58072,0,850,0.1521
1993,1993,1993,14,16041,5172,0,834,0.1873
1994,1994,1994,1,24984,21959,0,850,0.1916
1995,1995,1995,2,10984,440,1,639,0.255
1996,1996,1996,23,20492,910,1,716,0.1797
1997,1997,1997,4,10488,4281,0,781,0.2413
1998,1998,1998,13,43427,891,1,691,0.2091
1999,1999,1999,10,14616,4608,0,829,0.2415
2000,2000,2000,21,71915,36790,0,845,0.2035
2001,2001,2001,13,2970,339,1,579,0.2447
2002,2002,2002,1,9572,4401,0,850,0.1844
2003,2003,2003,11,15760,13233,0,848,0.2161
2004,2004,2004,18,3582,296,1,604,0.2798
2005,2005,2005,9,36001,5260,1,644,0.313
2006,2006,2006,6,73304,82796,0,850,0.2022
2007,2007,2007,23,27595,17863,0,850,0.2137
2008,2008,2008,13,30769,23857,0,850,0.2444
2009,2009,2009,5,42636,31536,0,850,0.1916
2010,2010,2010,10,8454,625,1,594,0.2308
2011,2011,2011,5,18533,3671,1,613,0.3269
2012,2012,2012,22,22767,21904,0,850,0.2459
2013,2013,2013,10,19849,9787,0,850,0.1985
2014,2014,2014,5,219391,203259,0,793,0.1906
2015,2015,2015,20,53084,2790,1,627,0.1967
2016,2016,2016,21,47116,23044,0,811,0.1914
2017,2017,2017,11,22943,11858,0,772,0.2777
2018,2018,2018,5,9847,8739,0,838,0.2469
2019,2019,2019,5,11632,1891,1,642,0.1657
2020,2020,2020,17,8230,8116,0,812,0.2613
2021,2021,2021,21,84124,71149,0,850,0.1654
2022,2022,2022,5,24608,107,1,643,0.1917
2023,2023,2023,1,53413,51166,0,850,0.1328
2024,2024,2024,13,13092,1759,1,676,0.2352
2025,2025,2025,4,53227,55067,0,784,0.2898
2026,2026,2026,8,16945,9513,0,850,0.2094
2027,2027,2027,20,1663,893,0,850,0.1258
2028,2028,2028,23,24715,29023,0,850,0.1413
2029,2029,2029,6,7651,166,1,689,0.181
2030,2030,2030,15,2239,2446,0,753,0.2549
2031,2031,2031,15,18980,9355,0,843,0.1584
2032,2032,2032,21,21152,17533,0,834,0.2722
2033,2033,2033,16,24959,19506,0,832,0.1697
2034,2034,2034,9,9941,4799,0,850,0.1969
2035,2035,2035,24,7778,5468,0,850,0.1825
2036,2036,2036,5,38217,27463,0,841,0.1052
2037,2037,2037,23,5212,2692,0,850,0.2053
2038,2038,2038,16,17096,19820,0,817,0.2582
2039,2039,2039,7,3292,2447,0,822,0.1887
2040,2040,2040,3,8161,6303,0,850,0.245
2041,2041,2041,10,50112,9949,1,607,0.2319
2042,2042,2042,16,10612,11654,0,850,0.2284
2043,2043,2043,21,13056,10183,0,838,0.2329
2044,2044,2044,12,28131,696,1,680,0.2104
2045,2045,2045,9,33999,17549,0,826,0.2136
2046,2046,2046,16,29878,25173,0,850,0.1442
2047,2047,2047,9,1748,1124,0,850,0.2386
2048,2048,2048,24,26251,23156,0,812,0.2684
2049,2049,2049,22,72450,41345,0,823,0.1897
2050,2050,2050,23,169426,159964,0,850,0.142
2051,2051,2051,7,8911,1124,1,637,0.1907
2052,2052,2052,11,25024,2119,1,670,0.2157
2053,2053,2053,17,16265,6294,0,834,0.2403
2054,2054,2054,24,141794,122548,0,850,0.2092
2055,2055,2055,22,13210,14178,0,850,0.2389
2056,2056,2056,23,29965,13603,0,797,0.2116
2057,2057,2057,10,2415,908,0,850,0.206
2058,2058,2058,15,11166,3747,0,850,0.2356
2059,2059,2059,10,16008,5260,0,841,0.2257
2060,2060,2060,2,42573,45036,0,842,0.2525
2061,2061,2061,16,15655,14948,0,850,0.1574
2062,2062,2062,7,18665,8997,0,850,0.1873
2063,2063,2063,24,20465,23031,0,845,0.2525
2064,2064,2064,21,15270,6440,0,850,0.1894
2065,2065,2065,15,62614,39869,0,850,0.2003
2066,2066,2066,17,13931,9847,0,836,0.2388
2067,2067,2067,22,53810,1376,1,658,0.2404
2068,2068,2068,13,9460,5796,0,850,0.2223
2069,2069,2069,19,26293,10298,0,850,0.1273
2070,2070,2070,21,21411,21642,0,837,0.1501
2071,2071,2071,23,23064,7891,0,850,0.1523
2072,2072,2072,8,2593,817,0,850,0.1744
2073,2073,2073,22,61122,58631,0,850,0.1773
2074,2074,2074,9,74697,74903,0,850,0.2008
2075,2075,2075,19,3007,2243,0,830,0.2402
2076,2076,2076,17,6979,4090,0,808,0.1995
2077,2077,2077,10,40421,7225,1,677,0.1601
2078,2078,2078,14,4020,446,1,671,0.146
2079,2079,2079,12,3224,523,1,589,0.2238
2080,2080,2080,20,10958,8130,0,850,0.2054
2081,2081,2081,24,23567,636,1,650,0.2359
2082,2082,2082,22,13000,13005,0,846,0.1969
2083,2083,2083,7,1016,145,1,581,0.3226
2084,2084,2084,9,13832,12490,0,824,0.2475
2085,2085,2085,18,32833,3808,1,669,0.2325
2086,2086,2086,7,4504,432,1,654,0.2328
2087,2087,2087,4,17869,16322,0,850,0.2367
2088,2088,2088,23,134271,64169,0,850,0.2047
2089,2089,2089,8,11745,1387,1,645,0.2027
2090,2090,2090,18,15478,18553,0,850,0.1321
2091,2091,2091,15,12999,14296,0,824,0.2082
2092,2092,2092,7,22576,20937,0,850,0.1562
2093,2093,2093,8,19826,11582,0,817,0.1653
2094,2094,2094,1,20265,15868,0,850,0.2274
2095,2095,2095,11,74413,30803,0,810,0.1403
2096,2096,2096,10,9469,5686,0,842,0.2182
2097,2097,2097,5,30798,11123,0,850,0.1604
2098,2098,2098,2,14351,560,1,610,0.3045
2099,2099,2099,22,6375,6832,0,828,0.2725
2100,2100,2100,2,40770,41935,0,848,0.1559
2101,2101,2101,19,37396,7270,1,673,0.17
2102,2102,2102,16,5626,74,1,680,0.2495
2103,2103,2103,11,6575,5819,0,818,0.2498
2104,2104,2104,14,7789,666,1,661,0.1774
2105,2105,2105,22,12512,12573,0,807,0.233
2106,2106,2106,5,10178,3084,0,850,0.1312
2107,2107,2107,4,17634,19292,0,803,0.2663
2108,2108,2108,23,34791,6883,1,627,0.1585
2109,2109,2109,19,22884,9379,0,842,0.222
2110,2110,2110,10,5012,616,1,668,0.218
2111,2111,2111,23,7250,2941,0,850,0.2064
2112,2112,2112,9,6511,6229,0,850,0.2435
2113,2113,2113,18,24705,7489,0,850,0.184
2114,2114,2114,5,22925,142,1,622,0.2749
2115,2115,2115,17,35185,4794,1,603,0.2078
2116,2116,2116,23,32204,34330,0,819,0.2356
2117,2117,2117,18,8583,7111,0,850,0.2776
2118,2118,2118,21,13112,12122,0,831,0.2232
2119,2119,2119,1,12284,10358,0,850,0.2445
2120,2120,2120,14,26326,27109,0,839,0.1932
2121,2121,2121,14,3581,3929,0,812,0.104
2122,2122,2122,14,4747,4699,0,850,0.1911
2123,2123,2123,1,28111,13036,0,850,0.2173
2124,2124,2124,4,11188,851,1,618,0.23
2125,2125,2125,23,5129,5159,0,850,0.1883
2126,2126,2126,7,14491,15083,0,850,0.198
2127,2127,2127,24,11047,9565,0,850,0.2611
2128,2128,2128,12,9963,9392,0,844,0.1981
2129,2129,2129,13,11885,5432,0,850,0.1627
2130,2130,2130,15,25230,16031,0,850,0.1905
2131,2131,2131,20,16187,12644,0,850,0.2017
2132,2132,2132,2,35439,42007,0,850,0.1843
2133,2133,2133,14,13133,13386,0,850,0.1618
2134,2134,2134,12,6969,3298,0,836,0.1629
2135,2135,2135,13,45996,1818,1,583,0.2249
2136,2136,2136,14,34211,16941,0,850,0.2312
2137,2137,2137,3,72912,31864,0,842,0.1736
2138,2138,2138,13,14663,5982,0,829,0.1262
2139,2139,2139,8,27816,2550,1,588,0.2786
2140,2140,2140,16,13147,14671,0,793,0.32
2141,2141,2141,6,12634,9284,0,850,0.2128
2142,2142,2142,11,11396,9044,0,838,0.2371
2143,2143,2143,15,24829,26188,0,834,0.2585
2144,2144,2144,19,48714,43060,0,829,0.2051
2145,2145,2145,24,6552,6285,0,850,0.1957
2146,2146,2146,2,12352,12500,0,811,0.1337
2147,2147,2147,11,12800,9404,0,800,0.2466
2148,2148,2148,20,16590,19531,0,850,0.2437
2149,2149,2149,20,14414,1173,1,667,0.2723
2150,2150,2150,9,5845,5085,0,777,0.3268
2151,2151,2151,24,8156,3482,0,850,0.1956
2152,2152,2152,23,19428,23099,0,850,0.1253
2153,2153,2153,4,32019,11645,0,840,0.2149
2154,2154,2154,23,22229,26387,0,850,0.21
2155,2155,2155,17,35411,39642,0,780,0.2815
2156,2156,2156,24,14577,15608,0,850,0.2099
2157,2157,2157,8,39697,35974,0,850,0.223
2158,2158,2158,16,2931,15,1,622,0.2292
2159,2159,2159,1,8529,10208,0,849,0.1702
2160,2160,2160,10,11696,13761,0,850,0.17
2161,2161,2161,7,15576,16053,0,823,0.2277
2162,2162,2162,15,10526,3980,0,812,0.1823
2163,2163,2163,1,36923,23444,0,850,0.1658
2164,2164,2164,22,26136,28209,0,831,0.1417
2165,2165,2165,16,20937,19518,0,850,0.1566
2166,2166,2166,21,32632,13372,0,817,0.2234
2167,2167,2167,2,8142,4994,0,850,0.2471
2168,2168,2168,3,4650,1476,0,850,0.2349
2169,2169,2169,15,35668,2638,1,564,0.2131
2170,2170,2170,24,64364,62581,0,784,0.2401
2171,2171,2171,18,8430,5835,0,850,0.1811
2172,2172,2172,15,4501,4430,0,850,0.2192
2173,2173,2173,4,46286,52769,0,850,0.1878
2174,2174,2174,3,3821,2108,0,850,0.1836
2175,2175,2175,7,18499,10308,0,850,0.2466
2176,2176,2176,24,35021,25718,0,813,0.181
2177,2177,2177,20,8751,8192,0,826,0.297
2178,2178,2178,22,33393,39862,0,808,0.2243
2179,2179,2179,19,13463,6013,0,850,0.1402
2180,2180,2180,23,16816,2156,1,688,0.1847
2181,2181,2181,8,7378,4626,0,822,0.2263
2182,2182,2182,7,16974,16180,0,850,0.2017
2183,2183,2183,4,30707,33714,0,850,0.1923
2184,2184,2184,10,11285,5252,0,784,0.19
2185,2185,2185,10,26609,25073,0,805,0.244
2186,2186,2186,15,10762,12039,0,844,0.128
2187,2187,2187,24,38433,15725,0,849,0.2631
2188,2188,2188,22,9976,8694,0,775,0.2
2189,2189,2189,18,74408,35875,0,808,0.1943
2190,2190,2190,10,30232,21072,0,850,0.1512
2191,2191,2191,23,14032,1744,1,627,0.2427
2192,2192,2192,9,14625,885,1,659,0.2224
2193,2193,2193,9,14795,9783,0,816,0.1937
2194,2194,2194,22,17020,2539,1,655,0.2657
2195,2195,2195,16,22820,17598,0,850,0.1774
2196,2196,2196,17,9121,8433,0,835,0.2085
2197,2197,2197,16,28009,30978,0,850,0.1984
2198,2198,2198,6,26813,14794,0,837,0.2349
2199,2199,2199,5,35479,29648,0,835,0.2374
2200,2200,2200,7,3310,2702,0,850,0.2011
2201,2201,2201,13,20288,11840,0,850,0.1227
2202,2202,2202,8,4307,3228,0,818,0.2454
2203,2203,2203,1,128116,43099,0,850,0.1452
2204,2204,2204,10,51595,5009,1,561,0.3028
2205,2205,2205,20,40663,22099,0,818,0.248
2206,2206,2206,20,57723,62201,0,850,0.2112
2207,2207,2207,1,57738,35913,0,850,0.2095
2208,2208,2208,20,38244,18088,0,850,0.2518
2209,2209,2209,23,4266,3313,0,850,0.2001
2210,2210,2210,14,15428,1078,1,632,0.2185
2211,2211,2211,15,15183,9392,0,834,0.3137
2212,2212,2212,6,4124,4380,0,850,0.1665
2213,2213,2213,20,11142,6612,0,836,0.1881
2214,2214,2214,2,20363,19589,0,850,0.2003
2215,2215,2215,7,7945,3207,0,850,0.2012
2216,2216,2216,24,3710,1320,0,850,0.2086
2217,2217,2217,20,11554,11135,0,850,0.2348
2218,2218,2218,19,69540,43918,0,850,0.2107
2219,2219,2219,5,12455,8141,0,850,0.1121
2220,2220,2220,22,11566,341,1,609,0.2429
2221,2221,2221,8,11201,13308,0,850,0.2002
2222,2222,2222,3,48121,3571,1,688,0.2362
2223,2223,2223,13,2890,1646,0,794,0.243
2224,2224,2224,6,36559,6689,1,589,0.2432
2225,2225,2225,21,35554,33096,0,850,0.2379
2226,2226,2226,23,28871,27009,0,830,0.2186
2227,2227,2227,14,34610,28929,0,836,0.1832
2228,2228,2228,7,10612,8802,0,801,0.2571
2229,2229,2229,11,151783,65767,0,823,0.2247
2230,2230,2230,22,61230,64362,0,794,0.1213
2231,2231,2231,9,13099,4034,0,850,0.2435
2232,2232,2232,10,3694,2496,0,770,0.2419
2233,2233,2233,20,29509,14573,0,850,0.2717
2234,2234,2234,17,13540,5333,0,850,0.1838
2235,2235,2235,8,58275,34238,0,850,0.2236
2236,2236,2236,22,32414,28896,0,850,0.1594
2237,2237,2237,6,34463,25756,0,850,0.1843
2238,2238,2238,21,42494,2682,1,626,0.244
2239,2239,2239,11,49949,41943,0,799,0.2418
2240,2240,2240,3,11940,6302,0,846,0.1939
2241,2241,2241,6,18074,3254,1,609,0.2639
2242,2242,2242,17,21994,11099,0,850,0.1939
2243,2243,2243,7,31021,14294,0,850,0.1152
2244,2244,2244,6,16411,19028,0,850,0.2423
2245,2245,2245,21,21160,15261,0,850,0.1256
2246,2246,2246,13,60858,53925,0,789,0.2561
2247,2247,2247,14,92259,100201,0,825,0.2548
2248,2248,2248,19,16667,9832,0,832,0.2598
2249,2249,2249,8,2809,2837,0,804,0.226
2250,2250,2250,13,19023,19212,0,850,0.1521
2251,2251,2251,20,28089,29257,0,822,0.2708
2252,2252,2252,9,16146,7596,0,777,0.2082
2253,2253,2253,5,35849,41819,0,844,0.2669
2254,2254,2254,11,68940,37731,0,841,0.2201
2255,2255,2255,7,10130,10121,0,760,0.2841
2256,2256,2256,6,11737,5235,0,850,0.1709
2257,2257,2257,12,168790,191037,0,850,0.1317
2258,2258,2258,12,7036,4820,0,850,0.2344
2259,2259,2259,6,13559,12227,0,850,0.324
2260,2260,2260,4,7155,7621,0,850,0.1812
2261,2261,2261,13,13153,7288,0,850,0.1692
2262,2262,2262,12,5015,3260,0,850,0.1748
2263,2263,2263,15,30323,17649,0,850,0.1667
2264,2264,2264,8,20170,11185,0,799,0.273
2265,2265,2265,13,10736,46,1,690,0.1632
2266,2266,2266,11,15241,12071,0,850,0.2182
2267,2267,2267,11,31401,11591,0,715,0.2938
2268,2268,2268,11,25811,23383,0,850,0.2004
2269,2269,2269,19,14315,9705,0,836,0.2086
2270,2270,2270,21,17870,19667,0,837,0.2159
2271,2271,2271,17,52008,40,1,616,0.2486
2272,2272,2272,1,10791,10230,0,850,0.2039
2273,2273,2273,13,7972,8517,0,850,0.2147
2274,2274,2274,20,14691,16604,0,850,0.2647
2275,2275,2275,9,36807,2456,1,662,0.2191
2276,2276,2276,23,49982,58714,0,850,0.22
2277,2277,2277,24,18537,21500,0,850,0.192
2278,2278,2278,11,12423,4955,0,850,0.2298
2279,2279,2279,9,15674,12076,0,850,0.195
2280,2280,2280,17,7438,2997,0,828,0.2011
2281,2281,2281,7,46716,42778,0,850,0.2726
2282,2282,2282,8,22985,22726,0,850,0.2119
2283,2283,2283,2,8970,9833,0,850,0.1448
2284,2284,2284,14,72607,64257,0,764,0.2142
2285,2285,2285,10,36649,25969,0,850,0.232
2286,2286,2286,9,8255,3635,0,850,0.1976
2287,2287,2287,1,1268,523,0,815,0.1614
2288,2288,2288,12,916,675,0,768,0.281
2289,2289,2289,14,9061,9507,0,839,0.212
2290,2290,2290,19,18269,17824,0,850,0.1651
2291,2291,2291,11,38892,42498,0,850,0.1218
2292,2292,2292,9,4480,4613,0,850,0.2059
2293,2293,2293,17,37949,18402,0,850,0.1704
2294,2294,2294,20,9905,4757,0,825,0.2939
2295,2295,2295,6,83632,1327,1,594,0.2559
2296,2296,2296,6,17113,8078,0,850,0.1691
2297,2297,2297,20,15817,7413,0,819,0.1972
2298,2298,2298,10,9357,5062,0,850,0.1662
2299,2299,2299,10,26972,8639,0,850,0.1593
2300,2300,2300,17,4351,244,1,653,0.3224
2301,2301,2301,21,12028,1073,1,641,0.2264
2302,2302,2302,14,33248,17078,0,850,0.2442
2303,2303,2303,5,6973,2934,0,850,0.2315
2304,2304,2304,3,31250,22195,0,846,0.2045
2305,2305,2305,11,8419,175,1,611,0.1995
2306,2306,2306,19,51827,60945,0,850,0.1001
2307,2307,2307,20,87545,46262,0,834,0.1776
2308,2308,2308,19,10607,3433,0,850,0.1967
2309,2309,2309,14,17711,17045,0,850,0.1969
2310,2310,2310,15,15112,7732,0,850,0.1799
2311,2311,2311,3,23750,17476,0,837,0.1964
2312,2312,2312,3,16202,16645,0,850,0.1509
2313,2313,2313,23,2898,965,0,785,0.2299
2314,2314,2314,9,15842,6770,0,850,0.201
2315,2315,2315,11,9180,3565,0,850,0.1639
2316,2316,2316,15,31913,1106,1,658,0.1694
2317,2317,2317,17,14196,6469,0,850,0.1576
2318,2318,2318,24,8247,1499,1,611,0.2388
2319,2319,2319,12,13609,13223,0,850,0.2247
2320,2320,2320,17,2801,947,0,835,0.2579
2321,2321,2321,9,13381,4902,0,850,0.2027
2322,2322,2322,13,7486,6047,0,850,0.1881
2323,2323,2323,8,10350,7951,0,850,0.2017
2324,2324,2324,22,2114,1536,0,824,0.1779
2325,2325,2325,6,16706,12768,0,850,0.187
2326,2326,2326,23,16955,16409,0,850,0.1627
2327,2327,2327,24,10451,8554,0,850,0.2285
2328,2328,2328,7,30698,21834,0,845,0.2289
2329,2329,2329,1,8511,3179,0,849,0.1641
2330,2330,2330,10,5791,6817,0,850,0.1884
2331,2331,2331,15,42228,7485,1,584,0.2733
2332,2332,2332,14,7963,1246,1,664,0.1916
2333,2333,2333,4,14188,9095,0,850,0.2443
2334,2334,2334,4,7087,6488,0,811,0.2535
2335,2335,2335,9,17999,12756,0,850,0.1561
2336,2336,2336,15,11610,7183,0,850,0.1646
2337,2337,2337,12,35674,3788,1,676,0.1961
2338,2338,2338,9,53244,41663,0,850,0.1909
2339,2339,2339,3,30823,15694,0,850,0.1783
2340,2340,2340,15,10224,6161,0,850,0.2412
2341,2341,2341,21,3255,279,1,703,0.1636
2342,2342,2342,11,146004,69238,0,850,0.1888
2343,2343,2343,6,19504,11746,0,850,0.1935
2344,2344,2344,15,48544,57034,0,850,0.2328
2345,2345,2345,7,32734,25348,0,850,0.2443
2346,2346,2346,19,24749,727,1,604,0.2244
2347,2347,2347,14,6203,5621,0,850,0.2361
2348,2348,2348,4,7588,8975,0,830,0.2169
2349,2349,2349,21,30530,24427,0,850,0.1603
2350,2350,2350,1,8147,431,1,673,0.2021
2351,2351,2351,24,7706,4392,0,841,0.1803
2352,2352,2352,23,99221,85677,0,829,0.1533
2353,2353,2353,13,22225,1974,1,714,0.191
2354,2354,2354,11,25197,9900,0,823,0.2178
2355,2355,2355,18,8387,6140,0,850,0.1764
2356,2356,2356,23,18591,12636,0,850,0.2572
2357,2357,2357,9,5422,2180,0,842,0.2332
2358,2358,2358,21,3194,1939,0,850,0.2147
2359,2359,2359,11,10633,527,1,651,0.2769
2360,2360,2360,6,33909,30005,0,815,0.1712
2361,2361,2361,16,7205,4034,0,827,0.2524
2362,2362,2362,5,5393,171,1,651,0.2376
2363,2363,2363,1,4780,185,1,644,0.2459
2364,2364,2364,22,58809,39991,0,779,0.1657
2365,2365,2365,14,25846,29637,0,835,0.2095
2366,2366,2366,23,13175,4316,0,788,0.2135
2367,2367,2367,21,38783,20718,0,821,0.2044
2368,2368,2368,19,20786,1800,1,684,0.2737
2369,2369,2369,6,22298,2612,1,681,0.2277
2370,2370,2370,12,5698,2619,0,850,0.142
2371,2371,2371,7,5667,392,1,633,0.2436
2372,2372,2372,10,40034,4362,1,641,0.2317
2373,2373,2373,10,13539,6586,0,832,0.1843
2374,2374,2374,13,13902,15515,0,805,0.2484
2375,2375,2375,7,29089,25266,0,850,0.2224
2376,2376,2376,19,25160,11990,0,850,0.1563
2377,2377,2377,1,27335,26320,0,760,0.2385
2378,2378,2378,15,64192,24507,0,831,0.2566
2379,2379,2379,14,6393,833,1,656,0.2507
2380,2380,2380,13,5803,6239,0,835,0.2591
2381,2381,2381,7,83044,95943,0,850,0.2414
2382,2382,2382,12,21381,420,1,577,0.2618
2383,2383,2383,8,4728,1681,0,813,0.2246
2384,2384,2384,15,47657,54203,0,850,0.1826
2385,2385,2385,17,10989,11105,0,850,0.1857
2386,2386,2386,21,48855,48700,0,793,0.2844
2387,2387,2387,12,15999,15492,0,812,0.1952
2388,2388,2388,13,61243,57911,0,836,0.2342
2389,2389,2389,8,49101,41829,0,808,0.2006
2390,2390,2390,10,118047,22823,1,618,0.1848
2391,2391,2391,7,23442,1710,1,608,0.2461
2392,2392,2392,2,27178,26261,0,795,0.2188
2393,2393,2393,16,7399,6101,0,850,0.2412
2394,2394,2394,4,30728,34314,0,850,0.2342
2395,2395,2395,6,25936,29638,0,850,0.2158
2396,2396,2396,7,92453,539,1,630,0.2948
2397,2397,2397,23,5650,5709,0,850,0.2484
2398,2398,2398,19,8858,10286,0,850,0.22
2399,2399,2399,24,19736,3251,1,669,0.2101
2400,2400,2400,23,20402,21748,0,850,0.182
2401,2401,2401,4,21579,17864,0,850,0.2428
2402,2402,2402,10,20004,13112,0,850,0.1781
2403,2403,2403,4,32213,33541,0,850,0.2048
2404,2404,2404,20,18844,20413,0,839,0.1977
2405,2405,2405,5,10279,5698,0,850,0.1543
2406,2406,2406,14,13419,29,1,670,0.1378
2407,2407,2407,11,19450,6704,0,800,0.2638
2408,2408,2408,2,29400,19871,0,850,0.1514
2409,2409,2409,9,10852,3937,0,843,0.1568
2410,2410,2410,22,25877,14606,0,850,0.2251
2411,2411,2411,12,4354,5030,0,850,0.161
2412,2412,2412,24,29560,28414,0,850,0.1287
2413,2413,2413,1,17423,1465,1,725,0.2241
2414,2414,2414,22,23922,3936,1,631,0.2519
2415,2415,2415,15,61318,50330,0,850,0.1306
2416,2416,2416,6,6372,707,1,680,0.2099
2417,2417,2417,24,21227,20394,0,826,0.1626
2418,2418,2418,17,36711,16203,0,850,0.169
2419,2419,2419,21,11178,6189,0,850,0.2
2420,2420,2420,15,31289,34690,0,785,0.2818
2421,2421,2421,14,14426,6532,0,850,0.146
2422,2422,2422,19,55642,48362,0,850,0.138
2423,2423,2423,22,10587,6178,0,841,0.2257
2424,2424,2424,9,8075,892,1,645,0.2163
2425,2425,2425,3,13064,6549,0,805,0.2422
2426,2426,2426,15,12881,2449,1,678,0.2195
2427,2427,2427,17,9890,11071,0,850,0.163
2428,2428,2428,2,15457,10477,0,763,0.2393
2429,2429,2429,4,6760,5805,0,850,0.1491
2430,2430,2430,14,9048,1137,1,601,0.2813
2431,2431,2431,11,15409,8501,0,812,0.2489
2432,2432,2432,12,10785,6582,0,849,0.2178
2433,2433,2433,23,21142,16366,0,850,0.2169
2434,2434,2434,16,50734,4126,1,655,0.2147
2435,2435,2435,12,3950,2428,0,826,0.2106
2436,2436,2436,2,14438,13413,0,827,0.225
2437,2437,2437,7,118804,138392,0,850,0.1862
2438,2438,2438,21,25908,8345,0,850,0.186
2439,2439,2439,23,9639,4313,0,850,0.198
2440,2440,2440,3,6490,7298,0,786,0.2711
2441,2441,2441,3,3539,1289,0,850,0.128
2442,2442,2442,13,28163,27840,0,850,0.1638
2443,2443,2443,7,6041,5204,0,812,0.3112
2444,2444,2444,5,21898,2341,1,713,0.1915
2445,2445,2445,21,4481,1347,0,850,0.2381
2446,2446,2446,5,44668,33581,0,850,0.2221
2447,2447,2447,20,5038,2043,0,850,0.1782
2448,2448,2448,22,63814,69237,0,795,0.2547
2449,2449,2449,6,19952,3000,1,673,0.2141
2450,2450,2450,13,6095,3114,0,793,0.2447
2451,2451,2451,7,3042,1373,0,825,0.2192
2452,2452,2452,2,26073,27433,0,811,0.2655
2453,2453,2453,22,67513,8160,1,646,0.1635
2454,2454,2454,9,4215,3988,0,850,0.2641
2455,2455,2455,19,7118,998,1,633,0.241
2456,2456,2456,2,23138,19946,0,838,0.1653
2457,2457,2457,13,10538,1532,1,689,0.2333
2458,2458,2458,8,9943,9836,0,809,0.2302
2459,2459,2459,16,2576,1046,0,850,0.1725
2460,2460,2460,1,22969,26514,0,850,0.2002
2461,2461,2461,11,17882,6486,0,822,0.2156
2462,2462,2462,8,13279,10639,0,835,0.1624
2463,2463,2463,21,20608,23709,0,850,0.1713
2464,2464,2464,20,48880,50836,0,850,0.2225
2465,2465,2465,1,26483,24172,0,850,0.2356
2466,2466,2466,21,10332,11062,0,850,0.1875
2467,2467,2467,7,10542,9550,0,806,0.2161
2468,2468,2468,9,4950,1729,0,850,0.1843
2469,2469,2469,22,10210,6287,0,824,0.2139
2470,2470,2470,2,47332,32394,0,831,0.262
2471,2471,2471,21,40615,32156,0,817,0.144
2472,2472,2472,19,83498,42306,0,850,0.1412
2473,2473,2473,6,5089,5562,0,844,0.2128
2474,2474,2474,5,6253,3162,0,810,0.2697
2475,2475,2475,13,49995,44587,0,850,0.195
2476,2476,2476,10,4076,4438,0,850,0.163
2477,2477,2477,1,12499,11993,0,836,0.2458
2478,2478,2478,18,22393,9459,0,850,0.1329
2479,2479,2479,21,77759,89909,0,847,0.3067
2480,2480,2480,14,41243,15784,0,782,0.2046
2481,2481,2481,12,55011,26408,0,850,0.2037
2482,2482,2482,6,16430,6987,0,850,0.1256
2483,2483,2483,14,13856,12473,0,850,0.1167
2484,2484,2484,17,19223,19735,0,850,0.2131
2485,2485,2485,7,8210,890,1,658,0.206
2486,2486,2486,3,40365,47684,0,850,0.1498
2487,2487,2487,17,36531,15537,0,807,0.1953
2488,2488,2488,23,51057,29831,0,842,0.1848
2489,2489,2489,23,2792,2069,0,808,0.2691
2490,2490,2490,10,18203,18712,0,827,0.274
2491,2491,2491,3,8052,5144,0,850,0.268
2492,2492,2492,16,24833,11470,0,848,0.2409
2493,2493,2493,6,17576,12627,0,810,0.2048
2494,2494,2494,4,4464,3253,0,812,0.1668
2495,2495,2495,20,5409,1701,0,813,0.2305
2496,2496,2496,9,19462,6204,0,850,0.1888
2497,2497,2497,7,6878,3782,0,788,0.2439
2498,2498,2498,16,10169,9834,0,850,0.1986
2499,2499,2499,6,60742,38230,0,828,0.1783
2500,2500,2500,12,31331,15354,0,850,0.167
2501,2501,2501,3,14371,1029,1,700,0.1653
2502,2502,2502,12,24378,13468,0,835,0.1523
2503,2503,2503,20,23465,17206,0,849,0.1921
2504,2504,2504,14,12095,4644,0,827,0.2068
2505,2505,2505,14,18459,5785,0,824,0.2256
2506,2506,2506,9,15969,6620,0,845,0.2587
2507,2507,2507,4,67705,65279,0,850,0.0702
2508,2508,2508,23,10633,1564,1,653,0.2257
2509,2509,2509,20,1959,234,1,708,0.2684
2510,2510,2510,15,14525,954,1,612,0.3148
2511,2511,2511,7,4492,4221,0,850,0.2031
2512,2512,2512,20,22860,11012,0,812,0.2468
2513,2513,2513,19,38720,14782,0,835,0.1637
2514,2514,2514,6,12024,12719,0,850,0.2266
2515,2515,2515,19,6436,4743,0,850,0.1923
2516,2516,2516,7,64111,62446,0,850,0.169
2517,2517,2517,1,29183,30341,0,850,0.181
2518,2518,2518,7,37470,43770,0,794,0.3231
2519,2519,2519,3,38319,5665,1,588,0.1868
2520,2520,2520,6,16254,1353,1,614,0.248
2521,2521,2521,23,60297,48353,0,850,0.161
2522,2522,2522,6,13914,10554,0,799,0.081
2523,2523,2523,11,95524,33606,0,844,0.1559
2524,2524,2524,2,14544,8372,0,820,0.1992
2525,2525,2525,6,13339,2249,1,609,0.1492
2526,2526,2526,22,10297,4580,0,816,0.2515
2527,2527,2527,18,39122,1252,1,624,0.2131
2528,2528,2528,23,13376,13125,0,850,0.1651
2529,2529,2529,14,24959,26618,0,850,0.1413
2530,2530,2530,12,17998,9110,0,825,0.2785
2531,2531,2531,9,59720,18120,0,850,0.1645
2532,2532,2532,13,5399,5943,0,816,0.2526
2533,2533,2533,20,83277,35023,0,834,0.1543
2534,2534,2534,21,9173,6080,0,850,0.2233
2535,2535,2535,22,6442,4054,0,848,0.2059
2536,2536,2536,1,13879,6215,0,850,0.1914
2537,2537,2537,8,3708,3110,0,813,0.2334
2538,2538,2538,9,33643,37905,0,850,0.1516
2539,2539,2539,17,18722,14272,0,850,0.2307
2540,2540,2540,13,7021,8254,0,850,0.1878
2541,2541,2541,4,25721,12132,0,850,0.2118
2542,2542,2542,6,15622,16616,0,850,0.2248
2543,2543,2543,13,45171,23995,0,838,0.188
2544,2544,2544,17,28255,14847,0,850,0.1956
2545,2545,2545,19,38308,15550,0,850,0.0911
2546,2546,2546,23,5443,208,1,617,0.1724
2547,2547,2547,24,26354,25103,0,829,0.2667
2548,2548,2548,8,17053,10359,0,850,0.2038
2549,2549,2549,21,6830,383,1,657,0.229
2550,2550,2550,17,19428,20599,0,845,0.1904
2551,2551,2551,17,9217,10459,0,829,0.2976
2552,2552,2552,24,6273,1071,1,589,0.3287
2553,2553,2553,21,47684,7319,1,693,0.1143
2554,2554,2554,15,27004,9392,0,850,0.1715
2555,2555,2555,1,18873,7811,0,850,0.2128
2556,2556,2556,2,22838,456,1,620,0.248
2557,2557,2557,20,6858,3765,0,830,0.2767
2558,2558,2558,10,6562,3486,0,850,0.2145
2559,2559,2559,16,23526,18552,0,819,0.1711
2560,2560,2560,23,15773,18134,0,828,0.1824
2561,2561,2561,4,17575,694,1,673,0.2495
2562,2562,2562,8,6887,5222,0,804,0.2143
2563,2563,2563,16,17405,5492,0,844,0.2211
2564,2564,2564,7,12948,4681,0,850,0.2058
2565,2565,2565,5,15074,16194,0,821,0.2101
2566,2566,2566,23,11239,2096,1,678,0.2287
2567,2567,2567,8,95555,18843,1,557,0.2575
2568,2568,2568,3,12882,741,1,619,0.2469
2569,2569,2569,3,8995,1097,1,627,0.154
2570,2570,2570,18,27952,14604,0,850,0.1928
2571,2571,2571,4,48752,32706,0,850,0.2116
2572,2572,2572,4,7280,999,1,628,0.2709
2573,2573,2573,15,95058,4899,1,676,0.2143
2574,2574,2574,15,31853,1075,1,680,0.1875
2575,2575,2575,4,6016,2789,0,850,0.1745
2576,2576,2576,2,5322,1866,0,765,0.3066
2577,2577,2577,23,25645,15731,0,841,0.1846
2578,2578,2578,3,97058,34576,0,850,0.1488
2579,2579,2579,10,8457,4818,0,850,0.1996
2580,2580,2580,1,18938,2916,1,649,0.1514
2581,2581,2581,18,6665,4200,0,850,0.173
2582,2582,2582,5,61229,29018,0,850,0.2474
2583,2583,2583,9,16934,18828,0,833,0.212
2584,2584,2584,20,1697,1485,0,850,0.1473
2585,2585,2585,6,43966,52294,0,850,0.1725
2586,2586,2586,19,29085,16585,0,850,0.2084
2587,2587,2587,9,12561,2001,1,627,0.2658
2588,2588,2588,18,35156,19973,0,821,0.2389
2589,2589,2589,24,164240,28499,1,640,0.1938
2590,2590,2590,15,28890,2970,1,651,0.185
2591,2591,2591,15,60576,31316,0,850,0.1662
2592,2592,2592,14,52336,48749,0,836,0.2187
2593,2593,2593,3,18280,17625,0,850,0.19
2594,2594,2594,8,6750,6,1,711,0.2185
2595,2595,2595,19,9520,1180,1,716,0.1514
2596,2596,2596,11,5870,5266,0,850,0.2454
2597,2597,2597,4,11896,7453,0,850,0.2419
2598,2598,2598,15,27097,19176,0,801,0.2588
2599,2599,2599,24,22999,15992,0,850,0.1389
2600,2600,2600,10,17778,11531,0,835,0.2331
2601,2601,2601,20,17268,3234,1,669,0.2769
2602,2602,2602,11,5835,591,1,615,0.2143
2603,2603,2603,9,7788,1093,1,603,0.2086
2604,2604,2604,22,6663,7811,0,844,0.2336
2605,2605,2605,17,5582,509,1,622,0.2391
2606,2606,2606,9,5663,4845,0,850,0.1969
2607,2607,2607,23,18089,8565,0,827,0.2554
2608,2608,2608,9,9086,1786,1,615,0.2482
2609,2609,2609,24,7531,4373,0,806,0.1489
2610,2610,2610,9,5401,4272,0,805,0.1909
2611,2611,2611,23,4573,5124,0,850,0.2153
2612,2612,2612,22,16528,9936,0,850,0.2553
2613,2613,2613,2,5894,1010,1,660,0.226
2614,2614,2614,13,12978,6639,0,850,0.2164
2615,2615,2615,23,9024,622,1,687,0.1657
2616,2616,2616,1,6934,4318,0,812,0.2123
2617,2617,2617,6,9177,5847,0,850,0.2098
2618,2618,2618,6,9750,7777,0,839,0.2175
2619,2619,2619,16,13623,8341,0,850,0.1728
2620,2620,2620,12,26619,18765,0,849,0.1325
2621,2621,2621,15,26495,19902,0,850,0.1607
2622,2622,2622,7,37857,28086,0,820,0.2369
2623,2623,2623,2,10514,345,1,692,0.1801
2624,2624,2624,12,18555,10272,0,829,0.2163
2625,2625,2625,20,33049,2792,1,683,0.1997
2626,2626,2626,2,14532,2611,1,672,0.2172
2627,2627,2627,4,5534,3612,0,850,0.1707
2628,2628,2628,3,6733,2463,0,850,0.1644
2629,2629,2629,2,114244,83755,0,808,0.187
2630,2630,2630,18,29331,23324,0,825,0.2526
2631,2631,2631,3,15618,13367,0,838,0.1704
2632,2632,2632,10,6943,388,1,592,0.2207
2633,2633,2633,12,10078,109,1,699,0.2088
2634,2634,2634,4,8514,822,1,661,0.207
2635,2635,2635,23,118315,112177,0,845,0.1294
2636,2636,2636,20,16405,17809,0,850,0.1475
2637,2637,2637,7,22726,7352,0,850,0.2103
2638,2638,2638,20,2292,1952,0,850,0.1853
2639,2639,2639,19,44750,46363,0,850,0.2073
2640,2640,2640,8,27147,2327,1,672,0.1731
2641,2641,2641,3,36482,35771,0,850,0.1478
2642,2642,2642,15,37377,44505,0,827,0.2691
2643,2643,2643,8,15895,13257,0,850,0.2191
2644,2644,2644,18,18282,12472,0,850,0.2053
2645,2645,2645,14,17778,1081,1,612,0.3084
2646,2646,2646,19,9477,1871,1,667,0.2473
2647,2647,2647,4,11176,1835,1,676,0.1927
2648,2648,2648,3,8146,8217,0,850,0.2361
2649,2649,2649,22,41458,6992,1,670,0.2122
2650,2650,2650,9,19042,12864,0,850,0.2327
2651,2651,2651,10,42990,41759,0,824,0.2445
2652,2652,2652,8,8109,7143,0,832,0.1342
2653,2653,2653,20,8588,577,1,591,0.2184
2654,2654,2654,2,6018,6610,0,850,0.1497
2655,2655,2655,1,15947,2542,1,666,0.211
2656,2656,2656,4,31707,18502,0,850,0.1526
2657,2657,2657,16,29646,5627,1,679,0.2195
2658,2658,2658,5,50729,2897,1,649,0.176
2659,2659,2659,18,17760,18669,0,850,0.2097
2660,2660,2660,14,4535,3272,0,850,0.1653
2661,2661,2661,13,33235,27113,0,850,0.2276
2662,2662,2662,16,36894,34720,0,850,0.2146
2663,2663,2663,15,3342,356,1,687,0.1661
2664,2664,2664,19,99958,12212,1,645,0.2365
2665,2665,2665,4,55663,34369,0,850,0.1646
2666,2666,2666,19,24523,3945,1,640,0.2304
2667,2667,2667,24,20059,18110,0,850,0.1974
2668,2668,2668,13,36075,21768,0,850,0.2271
2669,2669,2669,11,3624,3495,0,818,0.1993
2670,2670,2670,18,27325,2746,1,641,0.1641
2671,2671,2671,11,5809,1981,0,793,0.2453
2672,2672,2672,22,42409,27211,0,850,0.1947
2673,2673,2673,1,20834,10350,0,827,0.1762
2674,2674,2674,15,12084,1936,1,703,0.2057
2675,2675,2675,24,41995,26870,0,850,0.2463
2676,2676,2676,10,14503,17120,0,850,0.276
2677,2677,2677,22,24135,28094,0,850,0.1734
2678,2678,2678,4,30704,31413,0,850,0.2415
2679,2679,2679,6,6816,3550,0,839,0.1855
2680,2680,2680,2,10552,1807,1,622,0.1975
2681,2681,2681,17,3500,474,1,641,0.165
2682,2682,2682,12,5086,325,1,589,0.2484
2683,2683,2683,22,19533,20551,0,840,0.1921
2684,2684,2684,24,17760,14346,0,780,0.2086
2685,2685,2685,5,3875,2464,0,816,0.1744
2686,2686,2686,24,31846,30776,0,837,0.2254
2687,2687,2687,19,3494,1407,0,850,0.2024
2688,2688,2688,6,25100,14006,0,813,0.2416
2689,2689,2689,17,149640,142883,0,813,0.1206
2690,2690,2690,19,106684,51896,0,795,0.1792
2691,2691,2691,20,27500,23115,0,830,0.2233
2692,2692,2692,21,30296,21294,0,850,0.2229
2693,2693,2693,3,8334,4018,0,850,0.1903
2694,2694,2694,8,16758,18426,0,850,0.1929
2695,2695,2695,5,8447,5845,0,850,0.171
2696,2696,2696,23,12015,10080,0,850,0.2152
2697,2697,2697,5,64652,34119,0,841,0.1437
2698,2698,2698,24,98710,10825,1,624,0.2717
2699,2699,2699,17,7786,2679,0,850,0.1621
2700,2700,2700,19,22892,16823,0,782,0.1892
2701,2701,2701,19,4124,793,1,732,0.2063
2702,2702,2702,10,44077,26290,0,850,0.2218
2703,2703,2703,3,11830,13024,0,805,0.1656
2704,2704,2704,22,2712,2531,0,850,0.1499
2705,2705,2705,13,58218,41425,0,850,0.2033
2706,2706,2706,16,21657,10304,0,850,0.1428
2707,2707,2707,12,24129,28373,0,850,0.1831
2708,2708,2708,22,23719,4245,1,729,0.2159
2709,2709,2709,21,5833,2464,0,850,0.2317
2710,2710,2710,17,10062,5466,0,850,0.1336
2711,2711,2711,2,8194,682,1,624,0.2165
2712,2712,2712,16,2201,1212,0,850,0.1342
2713,2713,2713,11,49376,36650,0,850,0.1662
2714,2714,2714,1,12143,11961,0,850,0.2338
2715,2715,2715,12,24614,3820,1,604,0.2199
2716,2716,2716,6,16487,13924,0,850,0.2472
2717,2717,2717,19,2580,94,1,630,0.1666
2718,2718,2718,5,21414,25417,0,843,0.1543
2719,2719,2719,22,22269,7205,0,816,0.2383
2720,2720,2720,21,24523,25723,0,850,0.1821
2721,2721,2721,3,23814,13090,0,850,0.1966
2722,2722,2722,18,55389,57366,0,850,0.193
2723,2723,2723,18,35825,15976,0,850,0.2217
2724,2724,2724,12,126077,77176,0,850,0.1174
2725,2725,2725,18,75332,26394,0,850,0.1378
2726,2726,2726,10,62998,30217,0,850,0.2521
2727,2727,2727,4,10544,8883,0,845,0.2014
2728,2728,2728,20,36958,36416,0,836,0.1337
2729,2729,2729,19,21373,23939,0,835,0.213
2730,2730,2730,24,6025,2456,0,805,0.2063
2731,2731,2731,4,20191,1306,1,696,0.1325
2732,2732,2732,24,12640,14471,0,850,0.1256
2733,2733,2733,11,12357,12225,0,850,0.1694
2734,2734,2734,3,17122,324,1,626,0.2189
2735,2735,2735,15,15400,11227,0,820,0.1679
2736,2736,2736,16,11730,5184,0,823,0.2576
2737,2737,2737,12,7719,4950,0,761,0.2003
2738,2738,2738,18,24142,15338,0,808,0.1897
2739,2739,2739,24,11595,10244,0,850,0.1326
2740,2740,2740,6,31889,26755,0,848,0.2226
2741,2741,2741,15,61506,21757,0,850,0.2181
2742,2742,2742,2,12888,13708,0,788,0.2178
2743,2743,2743,23,35667,1707,1,602,0.2308
2744,2744,2744,12,3721,253,1,647,0.1965
2745,2745,2745,10,28196,12985,0,850,0.2666
2746,2746,2746,23,17296,7868,0,823,0.2239
2747,2747,2747,4,8236,7853,0,850,0.1823
2748,2748,2748,8,23293,389,1,615,0.3053
2749,2749,2749,15,6932,6938,0,850,0.1686
2750,2750,2750,19,12527,4609,0,802,0.2246
2751,2751,2751,16,25709,617,1,646,0.121
2752,2752,2752,13,15162,10335,0,850,0.1325
2753,2753,2753,15,2018,661,0,850,0.2359
2754,2754,2754,14,10913,8628,0,847,0.2242
2755,2755,2755,15,3837,3565,0,850,0.1911
2756,2756,2756,12,49758,38583,0,839,0.2293
2757,2757,2757,11,1787,733,0,850,0.183
2758,2758,2758,21,13270,1114,1,585,0.2666
2759,2759,2759,3,9459,5537,0,850,0.2588
2760,2760,2760,14,17709,19999,0,820,0.2145
2761,2761,2761,2,5180,5781,0,850,0.1975
2762,2762,2762,18,4901,2354,0,850,0.2428
2763,2763,2763,3,5937,4326,0,850,0.1578
2764,2764,2764,9,8788,3722,0,816,0.232
2765,2765,2765,11,16000,14559,0,850,0.1775
2766,2766,2766,3,28036,29906,0,800,0.2079
2767,2767,2767,5,15548,13737,0,850,0.2175
2768,2768,2768,9,23528,12574,0,850,0.2185
2769,2769,2769,10,5812,2142,0,836,0.2354
2770,2770,2770,6,11510,782,1,659,0.195
2771,2771,2771,6,10066,8554,0,850,0.1921
2772,2772,2772,11,7800,9032,0,840,0.2595
2773,2773,2773,17,5233,4844,0,850,0.1958
2774,2774,2774,2,41124,588,1,600,0.3197
2775,2775,2775,9,78187,46628,0,850,0.2255
2776,2776,2776,24,50436,41732,0,850,0.1931
2777,2777,2777,18,64463,37706,0,850,0.2215
2778,2778,2778,5,29539,32832,0,850,0.1929
2779,2779,2779,21,4445,1863,0,850,0.1902
2780,2780,2780,6,11923,10358,0,840,0.2019
2781,2781,2781,4,32793,31407,0,850,0.1532
2782,2782,2782,9,37689,34999,0,781,0.2035
2783,2783,2783,5,145887,77551,0,827,0.2267
2784,2784,2784,4,43197,31854,0,785,0.2982
2785,2785,2785,9,7951,7132,0,805,0.2556
2786,2786,2786,18,7364,8379,0,807,0.2018
2787,2787,2787,11,114802,10100,1,572,0.2432
2788,2788,2788,16,4547,174,1,603,0.2833
2789,2789,2789,2,9209,5966,0,850,0.2324
2790,2790,2790,16,16435,12937,0,850,0.2112
2791,2791,2791,19,55990,65996,0,850,0.1527
2792,2792,2792,10,41156,35620,0,843,0.2033
2793,2793,2793,4,15151,6655,0,850,0.2518
2794,2794,2794,12,6748,165,1,637,0.2233
2795,2795,2795,9,35261,1762,1,666,0.1862
2796,2796,2796,13,6653,112,1,613,0.2974
2797,2797,2797,5,54860,21405,0,850,0.1622
2798,2798,2798,2,36133,36404,0,850,0.272
2799,2799,2799,3,26798,29791,0,762,0.2505
2800,2800,2800,8,21373,11570,0,850,0.2073
2801,2801,2801,6,13741,1650,1,624,0.2291
2802,2802,2802,5,20458,17133,0,850,0.0903
2803,2803,2803,4,19180,12981,0,850,0.173
2804,2804,2804,20,8579,54,1,647,0.2235
2805,2805,2805,16,15594,5473,0,850,0.1931
2806,2806,2806,8,49227,34277,0,850,0.2715
2807,2807,2807,12,4815,510,1,667,0.2188
2808,2808,2808,22,17948,6751,0,850,0.247
2809,2809,2809,5,17349,8416,0,828,0.2057
2810,2810,2810,5,5249,2849,0,830,0.2045
2811,2811,2811,22,21574,17328,0,835,0.1902
2812,2812,2812,13,37929,12853,0,789,0.2067
2813,2813,2813,11,37677,3586,1,650,0.1198
2814,2814,2814,11,63477,45935,0,850,0.1884
2815,2815,2815,19,37592,27694,0,850,0.1503
2816,2816,2816,7,14417,1401,1,685,0.1904
2817,2817,2817,17,7581,3720,0,850,0.1705
2818,2818,2818,5,8325,5222,0,850,0.1753
2819,2819,2819,6,23165,2122,1,661,0.1601
2820,2820,2820,18,88435,34030,0,838,0.2281
2821,2821,2821,18,52186,18508,0,844,0.1934
2822,2822,2822,9,16860,1602,1,663,0.1501
2823,2823,2823,18,19180,3154,1,620,0.2365
2824,2824,2824,19,42742,7225,1,613,0.234
2825,2825,2825,17,8755,207,1,697,0.2212
2826,2826,2826,9,5534,3776,0,850,0.1548
2827,2827,2827,1,9096,6880,0,783,0.2251
2828,2828,2828,20,41554,12585,0,850,0.1864
2829,2829,2829,23,16902,12475,0,829,0.1818
2830,2830,2830,18,90096,42834,0,771,0.2637
2831,2831,2831,24,48001,18628,0,827,0.2897
2832,2832,2832,13,29442,22963,0,842,0.2194
2833,2833,2833,8,16295,15801,0,850,0.1315
2834,2834,2834,14,24988,28518,0,792,0.2144
2835,2835,2835,3,24969,28000,0,850,0.2237
2836,2836,2836,4,40919,26969,0,812,0.2451
2837,2837,2837,11,33681,31446,0,847,0.1184
2838,2838,2838,7,16540,2467,1,691,0.1589
2839,2839,2839,21,19312,12956,0,850,0.1064
2840,2840,2840,5,3530,1371,0,850,0.1946
2841,2841,2841,2,2311,1487,0,800,0.2092
2842,2842,2842,6,39457,47077,0,761,0.29
2843,2843,2843,20,23565,18840,0,850,0.1527
2844,2844,2844,5,15975,9700,0,850,0.258
2845,2845,2845,15,15996,15507,0,850,0.2107
2846,2846,2846,11,9246,8484,0,832,0.23
2847,2847,2847,5,42694,35048,0,850,0.2046
2848,2848,2848,18,17834,126,1,646,0.2693
2849,2849,2849,8,31941,596,1,650,0.2555
2850,2850,2850,11,11054,12829,0,806,0.2838
2851,2851,2851,17,48148,36506,0,802,0.2834
2852,2852,2852,14,31912,26524,0,811,0.1844
2853,2853,2853,2,22159,3635,1,669,0.2249
2854,2854,2854,7,18397,2784,1,613,0.259
2855,2855,2855,23,10114,11143,0,850,0.1745
2856,2856,2856,18,11882,1221,1,675,0.2082
2857,2857,2857,1,4934,155,1,636,0.246
2858,2858,2858,15,9495,6682,0,779,0.2442
2859,2859,2859,1,49218,32394,0,834,0.2122
2860,2860,2860,17,38999,40517,0,850,0.1749
2861,2861,2861,22,40027,20363,0,786,0.2546
2862,2862,2862,7,8171,6127,0,850,0.1717
2863,2863,2863,16,53523,60597,0,791,0.3011
2864,2864,2864,2,13184,5868,0,816,0.161
2865,2865,2865,15,19520,5937,0,850,0.1616
2866,2866,2866,22,13790,7428,0,827,0.1993
2867,2867,2867,20,14005,15826,0,830,0.2498
2868,2868,2868,11,10780,4084,0,850,0.22
2869,2869,2869,24,8670,3670,0,850,0.1701
2870,2870,2870,24,15970,9395,0,850,0.1752
2871,2871,2871,2,29005,28794,0,831,0.2081
2872,2872,2872,11,18289,3451,1,653,0.2217
2873,2873,2873,21,846,320,0,780,0.2996
2874,2874,2874,16,60117,68560,0,833,0.2024
2875,2875,2875,2,4535,2335,0,850,0.1913
2876,2876,2876,19,6448,1276,1,637,0.2448
2877,2877,2877,16,5074,3286,0,835,0.2504
2878,2878,2878,8,115239,100378,0,836,0.193
2879,2879,2879,21,24163,2087,1,670,0.2001
2880,2880,2880,20,9220,10471,0,850,0.1952
2881,2881,2881,5,13977,11295,0,850,0.2467
2882,2882,2882,8,75931,81347,0,799,0.2344
2883,2883,2883,14,7432,2752,0,807,0.2921
2884,2884,2884,14,29072,31116,0,840,0.1688
2885,2885,2885,23,29814,14249,0,847,0.245
2886,2886,2886,22,23591,2492,1,681,0.2037
2887,2887,2887,18,14171,2003,1,632,0.234
2888,2888,2888,5,36109,21793,0,850,0.1358
2889,2889,2889,10,17640,1574,1,582,0.2475
2890,2890,2890,15,26477,18465,0,850,0.172
2891,2891,2891,13,41035,22206,0,850,0.2097
2892,2892,2892,9,24421,2880,1,667,0.3242
2893,2893,2893,9,17973,18386,0,847,0.1596
2894,2894,2894,19,32347,25398,0,819,0.2585
2895,2895,2895,9,20304,14305,0,850,0.1687
2896,2896,2896,5,9443,10709,0,850,0.0758
2897,2897,2897,6,27089,30800,0,850,0.2457
2898,2898,2898,23,11054,10838,0,808,0.155
2899,2899,2899,10,18345,14056,0,850,0.2764
2900,2900,2900,10,51494,20852,0,850,0.2007
2901,2901,2901,6,23687,22198,0,850,0.2192
2902,2902,2902,21,6043,6246,0,850,0.2017
2903,2903,2903,1,35648,38030,0,850,0.2051
2904,2904,2904,20,22504,18536,0,830,0.2274
2905,2905,2905,13,33388,3031,1,645,0.2713
2906,2906,2906,8,14077,13209,0,839,0.202
2907,2907,2907,24,33707,897,1,633,0.2788
2908,2908,2908,13,27398,9339,0,802,0.3056
2909,2909,2909,6,2395,1932,0,790,0.2047
2910,2910,2910,19,134973,85328,0,850,0.1234
2911,2911,2911,12,5257,5519,0,850,0.2375
2912,2912,2912,15,4941,2077,0,850,0.1763
2913,2913,2913,8,8337,9326,0,809,0.2071
2914,2914,2914,23,12167,5008,0,770,0.188
2915,2915,2915,11,17127,1662,1,634,0.1916
2916,2916,2916,9,22091,13516,0,850,0.1203
2917,2917,2917,19,126785,151539,0,823,0.1788
2918,2918,2918,11,21404,18630,0,850,0.189
2919,2919,2919,6,24756,8015,0,850,0.229
2920,2920,2920,15,9615,5041,0,850,0.1389
2921,2921,2921,17,22971,4216,1,704,0.2404
2922,2922,2922,12,86911,26151,0,850,0.1515
2923,2923,2923,24,7329,5595,0,830,0.2444
2924,2924,2924,2,4276,2749,0,850,0.191
2925,2925,2925,21,57184,48718,0,838,0.177
2926,2926,2926,22,32518,161,1,679,0.1733
2927,2927,2927,4,14919,15634,0,850,0.2401
2928,2928,2928,3,39929,3729,1,611,0.1764
2929,2929,2929,2,5396,3963,0,850,0.1818
2930,2930,2930,19,30566,29320,0,850,0.1515
2931,2931,2931,5,17893,8043,0,850,0.155
2932,2932,2932,17,17844,9566,0,803,0.2344
2933,2933,2933,16,45134,19826,0,828,0.2405
2934,2934,2934,16,4180,288,1,687,0.185
2935,2935,2935,12,122232,47397,0,850,0.1616
2936,2936,2936,4,15541,11501,0,850,0.1289
2937,2937,2937,17,3090,3012,0,850,0.2624
2938,2938,2938,19,17598,1620,1,638,0.1943
2939,2939,2939,2,13925,51,1,609,0.2952
2940,2940,2940,5,35041,12520,0,850,0.1978
2941,2941,2941,1,10828,193,1,661,0.1543
2942,2942,2942,14,15751,13287,0,826,0.2324
2943,2943,2943,23,12602,11351,0,850,0.164
2944,2944,2944,9,18988,18783,0,850,0.1957
2945,2945,2945,17,2635,2120,0,846,0.1781
2946,2946,2946,12,47490,35986,0,850,0.2216
2947,2947,2947,24,4796,4301,0,850,0.2653
2948,2948,2948,24,21350,269,1,655,0.2724
2949,2949,2949,23,41512,2236,1,587,0.2695
2950,2950,2950,20,25644,25887,0,812,0.3253
2951,2951,2951,12,26963,167,1,639,0.1723
2952,2952,2952,15,54905,9629,1,637,0.2007
2953,2953,2953,16,11568,5345,0,821,0.1717
2954,2954,2954,23,11888,8793,0,850,0.1624
2955,2955,2955,18,12620,5477,0,829,0.2521
2956,2956,2956,22,18360,13225,0,847,0.1177
2957,2957,2957,14,51648,18513,0,850,0.1735
2958,2958,2958,12,5032,4119,0,845,0.2269
2959,2959,2959,11,45942,25638,0,850,0.14
2960,2960,2960,15,35702,37754,0,836,0.2223
2961,2961,2961,21,96855,61855,0,778,0.2838
2962,2962,2962,21,22334,25147,0,772,0.2869
2963,2963,2963,8,23403,3007,1,669,0.2057
2964,2964,2964,17,48887,52015,0,850,0.2469
2965,2965,2965,8,40381,22918,0,850,0.1691
2966,2966,2966,4,57148,40371,0,850,0.2058
2967,2967,2967,10,22639,19702,0,817,0.2173
2968,2968,2968,6,23280,12403,0,832,0.2049
2969,2969,2969,6,13118,11695,0,772,0.3276
2970,2970,2970,17,17217,9637,0,850,0.2074
2971,2971,2971,8,6852,5042,0,850,0.248
2972,2972,2972,13,9897,3177,0,773,0.2383
2973,2973,2973,15,51765,1299,1,659,0.2306
2974,2974,2974,4,32140,16211,0,850,0.1456
2975,2975,2975,15,20869,21408,0,850,0.1789
2976,2976,2976,23,35841,32054,0,850,0.2101
2977,2977,2977,14,6753,7456,0,801,0.1909
2978,2978,2978,11,33425,37243,0,850,0.2172
2979,2979,2979,20,32634,846,1,626,0.1644
2980,2980,2980,17,10162,6409,0,850,0.178
2981,2981,2981,10,5279,5554,0,821,0.2249
2982,2982,2982,6,14635,10007,0,841,0.1418
2983,2983,2983,6,16499,17678,0,837,0.162
2984,2984,2984,1,109346,82593,0,838,0.2045
2985,2985,2985,5,43758,29853,0,816,0.2671
2986,2986,2986,4,8054,4439,0,803,0.2741
2987,2987,2987,11,5833,2413,0,850,0.195
2988,2988,2988,17,34826,26931,0,850,0.1813
2989,2989,2989,7,26663,1803,1,629,0.2218
2990,2990,2990,20,12988,6812,0,850,0.1022
2991,2991,2991,3,24655,11161,0,789,0.1749
2992,2992,2992,2,17033,2310,1,606,0.1933
2993,2993,2993,8,25157,4847,1,709,0.1851
2994,2994,2994,5,28436,5514,1,565,0.2398
2995,2995,2995,5,10833,11246,0,794,0.2722
2996,2996,2996,10,24440,26139,0,845,0.2655
2997,2997,2997,12,5868,4803,0,850,0.2023
2998,2998,2998,17,29286,23534,0,850,0.2797
2999,2999,2999,14,35118,39143,0,835,0.1873
3000,3000,3000,5,19674,11011,0,832,0.1871
3001,3001,3001,5,22974,9899,0,850,0.2715
3002,3002,3002,24,29766,3188,1,674,0.2477
3003,3003,3003,6,58442,63873,0,849,0.225
3004,3004,3004,15,19181,12172,0,850,0.1497
3005,3005,3005,5,20954,15691,0,800,0.2454
3006,3006,3006,8,10301,10535,0,850,0.2681
3007,3007,3007,1,44605,28362,0,800,0.2437
3008,3008,3008,21,40541,43831,0,830,0.3203
3009,3009,3009,3,134388,79225,0,850,0.1322
3010,3010,3010,21,158965,1968,1,629,0.2089
3011,3011,3011,19,36941,33270,0,839,0.2367
3012,3012,3012,15,16462,7921,0,832,0.2193
3013,3013,3013,4,5538,2281,0,751,0.3152
3014,3014,3014,2,37920,15183,0,768,0.2807
3015,3015,3015,17,16568,1034,1,685,0.2077
3016,3016,3016,12,8564,2668,0,850,0.1461
3017,3017,3017,20,61527,55042,0,850,0.2787
3018,3018,3018,8,11938,1981,1,636,0.2469
3019,3019,3019,5,11782,2097,1,675,0.2351
3020,3020,3020,10,5008,4863,0,836,0.2474
3021,3021,3021,19,32950,14789,0,812,0.2183
3022,3022,3022,9,35211,41001,0,841,0.2
3023,3023,3023,16,17787,9051,0,834,0.2521
3024,3024,3024,1,7480,5531,0,850,0.1917
3025,3025,3025,15,10571,1120,1,637,0.2477
3026,3026,3026,2,3090,243,1,631,0.282
3027,3027,3027,14,7872,7033,0,850,0.209
3028,3028,3028,21,6096,3854,0,850,0.2013
3029,3029,3029,16,25696,4443,1,718,0.2008
3030,3030,3030,10,35794,25565,0,850,0.1833
3031,3031,3031,12,103456,41170,0,850,0.2313
3032,3032,3032,13,12789,12998,0,833,0.2594
3033,3033,3033,20,15555,16868,0,788,0.25
3034,3034,3034,9,24104,16073,0,825,0.2133
3035,3035,3035,2,15935,2565,1,618,0.2349
3036,3036,3036,19,34476,11284,0,850,0.1895
3037,3037,3037,15,13185,6296,0,850,0.197
3038,3038,3038,15,1641,1334,0,813,0.263
3039,3039,3039,24,62877,34373,0,812,0.2436
3040,3040,3040,1,13718,15774,0,850,0.2187
3041,3041,3041,18,44078,2765,1,594,0.2384
3042,3042,3042,21,2309,2053,0,850,0.2156
3043,3043,3043,7,18543,3619,1,654,0.2606
3044,3044,3044,10,8015,4159,0,850,0.2104
3045,3045,3045,9,2784,3138,0,850,0.193
3046,3046,3046,19,59528,34175,0,849,0.2316
3047,3047,3047,11,34210,28631,0,850,0.1456
3048,3048,3048,4,28005,19349,0,834,0.2297
3049,3049,3049,1,31250,21840,0,850,0.197
3050,3050,3050,12,14120,13925,0,850,0.1899
3051,3051,3051,1,703,430,0,834,0.2405
3052,3052,3052,17,18774,14207,0,850,0.2435
3053,3053,3053,20,10395,1726,1,645,0.2
3054,3054,3054,9,23687,23382,0,850,0.2128
3055,3055,3055,8,13593,10830,0,850,0.1256
3056,3056,3056,4,27031,14314,0,839,0.2475
3057,3057,3057,8,4709,2539,0,850,0.2097
3058,3058,3058,23,12966,7315,0,850,0.2596
3059,3059,3059,22,24887,4374,1,663,0.2231
3060,3060,3060,10,19887,16617,0,838,0.2204
3061,3061,3061,18,36374,37829,0,850,0.202
3062,3062,3062,15,11438,9314,0,850,0.2299
3063,3063,3063,19,64388,37086,0,850,0.1828
3064,3064,3064,20,41707,48654,0,835,0.202
3065,3065,3065,23,29759,32660,0,810,0.322
3066,3066,3066,24,3830,2110,0,850,0.2097
3067,3067,3067,11,15336,17198,0,848,0.1464
3068,3068,3068,24,4478,4245,0,826,0.2164
3069,3069,3069,4,42189,28402,0,850,0.2071
3070,3070,3070,9,22881,16478,0,850,0.1603
3071,3071,3071,8,84129,59036,0,835,0.222
3072,3072,3072,16,18469,18786,0,850,0.125
3073,3073,3073,13,15764,7219,0,850,0.2086
3074,3074,3074,5,29630,10453,0,850,0.1166
3075,3075,3075,13,18966,14198,0,850,0.2436
3076,3076,3076,19,9888,5550,0,802,0.1674
3077,3077,3077,2,27341,22078,0,850,0.2383
3078,3078,3078,12,4937,5827,0,850,0.1693
3079,3079,3079,9,3928,557,1,708,0.2085
3080,3080,3080,1,11098,12910,0,850,0.1902
3081,3081,3081,23,79716,76435,0,845,0.1339
3082,3082,3082,14,16583,6107,0,850,0.1717
3083,3083,3083,7,11875,416,1,626,0.2456
3084,3084,3084,17,5690,2725,0,819,0.2593
3085,3085,3085,23,3815,4113,0,850,0.1946
3086,3086,3086,14,8762,8535,0,850,0.2086
3087,3087,3087,17,29585,31204,0,850,0.1883
3088,3088,3088,2,23588,2110,1,666,0.1437
3089,3089,3089,9,14718,15110,0,818,0.2709
3090,3090,3090,15,6603,537,1,621,0.2658
3091,3091,3091,24,10518,3930,0,838,0.2467
3092,3092,3092,16,7261,511,1,642,0.2097
3093,3093,3093,9,53709,58496,0,850,0.1835
3094,3094,3094,4,4732,0,1,624,0.2525
3095,3095,3095,15,36077,25519,0,772,0.2666
3096,3096,3096,21,20934,13826,0,850,0.14
3097,3097,3097,10,16250,13690,0,850,0.1927
3098,3098,3098,7,32242,5369,1,706,0.1607
3099,3099,3099,6,21102,17078,0,850,0.2201
3100,3100,3100,15,12333,1899,1,687,0.1983
3101,3101,3101,2,4073,2344,0,764,0.2655
3102,3102,3102,24,21719,19577,0,835,0.1535
3103,3103,3103,15,31488,27776,0,850,0.1551
3104,3104,3104,18,8725,400,1,606,0.2022
3105,3105,3105,14,13477,6959,0,828,0.2447
3106,3106,3106,18,5967,3243,0,838,0.2015
3107,3107,3107,3,26888,19784,0,850,0.2311
3108,3108,3108,20,13417,8788,0,831,0.1693
3109,3109,3109,22,4816,307,1,667,0.1714
3110,3110,3110,14,8783,9191,0,840,0.2485
3111,3111,3111,6,29354,22121,0,816,0.2177
3112,3112,3112,14,11817,8895,0,801,0.2798
3113,3113,3113,2,35177,24105,0,850,0.194
3114,3114,3114,22,20398,18619,0,850,0.2297
3115,3115,3115,16,75131,34416,0,848,0.1646
3116,3116,3116,24,19268,3664,1,687,0.2079
3117,3117,3117,16,35918,6249,1,667,0.1933
3118,3118,3118,21,7529,7071,0,839,0.2183
3119,3119,3119,17,3629,3389,0,824,0.2326
3120,3120,3120,16,46501,1574,1,689,0.1247
3121,3121,3121,16,6830,1148,1,609,0.2064
3122,3122,3122,8,11602,3838,0,803,0.2594
3123,3123,3123,6,65787,41328,0,850,0.2139
3124,3124,3124,18,45047,30735,0,837,0.1958
3125,3125,3125,23,11058,1776,1,610,0.2426
3126,3126,3126,14,5808,438,1,648,0.1942
3127,3127,3127,16,49104,39347,0,822,0.3222
3128,3128,3128,8,38811,18769,0,850,0.1611
3129,3129,3129,18,4111,3351,0,828,0.2666
3130,3130,3130,14,11543,10177,0,844,0.2019
3131,3131,3131,17,21430,7087,0,847,0.1922
3132,3132,3132,22,32338,11664,0,850,0.1849
3133,3133,3133,22,66432,25025,0,816,0.2371
3134,3134,3134,8,2236,2385,0,835,0.1367
3135,3135,3135,16,8555,9701,0,850,0.1881
3136,3136,3136,23,31260,21692,0,850,0.197
3137,3137,3137,24,18376,19980,0,799,0.2022
3138,3138,3138,10,22675,16520,0,832,0.2225
3139,3139,3139,10,20220,293,1,699,0.1716
3140,3140,3140,21,10879,8465,0,816,0.2443
3141,3141,3141,18,7685,7770,0,850,0.1493
3142,3142,3142,21,9709,4867,0,850,0.2933
3143,3143,3143,18,30106,17207,0,850,0.1776
3144,3144,3144,9,9050,1376,1,714,0.2397
3145,3145,3145,21,23952,26931,0,850,0.1705
3146,3146,3146,1,17949,7371,0,850,0.1686
3147,3147,3147,16,40964,38278,0,850,0.2395
3148,3148,3148,10,14106,1546,1,588,0.2606
3149,3149,3149,15,12287,6408,0,850,0.2438
3150,3150,3150,5,4830,1747,0,812,0.2162
3151,3151,3151,17,24994,19091,0,850,0.1558
3152,3152,3152,9,17752,1836,1,637,0.2014
3153,3153,3153,6,16748,7098,0,850,0.2744
3154,3154,3154,2,10943,3286,0,846,0.2022
3155,3155,3155,13,14649,9515,0,850,0.2265
3156,3156,3156,23,3464,510,1,658,0.2491
3157,3157,3157,18,36310,12418,0,850,0.2465
3158,3158,3158,20,31450,444,1,657,0.179
3159,3159,3159,4,28135,18842,0,850,0.14
3160,3160,3160,10,21383,21325,0,850,0.1776
3161,3161,3161,23,2893,1966,0,850,0.2133
3162,3162,3162,22,5065,1827,0,838,0.1717
3163,3163,3163,11,45314,29673,0,850,0.199
3164,3164,3164,13,66533,73021,0,847,0.2365
3165,3165,3165,23,28613,8784,0,850,0.2235
3166,3166,3166,22,17291,19119,0,793,0.2939
3167,3167,3167,17,51530,45916,0,847,0.2214
3168,3168,3168,11,6926,8283,0,850,0.1827
3169,3169,3169,4,71848,80793,0,850,0.1844
3170,3170,3170,14,22544,24393,0,847,0.2008
3171,3171,3171,3,3842,1282,0,850,0.2531
3172,3172,3172,23,16225,8959,0,850,0.1663
3173,3173,3173,23,15537,9901,0,847,0.2354
3174,3174,3174,12,21250,19759,0,850,0.1844
3175,3175,3175,4,13522,304,1,646,0.2558
3176,3176,3176,16,3421,353,1,633,0.2174
3177,3177,3177,7,10268,1813,1,695,0.235
3178,3178,3178,20,24055,10585,0,781,0.2841
3179,3179,3179,19,10132,7201,0,850,0.1763
3180,3180,3180,18,43862,36004,0,839,0.1942
3181,3181,3181,21,19053,20646,0,850,0.1838
3182,3182,3182,9,6021,38,1,574,0.2163
3183,3183,3183,11,5557,6442,0,805,0.2261
3184,3184,3184,19,5500,6572,0,850,0.2291
3185,3185,3185,17,14924,11311,0,850,0.2175
3186,3186,3186,21,16995,2491,1,742,0.1716
3187,3187,3187,18,101986,33195,0,850,0.2123
3188,3188,3188,6,20671,22119,0,821,0.2059
3189,3189,3189,3,23202,17398,0,850,0.1771
3190,3190,3190,14,8321,5243,0,850,0.1531
3191,3191,3191,9,25031,13917,0,795,0.2749
3192,3192,3192,3,41960,23229,0,850,0.1558
3193,3193,3193,2,43647,15954,0,850,0.0984
3194,3194,3194,19,13212,7566,0,850,0.2369
3195,3195,3195,6,44878,4083,1,686,0.2627
3196,3196,3196,3,32491,21011,0,800,0.2429
3197,3197,3197,9,43765,50462,0,850,0.1479
3198,3198,3198,18,1918,1728,0,818,0.2982
3199,3199,3199,7,12409,13371,0,827,0.198
3200,3200,3200,2,10628,4280,0,850,0.1984
3201,3201,3201,1,12012,8474,0,850,0.2112
3202,3202,3202,5,8623,2908,0,797,0.2468
3203,3203,3203,24,10903,12053,0,850,0.1821
3204,3204,3204,3,3945,780,1,656,0.1416
3205,3205,3205,7,5450,5585,0,833,0.2247
3206,3206,3206,6,96241,108889,0,850,0.2308
3207,3207,3207,1,4726,3297,0,850,0.2154
3208,3208,3208,23,70449,1915,1,609,0.1382
3209,3209,3209,19,24129,20270,0,850,0.1504
3210,3210,3210,20,19509,3453,1,695,0.1675
3211,3211,3211,14,14702,1384,1,607,0.1744
3212,3212,3212,10,5635,1696,0,850,0.2324
3213,3213,3213,2,6453,6500,0,850,0.1221
3214,3214,3214,11,31707,13718,0,850,0.1608
3215,3215,3215,16,10473,7380,0,840,0.1939
3216,3216,3216,17,2698,1495,0,850,0.1251
3217,3217,3217,5,9037,10258,0,813,0.2972
3218,3218,3218,22,19918,3877,1,686,0.1915
3219,3219,3219,18,21146,16281,0,850,0.1914
3220,3220,3220,16,5884,1003,1,638,0.2397
3221,3221,3221,10,29923,4411,1,697,0.253
3222,3222,3222,6,13722,7068,0,850,0.1587
3223,3223,3223,22,15438,10383,0,850,0.2192
3224,3224,3224,24,34180,40563,0,826,0.1517
3225,3225,3225,8,102311,41180,0,821,0.2108
3226,3226,3226,6,3230,405,1,605,0.2231
3227,3227,3227,23,21927,11711,0,850,0.2679
3228,3228,3228,4,10774,7302,0,850,0.144
3229,3229,3229,5,9071,6135,0,850,0.1589
3230,3230,3230,6,66039,75219,0,850,0.1805
3231,3231,3231,15,2089,161,1,640,0.2058
3232,3232,3232,6,45662,897,1,618,0.3224
3233,3233,3233,19,46417,49535,0,850,0.2199
3234,3234,3234,20,13224,1057,1,544,0.1991
3235,3235,3235,8,63963,11729,1,644,0.2578
3236,3236,3236,13,10958,5673,0,850,0.178
3237,3237,3237,4,37633,26912,0,848,0.1712
3238,3238,3238,22,10662,59,1,577,0.2661
3239,3239,3239,17,26949,11820,0,848,0.2097
3240,3240,3240,14,10472,10535,0,850,0.1518
3241,3241,3241,18,4092,762,1,643,0.2692
3242,3242,3242,15,6110,2607,0,805,0.1355
3243,3243,3243,22,15441,13967,0,850,0.2469
3244,3244,3244,19,14563,12602,0,850,0.1434
3245,3245,3245,11,8540,865,1,677,0.2257
3246,3246,3246,7,3354,532,1,652,0.1899
3247,3247,3247,1,33345,15442,0,845,0.1953
3248,3248,3248,3,8147,7558,0,810,0.2452
3249,3249,3249,19,3593,3947,0,839,0.1827
3250,3250,3250,1,17551,13642,0,767,0.3258
3251,3251,3251,4,7694,5673,0,821,0.197
3252,3252,3252,24,4743,4828,0,850,0.179
3253,3253,3253,11,27872,12029,0,850,0.1909
3254,3254,3254,7,10638,6454,0,850,0.2239
3255,3255,3255,7,30969,33087,0,850,0.1985
3256,3256,3256,14,38626,4067,1,688,0.1752
3257,3257,3257,15,10771,11378,0,821,0.26
3258,3258,3258,5,4393,2313,0,817,0.2158
3259,3259,3259,14,36189,23545,0,850,0.1405
3260,3260,3260,13,12142,12642,0,850,0.1652
3261,3261,3261,20,13970,6246,0,826,0.1958
3262,3262,3262,22,29705,2524,1,661,0.1819
3263,3263,3263,18,8300,1488,1,641,0.2514
3264,3264,3264,1,5727,6731,0,849,0.1764
3265,3265,3265,13,21608,1614,1,743,0.1605
3266,3266,3266,23,41051,29147,0,850,0.1633
3267,3267,3267,20,6293,6091,0,850,0.247
3268,3268,3268,7,6787,5427,0,849,0.2321
3269,3269,3269,6,36843,39345,0,806,0.2248
3270,3270,3270,9,48388,5133,1,645,0.2102
3271,3271,3271,10,6218,691,1,638,0.2432
3272,3272,3272,22,2893,1215,0,850,0.2206
3273,3273,3273,3,9169,8332,0,850,0.186
3274,3274,3274,7,25648,13364,0,850,0.2362
3275,3275,3275,11,75126,35467,0,800,0.2592
3276,3276,3276,12,26440,17646,0,850,0.1377
3277,3277,3277,12,3495,2204,0,850,0.1434
3278,3278,3278,13,3666,1252,0,850,0.1821
3279,3279,3279,22,36761,25179,0,850,0.2134
3280,3280,3280,23,5205,896,1,603,0.2184
3281,3281,3281,8,1860,1339,0,801,0.3023
3282,3282,3282,4,27948,15976,0,837,0.1774
3283,3283,3283,21,43315,49992,0,850,0.3109
3284,3284,3284,20,8972,6775,0,850,0.1865
3285,3285,3285,1,6637,632,1,661,0.2744
3286,3286,3286,6,20690,20787,0,850,0.1611
3287,3287,3287,23,20206,10128,0,850,0.1972
3288,3288,3288,2,39691,20757,0,850,0.2681
3289,3289,3289,22,31308,4577,1,642,0.2083
3290,3290,3290,14,17073,11187,0,850,0.1989
3291,3291,3291,18,4107,751,1,681,0.1368
3292,3292,3292,10,37416,2253,1,609,0.32
3293,3293,3293,21,42337,41039,0,850,0.1667
3294,3294,3294,1,63848,60365,0,850,0.1966
3295,3295,3295,3,5843,1992,0,850,0.2322
3296,3296,3296,20,68387,28757,0,850,0.2593
3297,3297,3297,4,5853,2889,0,843,0.1284
3298,3298,3298,18,41457,34736,0,839,0.297
3299,3299,3299,8,3632,4016,0,850,0.2306
3300,3300,3300,22,7297,4322,0,850,0.1779
3301,3301,3301,9,75787,88471,0,850,0.1618
3302,3302,3302,22,28557,13009,0,811,0.2163
3303,3303,3303,19,2562,2900,0,850,0.1803
3304,3304,3304,2,22658,23131,0,850,0.2252
3305,3305,3305,9,8852,5754,0,850,0.1452
3306,3306,3306,3,11780,5721,0,850,0.1462
3307,3307,3307,22,69387,45251,0,850,0.1889
3308,3308,3308,2,10163,5003,0,850,0.204
3309,3309,3309,7,4453,3584,0,850,0.1552
3310,3310,3310,17,25496,20838,0,826,0.2369
3311,3311,3311,17,3959,0,1,649,0.281
3312,3312,3312,9,4404,3413,0,850,0.2028
3313,3313,3313,1,6498,3967,0,850,0.1383
3314,3314,3314,1,10879,12189,0,844,0.2243
3315,3315,3315,8,37780,13986,0,850,0.1982
3316,3316,3316,17,16949,17421,0,850,0.2051
3317,3317,3317,8,18534,1125,1,659,0.2153
3318,3318,3318,19,3747,1734,0,850,0.2238
3319,3319,3319,4,4373,1785,0,833,0.1779
3320,3320,3320,18,13334,6649,0,801,0.1344
3321,3321,3321,13,98634,40416,0,850,0.1656
3322,3322,3322,22,51881,36993,0,831,0.2436
3323,3323,3323,7,10732,6597,0,850,0.2654
3324,3324,3324,3,27207,16893,0,816,0.2463
3325,3325,3325,14,123325,54408,0,850,0.0832
3326,3326,3326,9,30066,26872,0,850,0.1694
3327,3327,3327,3,47883,40557,0,850,0.1783
3328,3328,3328,7,30481,36091,0,834,0.2029
3329,3329,3329,15,66591,30024,0,850,0.2511
3330,3330,3330,4,111474,117116,0,850,0.2211
3331,3331,3331,5,12837,4242,0,850,0.1859
3332,3332,3332,9,5355,1959,0,850,0.2432
3333,3333,3333,3,11145,9843,0,793,0.1762
3334,3334,3334,16,6240,1037,1,613,0.2472
3335,3335,3335,16,30790,15624,0,850,0.1652
3336,3336,3336,19,61969,18744,0,817,0.3047
3337,3337,3337,9,14893,13356,0,826,0.2671
3338,3338,3338,20,5387,155,1,660,0.2216
3339,3339,3339,1,31767,14412,0,850,0.1658
3340,3340,3340,17,17185,20192,0,850,0.1224
3341,3341,3341,12,1686,1038,0,834,0.1946
3342,3342,3342,9,17784,10185,0,850,0.2254
3343,3343,3343,22,54884,223,1,595,0.2202
3344,3344,3344,5,47185,25927,0,850,0.1331
3345,3345,3345,15,3209,1750,0,798,0.2536
3346,3346,3346,13,3003,3512,0,850,0.1306
3347,3347,3347,19,4525,869,1,575,0.2264
3348,3348,3348,3,6411,5416,0,848,0.1817
3349,3349,3349,2,18348,6122,0,850,0.162
3350,3350,3350,13,6427,2820,0,845,0.2244
3351,3351,3351,7,71090,22739,0,826,0.2268
3352,3352,3352,9,20121,15715,0,850,0.2018
3353,3353,3353,22,50999,37863,0,850,0.1877
3354,3354,3354,10,55420,33131,0,850,0.2281
3355,3355,3355,1,9715,9037,0,850,0.2105
3356,3356,3356,22,6846,5909,0,850,0.1934
3357,3357,3357,16,26109,21939,0,850,0.1852
3358,3358,3358,11,19863,2082,1,588,0.2949
3359,3359,3359,24,9371,948,1,673,0.1981
3360,3360,3360,8,9341,10145,0,850,0.2228
3361,3361,3361,13,47584,37570,0,820,0.2528
3362,3362,3362,16,39310,529,1,575,0.3234
3363,3363,3363,3,17806,14047,0,840,0.2457
3364,3364,3364,13,9598,5183,0,818,0.3177
3365,3365,3365,17,10024,4678,0,802,0.2922
3366,3366,3366,21,9403,5208,0,835,0.1479
3367,3367,3367,6,21972,19027,0,843,0.2553
3368,3368,3368,10,4000,3057,0,848,0.2582
3369,3369,3369,9,14322,6416,0,850,0.1715
3370,3370,3370,18,83873,93696,0,850,0.1682
3371,3371,3371,17,22251,16654,0,789,0.188
3372,3372,3372,7,48058,48747,0,846,0.254
3373,3373,3373,2,38700,23127,0,850,0.1326
3374,3374,3374,11,17927,20827,0,850,0.1524
3375,3375,3375,18,11000,10745,0,824,0.245
3376,3376,3376,3,27527,19518,0,775,0.2738
3377,3377,3377,14,19036,21169,0,821,0.2254
3378,3378,3378,20,5629,422,1,593,0.2232
3379,3379,3379,13,7463,5130,0,850,0.17
3380,3380,3380,23,19846,23353,0,850,0.2084
3381,3381,3381,17,29740,16912,0,792,0.1048
3382,3382,3382,22,42179,22393,0,850,0.1688
3383,3383,3383,11,38313,42343,0,850,0.1779
3384,3384,3384,7,40264,37712,0,850,0.1947
3385,3385,3385,3,20046,12247,0,797,0.222
3386,3386,3386,3,11149,1808,1,688,0.2015
3387,3387,3387,2,8111,3732,0,733,0.297
3388,3388,3388,21,1961,1141,0,818,0.2375
3389,3389,3389,16,13696,5656,0,850,0.1558
3390,3390,3390,23,23713,10215,0,850,0.2116
3391,3391,3391,11,16402,453,1,612,0.2924
3392,3392,3392,14,8156,2914,0,816,0.2185
3393,3393,3393,3,63016,43818,0,850,0.2048
3394,3394,3394,7,14779,9820,0,831,0.2185
3395,3395,3395,8,14885,17328,0,850,0.1449
3396,3396,3396,13,70466,50664,0,787,0.308
3397,3397,3397,19,6105,2715,0,850,0.2009
3398,3398,3398,11,23636,3100,1,608,0.1852
3399,3399,3399,1,25868,1695,1,654,0.1548
3400,3400,3400,19,26785,11596,0,850,0.2307
3401,3401,3401,13,22679,124,1,671,0.2502
3402,3402,3402,22,57829,5272,1,634,0.187
3403,3403,3403,17,14342,9487,0,850,0.2053
3404,3404,3404,9,53402,48910,0,850,0.1853
3405,3405,3405,19,27198,13028,0,850,0.1694
3406,3406,3406,19,11127,7166,0,833,0.248
3407,3407,3407,23,4176,158,1,697,0.2447
3408,3408,3408,23,10688,1216,1,668,0.2651
3409,3409,3409,6,33208,2719,1,609,0.192
3410,3410,3410,7,9114,8958,0,823,0.1924
3411,3411,3411,5,8647,9729,0,828,0.2623
3412,3412,3412,8,22224,19724,0,823,0.2308
3413,3413,3413,14,68573,43761,0,850,0.0987
3414,3414,3414,18,6362,5455,0,809,0.2469
3415,3415,3415,21,31926,19931,0,850,0.2006
3416,3416,3416,20,8624,6990,0,850,0.1905
3417,3417,3417,24,29856,20569,0,850,0.1548
3418,3418,3418,3,13307,5786,0,797,0.2516
3419,3419,3419,22,40462,40546,0,817,0.2228
3420,3420,3420,8,17608,13149,0,829,0.2064
3421,3421,3421,14,53539,25223,0,850,0.2045
3422,3422,3422,14,35808,39483,0,850,0.216
3423,3423,3423,7,4346,728,1,643,0.1995
3424,3424,3424,6,33579,26962,0,850,0.1687
3425,3425,3425,6,14412,16909,0,850,0.2766
3426,3426,3426,12,6253,7093,0,850,0.1496
3427,3427,3427,22,15113,16734,0,813,0.1774
3428,3428,3428,15,54274,22793,0,850,0.1318
3429,3429,3429,19,20785,928,1,632,0.2199
3430,3430,3430,4,13898,9300,0,841,0.1488
3431,3431,3431,3,11620,12186,0,832,0.1717
3432,3432,3432,13,2599,2817,0,828,0.1914
3433,3433,3433,16,4105,4007,0,850,0.1981
3434,3434,3434,13,29500,21392,0,838,0.1904
3435,3435,3435,21,20815,9277,0,849,0.154
3436,3436,3436,10,83808,27797,0,850,0.1382
3437,3437,3437,13,38150,35455,0,835,0.1639
3438,3438,3438,8,30346,36255,0,829,0.2301
3439,3439,3439,12,8638,5277,0,806,0.3163
3440,3440,3440,8,16767,13612,0,850,0.2068
3441,3441,3441,9,14001,2352,1,692,0.1831
3442,3442,3442,10,4498,880,1,642,0.2409
3443,3443,3443,7,10394,10878,0,850,0.1839
3444,3444,3444,3,5710,4926,0,844,0.1615
3445,3445,3445,5,9379,7623,0,842,0.1638
3446,3446,3446,3,32644,32188,0,850,0.252
3447,3447,3447,18,7381,3814,0,850,0.2411
3448,3448,3448,19,5803,4951,0,850,0.2162
3449,3449,3449,10,25789,4667,1,674,0.2296
3450,3450,3450,9,54449,25132,0,831,0.2727
3451,3451,3451,24,11676,10053,0,847,0.2025
3452,3452,3452,7,25391,13770,0,850,0.23
3453,3453,3453,1,7246,6832,0,843,0.193
3454,3454,3454,10,5979,854,1,607,0.2375
3455,3455,3455,2,17551,3177,1,646,0.243
3456,3456,3456,6,44162,48686,0,850,0.1275
3457,3457,3457,21,16802,7131,0,850,0.1662
3458,3458,3458,6,28878,1485,1,648,0.1968
3459,3459,3459,24,19512,12876,0,850,0.2139
3460,3460,3460,8,68501,64735,0,850,0.2505
3461,3461,3461,18,39730,43605,0,850,0.1505
3462,3462,3462,7,2857,946,0,796,0.1229
3463,3463,3463,18,9062,9185,0,815,0.2144
3464,3464,3464,1,25568,9405,0,817,0.1471
3465,3465,3465,24,9147,7523,0,843,0.2324
3466,3466,3466,14,18103,2212,1,658,0.2381
3467,3467,3467,23,17649,5575,0,820,0.2317
3468,3468,3468,20,17538,6793,0,828,0.2624
3469,3469,3469,7,26397,16322,0,832,0.2035
3470,3470,3470,20,7456,8636,0,847,0.2746
3471,3471,3471,7,44782,5080,1,616,0.2663
3472,3472,3472,4,14821,8074,0,850,0.1885
3473,3473,3473,5,6187,7391,0,850,0.2158
3474,3474,3474,23,2315,152,1,661,0.2569
3475,3475,3475,24,37835,20280,0,821,0.2058
3476,3476,3476,21,6879,5877,0,798,0.2846
3477,3477,3477,1,5309,3676,0,850,0.1545
3478,3478,3478,20,15690,16827,0,850,0.2937
3479,3479,3479,3,15085,1335,1,718,0.1778
3480,3480,3480,13,6018,7204,0,838,0.1882
3481,3481,3481,7,30894,11111,0,850,0.2255
3482,3482,3482,6,22114,3003,1,651,0.2457
3483,3483,3483,6,110869,102848,0,796,0.1775
3484,3484,3484,2,10697,8502,0,850,0.2178
3485,3485,3485,16,8047,224,1,609,0.2506
3486,3486,3486,6,4167,4458,0,831,0.2596
3487,3487,3487,8,16309,11210,0,850,0.183
3488,3488,3488,21,3166,1806,0,837,0.1965
3489,3489,3489,11,13649,13532,0,810,0.2532
3490,3490,3490,18,24176,10426,0,766,0.3227
3491,3491,3491,23,64778,31385,0,850,0.1908
3492,3492,3492,6,18617,9820,0,850,0.1921
3493,3493,3493,14,21661,14976,0,846,0.2204
3494,3494,3494,15,17025,5419,0,794,0.2875
3495,3495,3495,11,21294,25395,0,850,0.1901
3496,3496,3496,15,36288,30486,0,820,0.1478
3497,3497,3497,13,7137,8376,0,842,0.187
3498,3498,3498,6,48807,50110,0,848,0.1825
3499,3499,3499,4,26136,11000,0,850,0.1921
3500,3500,3500,14,10705,5225,0,821,0.1958
3501,3501,3501,13,5819,1926,0,827,0.2256
3502,3502,3502,10,5702,5989,0,850,0.2101
3503,3503,3503,22,8563,7142,0,799,0.2328
3504,3504,3504,12,30036,14824,0,828,0.2273
3505,3505,3505,24,3724,4368,0,767,0.2579
3506,3506,3506,8,2809,2705,0,818,0.2697
3507,3507,3507,20,14599,13649,0,849,0.2072
3508,3508,3508,5,42479,22951,0,831,0.262
3509,3509,3509,2,2909,1693,0,850,0.2002
3510,3510,3510,20,4180,725,1,694,0.2086
3511,3511,3511,12,33485,27933,0,752,0.1919
3512,3512,3512,6,8099,7147,0,833,0.218
3513,3513,3513,15,7646,17,1,630,0.1217
3514,3514,3514,18,4734,491,1,645,0.2477
3515,3515,3515,18,17065,6906,0,850,0.1707
3516,3516,3516,10,8898,7191,0,850,0.1624
3517,3517,3517,7,14767,11077,0,843,0.2176
3518,3518,3518,10,30208,20015,0,850,0.1897
3519,3519,3519,5,5202,5796,0,781,0.1924
3520,3520,3520,16,47900,38441,0,824,0.2701
3521,3521,3521,19,8697,7049,0,850,0.1678
3522,3522,3522,3,7116,1201,1,624,0.2776
3523,3523,3523,7,14421,8791,0,820,0.2222
3524,3524,3524,19,6306,18,1,659,0.155
3525,3525,3525,12,29336,25251,0,791,0.2856
3526,3526,3526,10,42527,44338,0,827,0.2231
3527,3527,3527,5,36309,5913,1,629,0.1841
3528,3528,3528,2,6977,3297,0,830,0.1656
3529,3529,3529,3,2222,1316,0,785,0.3277
3530,3530,3530,14,10348,6327,0,850,0.2568
3531,3531,3531,15,10809,8738,0,850,0.1361
3532,3532,3532,20,68980,30292,0,850,0.1422
3533,3533,3533,13,26586,17236,0,847,0.2179
3534,3534,3534,17,19940,7786,0,850,0.2613
3535,3535,3535,20,9371,6998,0,850,0.1396
3536,3536,3536,4,14367,16560,0,850,0.1184
3537,3537,3537,19,125126,75706,0,850,0.1453
3538,3538,3538,15,13865,1327,1,700,0.2135
3539,3539,3539,15,4564,3869,0,850,0.1922
3540,3540,3540,9,14252,12417,0,850,0.1893
3541,3541,3541,3,16241,11882,0,850,0.1705
3542,3542,3542,2,30712,20183,0,850,0.1326
3543,3543,3543,7,45994,50749,0,793,0.2309
3544,3544,3544,9,38097,7146,1,609,0.222
3545,3545,3545,22,12779,11575,0,850,0.1397
3546,3546,3546,5,9972,7489,0,850,0.2081
3547,3547,3547,17,12767,2474,1,657,0.1916
3548,3548,3548,3,56523,5955,1,679,0.1275
3549,3549,3549,9,12406,6904,0,850,0.2588
3550,3550,3550,8,45994,16209,0,850,0.2655
3551,3551,3551,9,18841,19953,0,843,0.2543
3552,3552,3552,24,15040,715,1,571,0.3105
3553,3553,3553,17,21194,23761,0,835,0.2027
3554,3554,3554,24,4257,4119,0,789,0.1284
3555,3555,3555,8,22347,20994,0,783,0.2914
3556,3556,3556,21,94055,68664,0,850,0.1687
3557,3557,3557,14,52829,56614,0,815,0.24
3558,3558,3558,22,6840,5192,0,813,0.2339
3559,3559,3559,16,7197,2351,0,810,0.2434
3560,3560,3560,18,15982,13207,0,850,0.2652
3561,3561,3561,17,127081,82782,0,838,0.2119
3562,3562,3562,24,8646,6650,0,795,0.2957
3563,3563,3563,7,15994,11141,0,835,0.2966
3564,3564,3564,20,14731,11005,0,837,0.1431
3565,3565,3565,15,26053,10361,0,850,0.1526
3566,3566,3566,7,78605,24609,0,850,0.1737
3567,3567,3567,2,9286,5628,0,850,0.1813
3568,3568,3568,2,65958,34897,0,850,0.1416
3569,3569,3569,7,37506,19692,0,839,0.1781
3570,3570,3570,19,40575,46392,0,850,0.1473
3571,3571,3571,6,45904,2021,1,628,0.2355
3572,3572,3572,12,23737,7406,0,850,0.1692
3573,3573,3573,15,19825,6103,0,850,0.1766
3574,3574,3574,13,26579,26558,0,838,0.2083
3575,3575,3575,7,17078,20260,0,843,0.2629
3576,3576,3576,7,4354,3129,0,828,0.1793
3577,3577,3577,15,85981,59311,0,826,0.2339
3578,3578,3578,4,39446,21625,0,850,0.2075
3579,3579,3579,3,13423,12080,0,850,0.2176
3580,3580,3580,1,5808,136,1,647,0.2577
3581,3581,3581,7,2891,1303,0,850,0.1139
3582,3582,3582,9,39178,28726,0,847,0.1357
3583,3583,3583,1,4379,2797,0,850,0.1175
3584,3584,3584,5,14627,16101,0,850,0.231
3585,3585,3585,15,39048,38830,0,808,0.1823
3586,3586,3586,4,7930,7383,0,803,0.2842
3587,3587,3587,10,28020,3439,1,678,0.239
3588,3588,3588,2,6299,2681,0,831,0.2502
3589,3589,3589,23,27826,30002,0,850,0.1429
3590,3590,3590,7,4803,2922,0,840,0.2332
3591,3591,3591,24,12170,10145,0,850,0.1509
3592,3592,3592,19,23352,3626,1,668,0.1607
3593,3593,3593,6,13697,15549,0,850,0.1556
3594,3594,3594,15,61855,28116,0,813,0.2813
3595,3595,3595,20,70903,70511,0,833,0.1668
3596,3596,3596,12,31126,22296,0,850,0.1724
3597,3597,3597,11,80091,12638,1,594,0.2105
3598,3598,3598,3,41179,4967,1,686,0.175
3599,3599,3599,20,3710,3851,0,850,0.2043
3600,3600,3600,17,24374,8193,0,850,0.1927
3601,3601,3601,7,62414,58575,0,850,0.2277
3602,3602,3602,23,17682,359,1,619,0.2932
3603,3603,3603,23,2002,1700,0,787,0.1654
3604,3604,3604,18,6254,5499,0,850,0.2375
3605,3605,3605,17,5411,4862,0,848,0.1583
3606,3606,3606,16,15874,6477,0,814,0.2473
3607,3607,3607,2,99054,13841,1,607,0.2024
3608,3608,3608,5,38994,6725,1,609,0.2277
3609,3609,3609,21,46384,45038,0,850,0.2302
3610,3610,3610,13,23158,8275,0,850,0.2306
3611,3611,3611,11,10137,9954,0,850,0.1875
3612,3612,3612,24,7525,8240,0,813,0.1848
3613,3613,3613,1,15554,8845,0,823,0.2261
3614,3614,3614,23,35189,2846,1,650,0.2011
3615,3615,3615,3,37796,25541,0,850,0.1882
3616,3616,3616,18,47629,48483,0,811,0.2077
3617,3617,3617,21,11393,1970,1,643,0.2541
3618,3618,3618,4,17371,9731,0,840,0.2266
3619,3619,3619,9,6027,2858,0,850,0.1453
3620,3620,3620,11,25734,1867,1,665,0.1528
3621,3621,3621,17,9095,9595,0,841,0.3134
3622,3622,3622,11,14346,2348,1,627,0.2256
3623,3623,3623,3,66954,2450,1,648,0.2893
3624,3624,3624,19,122240,18453,1,639,0.192
3625,3625,3625,20,47832,38364,0,844,0.1442
3626,3626,3626,23,12155,4588,0,828,0.2211
3627,3627,3627,21,24335,28593,0,850,0.2486
3628,3628,3628,11,27144,10386,0,850,0.1583
3629,3629,3629,14,3525,641,1,628,0.2438
3630,3630,3630,6,9174,6821,0,827,0.2075
3631,3631,3631,19,5265,5180,0,776,0.2465
3632,3632,3632,21,6753,3611,0,850,0.2125
3633,3633,3633,15,10835,966,1,619,0.2726
3634,3634,3634,11,10581,8178,0,850,0.1905
3635,3635,3635,18,10337,4224,0,850,0.1713
3636,3636,3636,4,9171,9782,0,844,0.2088
3637,3637,3637,19,41361,6576,1,705,0.2283
3638,3638,3638,3,13914,9403,0,850,0.2053
3639,3639,3639,12,18931,12099,0,850,0.2211
3640,3640,3640,4,17736,14803,0,846,0.1863
3641,3641,3641,24,30895,5138,1,613,0.1994
3642,3642,3642,12,3808,4119,0,800,0.2469
3643,3643,3643,24,5282,3357,0,790,0.2238
3644,3644,3644,1,12650,12502,0,850,0.1869
3645,3645,3645,16,5482,2829,0,850,0.2179
3646,3646,3646,21,1367,1247,0,801,0.2607
3647,3647,3647,2,31118,22407,0,850,0.2031
3648,3648,3648,22,6314,5654,0,850,0.1772
3649,3649,3649,3,32930,21135,0,799,0.2055
3650,3650,3650,16,31484,2764,1,671,0.2015
3651,3651,3651,10,17802,13127,0,850,0.1728
3652,3652,3652,9,17454,19297,0,828,0.1986
3653,3653,3653,14,48068,43615,0,850,0.1672
3654,3654,3654,8,41227,35063,0,770,0.2541
3655,3655,3655,2,16008,15173,0,850,0.2132
3656,3656,3656,11,6668,6375,0,850,0.2053
3657,3657,3657,2,7823,1365,1,641,0.1875
3658,3658,3658,15,2330,1187,0,763,0.327
3659,3659,3659,18,6829,752,1,654,0.1807
3660,3660,3660,5,6317,2735,0,839,0.1608
3661,3661,3661,7,10811,7862,0,800,0.2476
3662,3662,3662,23,39571,36553,0,850,0.2085
3663,3663,3663,19,7246,1400,1,627,0.1765
3664,3664,3664,19,17324,6930,0,850,0.1783
3665,3665,3665,16,26543,30947,0,850,0.1722
3666,3666,3666,19,6878,7807,0,850,0.2331
3667,3667,3667,17,33049,22345,0,836,0.1582
3668,3668,3668,13,17947,14914,0,850,0.1941
3669,3669,3669,8,77439,34054,0,797,0.2128
3670,3670,3670,11,19914,11906,0,827,0.2536
3671,3671,3671,18,9867,10001,0,850,0.1513
3672,3672,3672,11,10877,11642,0,850,0.1574
3673,3673,3673,23,28983,2599,1,558,0.3029
3674,3674,3674,9,19730,1152,1,615,0.2074
3675,3675,3675,14,40405,36910,0,805,0.2345
3676,3676,3676,2,9292,8791,0,845,0.2316
3677,3677,3677,17,5502,6522,0,828,0.1887
3678,3678,3678,21,2860,2652,0,850,0.1935
3679,3679,3679,16,14696,7585,0,841,0.1453
3680,3680,3680,5,18483,6542,0,850,0.1929
3681,3681,3681,1,20650,10982,0,850,0.2579
3682,3682,3682,9,51915,26164,0,850,0.194
3683,3683,3683,3,75811,14147,1,703,0.2014
3684,3684,3684,14,8453,5916,0,850,0.1436
3685,3685,3685,18,8970,1330,1,622,0.1644
3686,3686,3686,12,11278,12773,0,795,0.2197
3687,3687,3687,23,4110,2727,0,795,0.0972
3688,3688,3688,14,38511,41936,0,850,0.2047
3689,3689,3689,16,8137,4687,0,832,0.2154
3690,3690,3690,5,38529,40391,0,850,0.1865
3691,3691,3691,20,2905,2059,0,850,0.1709
3692,3692,3692,20,6120,2014,0,846,0.2051
3693,3693,3693,15,11571,1841,1,647,0.1836
3694,3694,3694,9,8633,4351,0,850,0.2
3695,3695,3695,17,15372,8865,0,850,0.1779
3696,3696,3696,12,26352,24136,0,850,0.1976
3697,3697,3697,13,12644,9818,0,806,0.2848
3698,3698,3698,10,2949,234,1,677,0.2285
3699,3699,3699,7,12688,1181,1,647,0.2045
3700,3700,3700,24,27283,25151,0,850,0.2199
3701,3701,3701,21,55011,59256,0,795,0.2239
3702,3702,3702,7,30063,14296,0,809,0.1335
3703,3703,3703,8,14510,5388,0,850,0.2207
3704,3704,3704,24,29329,17587,0,850,0.2174
3705,3705,3705,15,24694,14647,0,850,0.1829
3706,3706,3706,21,73618,66151,0,850,0.1925
3707,3707,3707,18,15923,16819,0,850,0.2366
3708,3708,3708,22,6044,3428,0,850,0.1403
3709,3709,3709,1,23038,15718,0,850,0.2152
3710,3710,3710,10,8340,3289,0,834,0.2155
3711,3711,3711,22,49848,33471,0,813,0.2335
3712,3712,3712,19,8245,4064,0,850,0.2314
3713,3713,3713,3,2781,1791,0,816,0.2581
3714,3714,3714,7,16040,8656,0,811,0.2443
3715,3715,3715,4,66457,68308,0,850,0.1904
3716,3716,3716,5,27423,4024,1,662,0.2211
3717,3717,3717,6,9840,1127,1,722,0.1064
3718,3718,3718,10,9721,11396,0,850,0.1072
3719,3719,3719,12,2569,248,1,626,0.2258
3720,3720,3720,14,13273,13205,0,827,0.1919
3721,3721,3721,22,13757,14773,0,850,0.1473
3722,3722,3722,2,9864,6171,0,850,0.1775
3723,3723,3723,3,95131,34185,0,850,0.2338
3724,3724,3724,1,1511,1011,0,850,0.2779
3725,3725,3725,3,124064,110098,0,842,0.1861
3726,3726,3726,24,93998,17453,1,664,0.1838
3727,3727,3727,15,29376,20665,0,850,0.199
3728,3728,3728,16,1338,1395,0,839,0.1823
3729,3729,3729,20,8656,2879,0,847,0.2298
3730,3730,3730,2,4992,3001,0,843,0.2958
3731,3731,3731,20,2569,297,1,647,0.2078
3732,3732,3732,16,32084,18264,0,728,0.2933
3733,3733,3733,15,9407,14,1,610,0.2469
3734,3734,3734,7,15766,10430,0,802,0.2637
3735,3735,3735,5,12805,14489,0,850,0.1583
3736,3736,3736,5,4844,3603,0,850,0.2424
3737,3737,3737,21,110545,80553,0,850,0.2147
3738,3738,3738,9,15777,1968,1,689,0.2223
3739,3739,3739,23,9692,3311,0,850,0.2276
3740,3740,3740,14,35614,5303,1,677,0.265
3741,3741,3741,19,16855,5469,0,833,0.21
3742,3742,3742,18,32194,33613,0,850,0.1646
3743,3743,3743,9,8559,1275,1,690,0.2009
3744,3744,3744,3,20856,23360,0,850,0.1774
3745,3745,3745,11,39094,42895,0,790,0.2496
3746,3746,3746,24,32291,29004,0,850,0.2233
3747,3747,3747,15,9497,10221,0,830,0.2951
3748,3748,3748,4,16252,17716,0,850,0.2111
3749,3749,3749,21,12149,12133,0,850,0.1338
3750,3750,3750,24,35446,26837,0,850,0.2676
3751,3751,3751,5,34640,40010,0,761,0.2568
3752,3752,3752,18,16448,895,1,701,0.1748
3753,3753,3753,22,26969,5232,1,620,0.2204
3754,3754,3754,23,17882,1973,1,627,0.2328
3755,3755,3755,12,9120,1758,1,682,0.2433
3756,3756,3756,1,15271,2394,1,641,0.2732
3757,3757,3757,22,27941,17926,0,850,0.2123
3758,3758,3758,20,30691,23892,0,850,0.1618
3759,3759,3759,2,29079,11157,0,835,0.25
3760,3760,3760,9,6985,6214,0,850,0.2197
3761,3761,3761,22,15433,11543,0,841,0.1727
3762,3762,3762,18,11441,11542,0,850,0.2674
3763,3763,3763,5,29046,26839,0,846,0.1976
3764,3764,3764,22,15981,6416,0,842,0.1583
3765,3765,3765,14,7970,4906,0,850,0.1751
3766,3766,3766,11,4030,3879,0,847,0.1845
3767,3767,3767,21,8593,8,1,628,0.2239
3768,3768,3768,22,4419,3580,0,850,0.1412
3769,3769,3769,3,55047,64137,0,802,0.2389
3770,3770,3770,9,5116,1902,0,827,0.207
3771,3771,3771,2,4308,2030,0,850,0.1528
3772,3772,3772,14,23950,17544,0,850,0.2327
3773,3773,3773,2,4983,4806,0,825,0.2475
3774,3774,3774,21,34052,20332,0,811,0.244
3775,3775,3775,10,54767,22219,0,850,0.2339
3776,3776,3776,19,22902,2624,1,658,0.1957
3777,3777,3777,2,92202,14227,1,569,0.314
3778,3778,3778,16,20335,537,1,665,0.2613
3779,3779,3779,6,23101,4026,1,603,0.2751
3780,3780,3780,12,6064,5974,0,850,0.2234
3781,3781,3781,22,9711,7215,0,850,0.1926
3782,3782,3782,7,13025,1710,1,627,0.2292
3783,3783,3783,4,3746,4250,0,814,0.2268
3784,3784,3784,8,49207,38420,0,803,0.2708
3785,3785,3785,19,6105,5616,0,850,0.2037
3786,3786,3786,10,62451,45289,0,850,0.1968
3787,3787,3787,1,61851,32032,0,836,0.218
3788,3788,3788,5,44216,35029,0,813,0.2953
3789,3789,3789,6,15363,16222,0,833,0.2115
3790,3790,3790,19,5874,3788,0,850,0.1932
3791,3791,3791,18,3735,3368,0,850,0.1953
3792,3792,3792,19,45518,15390,0,815,0.2466
3793,3793,3793,19,7288,8329,0,850,0.1755
3794,3794,3794,23,5012,5878,0,837,0.2764
3795,3795,3795,1,53152,34424,0,850,0.1778
3796,3796,3796,20,86651,64862,0,850,0.1843
3797,3797,3797,11,21396,9511,0,850,0.2214
3798,3798,3798,3,18532,8831,0,850,0.1781
3799,3799,3799,10,11118,9359,0,850,0.2241
3800,3800,3800,7,21937,3485,1,678,0.2249
3801,3801,3801,17,34476,20942,0,850,0.2332
3802,3802,3802,24,22109,14075,0,850,0.243
3803,3803,3803,16,12580,9505,0,797,0.2612
3804,3804,3804,7,7480,737,1,664,0.1825
3805,3805,3805,13,20254,828,1,653,0.249
3806,3806,3806,12,24984,19896,0,839,0.1675
3807,3807,3807,12,39226,13821,0,850,0.2127
3808,3808,3808,8,5176,3687,0,831,0.2786
3809,3809,3809,8,28001,18410,0,850,0.1938
3810,3810,3810,13,35811,1837,1,577,0.236
3811,3811,3811,11,19670,8804,0,732,0.2723
3812,3812,3812,1,24267,17110,0,813,0.1711
3813,3813,3813,17,20891,8647,0,850,0.299
3814,3814,3814,19,8572,4845,0,850,0.1831
3815,3815,3815,13,29089,10591,0,826,0.2825
3816,3816,3816,23,16665,3245,1,609,0.244
3817,3817,3817,15,4496,3508,0,850,0.2037
3818,3818,3818,24,44561,1500,1,679,0.2174
3819,3819,3819,12,10944,358,1,624,0.2506
3820,3820,3820,21,17166,1182,1,659,0.2139
3821,3821,3821,17,11203,12826,0,850,0.2326
3822,3822,3822,3,17154,8861,0,850,0.208
3823,3823,3823,7,28000,10430,0,850,0.1883
3824,3824,3824,2,37782,42788,0,834,0.2267
3825,3825,3825,2,8294,1024,1,664,0.2456
3826,3826,3826,6,16210,9989,0,850,0.145
3827,3827,3827,4,6899,7646,0,850,0.2568
3828,3828,3828,16,7428,7414,0,850,0.2022
3829,3829,3829,15,36544,38341,0,850,0.1338
3830,3830,3830,10,7566,4260,0,850,0.171
3831,3831,3831,14,15058,16355,0,850,0.2261
3832,3832,3832,9,30176,26699,0,821,0.2326
3833,3833,3833,15,90731,87484,0,850,0.1672
3834,3834,3834,7,29704,3077,1,682,0.2667
3835,3835,3835,7,52829,27498,0,834,0.2128
3836,3836,3836,8,50089,3463,1,678,0.1874
3837,3837,3837,19,14688,12010,0,850,0.1451
3838,3838,3838,18,47673,42876,0,850,0.1675
3839,3839,3839,17,4849,3627,0,820,0.2241
3840,3840,3840,18,46183,42902,0,825,0.1947
3841,3841,3841,19,17044,1114,1,579,0.2588
3842,3842,3842,21,31996,5382,1,612,0.204
3843,3843,3843,8,56482,29708,0,847,0.1446
3844,3844,3844,13,15659,10987,0,801,0.2829
3845,3845,3845,11,36072,35681,0,850,0.1763
3846,3846,3846,19,35161,991,1,669,0.1852
3847,3847,3847,7,31836,1072,1,731,0.1453
3848,3848,3848,5,13210,15694,0,850,0.2028
3849,3849,3849,5,82368,37662,0,846,0.211
3850,3850,3850,8,57020,28620,0,850,0.2277
3851,3851,3851,10,4942,3531,0,795,0.2561
3852,3852,3852,5,11367,8614,0,835,0.2186
3853,3853,3853,15,10958,3,1,675,0.1692
3854,3854,3854,23,8847,935,1,660,0.2302
3855,3855,3855,16,7824,930,1,635,0.2007
3856,3856,3856,10,64277,37804,0,850,0.2093
3857,3857,3857,24,14066,5877,0,850,0.2678
3858,3858,3858,8,120911,4116,1,618,0.2251
3859,3859,3859,19,63215,10497,1,652,0.2046
3860,3860,3860,4,34149,35290,0,850,0.2218
3861,3861,3861,14,15122,9503,0,812,0.2799
3862,3862,3862,8,10738,7124,0,848,0.2671
3863,3863,3863,21,10455,123,1,670,0.2185
3864,3864,3864,14,75584,88858,0,813,0.1841
3865,3865,3865,12,17381,19959,0,850,0.2015
3866,3866,3866,1,22531,19789,0,824,0.2056
3867,3867,3867,23,8935,4632,0,850,0.2089
3868,3868,3868,19,2349,1983,0,850,0.1306
3869,3869,3869,18,103531,85949,0,850,0.1964
3870,3870,3870,12,27486,30713,0,834,0.1516
3871,3871,3871,10,9838,5710,0,827,0.3173
3872,3872,3872,21,74031,35580,0,850,0.2029
3873,3873,3873,1,72056,219,1,675,0.249
3874,3874,3874,14,18095,9388,0,842,0.2336
3875,3875,3875,9,9705,8574,0,850,0.2133
3876,3876,3876,15,9563,9861,0,850,0.1435
3877,3877,3877,21,18889,11924,0,850,0.1502
3878,3878,3878,22,28334,12998,0,850,0.1751
3879,3879,3879,23,13571,1953,1,699,0.2732
3880,3880,3880,14,5313,4207,0,836,0.2429
3881,3881,3881,9,6432,25,1,680,0.2044
3882,3882,3882,11,58723,46674,0,831,0.1706
3883,3883,3883,5,29333,15577,0,818,0.2708
3884,3884,3884,12,2229,2510,0,836,0.2211
3885,3885,3885,16,13393,9295,0,766,0.2383
3886,3886,3886,20,9556,6814,0,832,0.2492
3887,3887,3887,3,34605,40510,0,825,0.2719
3888,3888,3888,5,13900,15033,0,850,0.2156
3889,3889,3889,19,36869,4988,1,650,0.2112
3890,3890,3890,5,15155,7038,0,850,0.1555
3891,3891,3891,24,25869,27273,0,850,0.2103
3892,3892,3892,18,36653,26015,0,838,0.2157
3893,3893,3893,4,2947,1439,0,810,0.2465
3894,3894,3894,24,9456,11269,0,850,0.2477
3895,3895,3895,15,4835,2199,0,850,0.2337
3896,3896,3896,5,13119,14821,0,850,0.1408
3897,3897,3897,8,35420,10642,0,812,0.2143
3898,3898,3898,16,13464,9345,0,841,0.189
3899,3899,3899,22,61334,20050,0,799,0.2118
3900,3900,3900,1,6156,530,1,670,0.1757
3901,3901,3901,5,8131,3360,0,847,0.2594
3902,3902,3902,18,42794,5949,1,640,0.1889
3903,3903,3903,16,37074,32183,0,850,0.2033
3904,3904,3904,23,5514,743,1,678,0.2244
3905,3905,3905,10,13614,13235,0,821,0.126
3906,3906,3906,4,25893,8524,0,850,0.2279
3907,3907,3907,18,13634,8856,0,850,0.1419
3908,3908,3908,17,12553,2422,1,622,0.2667
3909,3909,3909,21,3348,3935,0,850,0.198
3910,3910,3910,13,5013,4999,0,847,0.2134
3911,3911,3911,8,11744,11006,0,801,0.2677
3912,3912,3912,8,13258,540,1,659,0.226
3913,3913,3913,12,13356,14716,0,850,0.1791
3914,3914,3914,18,29420,9271,0,838,0.2145
3915,3915,3915,6,5520,2790,0,850,0.3231
3916,3916,3916,7,12735,11786,0,850,0.193
3917,3917,3917,17,22300,3794,1,708,0.218
3918,3918,3918,5,5737,4477,0,843,0.1676
3919,3919,3919,22,48246,32552,0,850,0.1472
3920,3920,3920,23,5101,2294,0,850,0.2215
3921,3921,3921,19,9568,4301,0,850,0.1149
3922,3922,3922,8,15284,1786,1,636,0.1805
3923,3923,3923,19,8624,6222,0,813,0.2817
3924,3924,3924,8,32216,33559,0,840,0.2691
3925,3925,3925,21,66591,8095,1,634,0.2697
3926,3926,3926,19,16237,1284,1,583,0.2738
3927,3927,3927,7,58905,24060,0,798,0.2143
3928,3928,3928,3,36062,19639,0,850,0.1618
3929,3929,3929,6,2139,777,0,825,0.2819
3930,3930,3930,8,32823,24913,0,850,0.178
3931,3931,3931,18,22860,8710,0,850,0.1918
3932,3932,3932,15,99580,101184,0,850,0.1135
3933,3933,3933,24,68005,22835,0,850,0.1782
3934,3934,3934,17,10562,7687,0,850,0.1582
3935,3935,3935,4,19305,13099,0,850,0.1799
3936,3936,3936,7,2425,1168,0,850,0.2057
3937,3937,3937,17,26100,21615,0,850,0.1715
3938,3938,3938,22,9829,6364,0,850,0.2352
3939,3939,3939,6,8784,4200,0,850,0.2333
3940,3940,3940,13,32017,1092,1,612,0.2106
3941,3941,3941,7,18710,16738,0,850,0.1677
3942,3942,3942,9,39418,2386,1,641,0.1905
3943,3943,3943,23,15563,11698,0,803,0.2392
3944,3944,3944,19,13655,7430,0,850,0.2478
3945,3945,3945,20,8928,1432,1,624,0.2026
3946,3946,3946,13,3670,3497,0,850,0.1572
3947,3947,3947,15,25389,21592,0,850,0.1974
3948,3948,3948,17,65307,24826,0,838,0.2134
3949,3949,3949,5,36513,41536,0,850,0.1906
3950,3950,3950,23,1398,600,0,793,0.2663
3951,3951,3951,19,2800,1975,0,840,0.1686
3952,3952,3952,6,8741,7979,0,850,0.2197
3953,3953,3953,12,4375,3260,0,850,0.1111
3954,3954,3954,15,20585,22524,0,850,0.1939
3955,3955,3955,15,3257,3425,0,850,0.2364
3956,3956,3956,3,27554,11623,0,850,0.239
3957,3957,3957,4,86029,73629,0,850,0.212
3958,3958,3958,5,15236,113,1,572,0.2432
3959,3959,3959,6,4354,4129,0,850,0.147
3960,3960,3960,6,18845,3680,1,629,0.1759
3961,3961,3961,17,59377,3772,1,643,0.2856
3962,3962,3962,8,25068,1380,1,639,0.1473
3963,3963,3963,19,25085,22261,0,836,0.2112
3964,3964,3964,20,12597,277,1,598,0.2081
3965,3965,3965,24,6792,4820,0,836,0.2389
3966,3966,3966,21,15273,6082,0,832,0.2221
3967,3967,3967,22,10709,8331,0,842,0.2078
3968,3968,3968,13,16401,7224,0,845,0.2463
3969,3969,3969,15,30751,27381,0,850,0.1337
3970,3970,3970,17,127767,106716,0,850,0.2028
3971,3971,3971,24,56684,31826,0,850,0.1884
3972,3972,3972,21,6391,3338,0,834,0.2298
3973,3973,3973,17,8130,5922,0,850,0.206
3974,3974,3974,23,3826,229,1,647,0.2146
3975,3975,3975,2,7604,7741,0,841,0.172
3976,3976,3976,22,2006,1150,0,850,0.1832
3977,3977,3977,3,3221,2135,0,850,0.1684
3978,3978,3978,22,40934,24927,0,850,0.1244
3979,3979,3979,9,48453,31722,0,784,0.2112
3980,3980,3980,6,20096,16285,0,850,0.2252
3981,3981,3981,1,15894,2996,1,659,0.168
3982,3982,3982,22,37144,23222,0,850,0.1549
3983,3983,3983,19,56482,47568,0,828,0.1185
3984,3984,3984,4,18932,58,1,667,0.2282
3985,3985,3985,13,11464,934,1,724,0.2094
3986,3986,3986,20,14353,10149,0,850,0.2763
3987,3987,3987,8,4649,1720,0,850,0.1699
3988,3988,3988,23,18367,14457,0,747,0.2063
3989,3989,3989,5,13641,12842,0,850,0.1166
3990,3990,3990,10,6264,3093,0,850,0.2177
3991,3991,3991,20,14614,44,1,642,0.2414
3992,3992,3992,19,29415,24349,0,825,0.2304
3993,3993,3993,12,42547,21859,0,850,0.2711
3994,3994,3994,1,12421,5547,0,846,0.2398
3995,3995,3995,9,1438,204,1,587,0.2986
3996,3996,3996,24,44610,10,1,648,0.2124
3997,3997,3997,16,2387,1254,0,823,0.2766
3998,3998,3998,17,16592,15180,0,789,0.2491
3999,3999,3999,18,11315,8952,0,850,0.1607
4000,4000,4000,14,5453,187,1,607,0.2235
4001,4001,4001,17,32983,35204,0,845,0.2366
4002,4002,4002,1,10111,10993,0,850,0.1892
4003,4003,4003,21,14797,11589,0,850,0.2175
4004,4004,4004,15,53473,19184,0,843,0.2164
4005,4005,4005,19,7135,1408,1,619,0.2349
4006,4006,4006,2,3603,4157,0,850,0.1678
4007,4007,4007,24,13099,5517,0,832,0.2413
4008,4008,4008,24,54245,57055,0,795,0.2398
4009,4009,4009,14,5493,4319,0,850,0.2071
4010,4010,4010,22,14323,2280,1,630,0.1967
4011,4011,4011,2,2478,409,1,694,0.1893
4012,4012,4012,15,8807,9998,0,850,0.2358
4013,4013,4013,1,41039,7053,1,619,0.2151
4014,4014,4014,22,14567,2218,1,664,0.2081
4015,4015,4015,1,85588,72471,0,804,0.1786
4016,4016,4016,12,51667,44691,0,843,0.2513
4017,4017,4017,22,43339,37268,0,829,0.1901
4018,4018,4018,15,9454,9076,0,816,0.2337
4019,4019,4019,18,25975,9362,0,811,0.2069
4020,4020,4020,15,25907,2845,1,626,0.2203
4021,4021,4021,7,9131,5063,0,807,0.189
4022,4022,4022,12,10666,1568,1,634,0.2694
4023,4023,4023,10,3934,765,1,649,0.2443
4024,4024,4024,2,7900,3592,0,850,0.1579
4025,4025,4025,2,9756,7677,0,783,0.2531
4026,4026,4026,6,17522,8179,0,792,0.2477
4027,4027,4027,20,12554,7782,0,832,0.2172
4028,4028,4028,6,14852,2164,1,612,0.249
4029,4029,4029,24,14875,16453,0,850,0.1244
4030,4030,4030,10,2469,2858,0,850,0.191
4031,4031,4031,3,20595,17140,0,846,0.2053
4032,4032,4032,16,48277,36264,0,842,0.2572
4033,4033,4033,5,37632,40041,0,816,0.2253
4034,4034,4034,5,19070,7088,0,850,0.2448
4035,4035,4035,10,16931,19988,0,850,0.2147
4036,4036,4036,23,9094,6512,0,850,0.1544
4037,4037,4037,13,15246,13846,0,850,0.199
4038,4038,4038,24,3660,3497,0,850,0.1942
4039,4039,4039,3,38661,33478,0,845,0.1864
4040,4040,4040,18,49864,7724,1,629,0.2364
4041,4041,4041,19,33031,18475,0,850,0.2082
4042,4042,4042,6,85719,66781,0,850,0.179
4043,4043,4043,20,32630,22425,0,807,0.2832
4044,4044,4044,1,37486,35001,0,850,0.2515
4045,4045,4045,10,43926,28798,0,818,0.2242
4046,4046,4046,10,10109,836,1,607,0.2523
4047,4047,4047,22,2277,1688,0,845,0.1636
4048,4048,4048,1,45761,35803,0,832,0.1332
4049,4049,4049,19,12945,9631,0,786,0.2739
4050,4050,4050,11,20222,17398,0,850,0.1736
4051,4051,4051,13,19909,477,1,691,0.2077
4052,4052,4052,17,75121,85914,0,850,0.1993
4053,4053,4053,20,21921,9163,0,793,0.2204
4054,4054,4054,18,13557,4230,0,850,0.2305
4055,4055,4055,4,11121,8558,0,817,0.2722
4056,4056,4056,15,4641,4586,0,850,0.1814
4057,4057,4057,2,19332,3187,1,736,0.1342
4058,4058,4058,6,7565,8824,0,804,0.1996
4059,4059,4059,22,25474,11821,0,850,0.1517
4060,4060,4060,23,10845,779,1,622,0.2432
4061,4061,4061,9,17695,18301,0,844,0.163
4062,4062,4062,11,18879,21160,0,850,0.1777
4063,4063,4063,20,7524,5836,0,850,0.2528
4064,4064,4064,16,1996,1251,0,846,0.2092
4065,4065,4065,8,28588,2770,1,638,0.2491
4066,4066,4066,17,32685,33087,0,850,0.2038
4067,4067,4067,23,14087,10195,0,850,0.1745
4068,4068,4068,23,16674,14773,0,850,0.2065
4069,4069,4069,4,19428,10699,0,850,0.2319
4070,4070,4070,7,9699,8276,0,850,0.1448
4071,4071,4071,11,18420,622,1,736,0.1635
4072,4072,4072,11,23587,7908,0,820,0.2407
4073,4073,4073,11,95348,3423,1,666,0.2585
4074,4074,4074,21,4133,572,1,646,0.1907
4075,4075,4075,21,21930,16047,0,826,0.2534
4076,4076,4076,15,6008,3334,0,839,0.2629
4077,4077,4077,5,9816,312,1,593,0.2332
4078,4078,4078,6,39714,185,1,681,0.2713
4079,4079,4079,23,16461,14567,0,850,0.2299
4080,4080,4080,5,41429,8005,1,629,0.2442
4081,4081,4081,9,95329,10256,1,581,0.2292
4082,4082,4082,11,20589,24312,0,850,0.2129
4083,4083,4083,23,2449,1333,0,843,0.1289
4084,4084,4084,3,31861,4944,1,698,0.2424
4085,4085,4085,20,8976,3539,0,850,0.1389
4086,4086,4086,4,17349,17602,0,850,0.2257
4087,4087,4087,23,26268,18276,0,850,0.1828
4088,4088,4088,15,50441,23976,0,839,0.2106
4089,4089,4089,18,5232,5277,0,837,0.1982
4090,4090,4090,5,6199,1898,0,794,0.2806
4091,4091,4091,11,70003,42871,0,850,0.2467
4092,4092,4092,11,3279,2768,0,828,0.1857
4093,4093,4093,4,11696,5940,0,838,0.1903
4094,4094,4094,16,5046,3023,0,811,0.2331
4095,4095,4095,11,2739,399,1,653,0.1461
4096,4096,4096,1,16998,18152,0,850,0.2229
4097,4097,4097,13,77527,52714,0,850,0.1861
4098,4098,4098,19,1637,9,1,646,0.2419
4099,4099,4099,6,18308,2172,1,676,0.2203
4100,4100,4100,20,21454,387,1,685,0.2158
4101,4101,4101,19,61754,31279,0,850,0.2364
4102,4102,4102,6,11229,8455,0,820,0.2477
4103,4103,4103,13,41963,46776,0,850,0.1346
4104,4104,4104,11,2969,1382,0,843,0.1566
4105,4105,4105,19,7849,31,1,558,0.2366
4106,4106,4106,7,27709,1492,1,685,0.2283
4107,4107,4107,12,22541,1734,1,602,0.2474
4108,4108,4108,16,31178,13674,0,850,0.1644
4109,4109,4109,1,26985,11868,0,814,0.1934
4110,4110,4110,15,27444,30017,0,800,0.259
4111,4111,4111,13,15949,14994,0,850,0.1468
4112,4112,4112,10,34708,20919,0,805,0.2642
4113,4113,4113,18,29275,3623,1,639,0.1596
4114,4114,4114,4,9107,783,1,628,0.2443
4115,4115,4115,22,13031,841,1,575,0.2087
4116,4116,4116,6,12798,9718,0,841,0.2024
4117,4117,4117,8,22457,13974,0,819,0.2737
4118,4118,4118,24,19067,2438,1,676,0.2764
4119,4119,4119,20,47579,47674,0,803,0.2787
4120,4120,4120,22,31729,28053,0,850,0.2503
4121,4121,4121,9,17205,3373,1,646,0.2111
4122,4122,4122,23,25329,7926,0,818,0.2206
4123,4123,4123,8,15371,15175,0,840,0.1485
4124,4124,4124,24,20098,14664,0,850,0.1792
4125,4125,4125,18,5923,2166,0,850,0.2077
4126,4126,4126,7,9720,1008,1,701,0.2295
4127,4127,4127,19,50944,44094,0,850,0.2131
4128,4128,4128,23,54012,42761,0,850,0.1168
4129,4129,4129,18,20507,10590,0,816,0.2123
4130,4130,4130,1,47547,20249,0,845,0.1237
4131,4131,4131,11,2284,2503,0,832,0.1983
4132,4132,4132,9,52247,22015,0,850,0.1762
4133,4133,4133,10,27580,2479,1,646,0.2291
4134,4134,4134,10,20818,17860,0,850,0.139
4135,4135,4135,1,11557,1363,1,627,0.1916
4136,4136,4136,17,75000,1343,1,628,0.2405
4137,4137,4137,12,2469,1827,0,850,0.2404
4138,4138,4138,12,93233,45695,0,850,0.1627
4139,4139,4139,19,18645,1710,1,583,0.2028
4140,4140,4140,17,35667,12968,0,850,0.2116
4141,4141,4141,7,19688,16287,0,850,0.1947
4142,4142,4142,23,3146,28,1,709,0.1608
4143,4143,4143,11,55687,51270,0,850,0.1676
4144,4144,4144,24,26477,22070,0,840,0.1742
4145,4145,4145,2,35675,17474,0,850,0.2629
4146,4146,4146,16,26099,338,1,587,0.2952
4147,4147,4147,23,17095,9,1,719,0.2539
4148,4148,4148,9,73686,68143,0,821,0.2116
4149,4149,4149,10,130630,65504,0,846,0.2202
4150,4150,4150,21,7703,4123,0,850,0.2285
4151,4151,4151,10,15805,17650,0,850,0.1898
4152,4152,4152,3,47652,34712,0,804,0.1714
4153,4153,4153,17,25641,20473,0,850,0.2124
4154,4154,4154,14,24685,9866,0,838,0.2087
4155,4155,4155,19,25417,16651,0,850,0.1525
4156,4156,4156,18,69884,9846,1,666,0.1827
4157,4157,4157,18,3526,3914,0,850,0.1687
4158,4158,4158,14,6445,658,1,627,0.2304
4159,4159,4159,3,13136,297,1,660,0.2401
4160,4160,4160,10,22900,26054,0,850,0.1825
4161,4161,4161,23,11610,12592,0,837,0.1859
4162,4162,4162,13,50186,8863,1,647,0.1659
4163,4163,4163,22,35798,39149,0,850,0.2216
4164,4164,4164,12,6565,4647,0,834,0.242
4165,4165,4165,9,31234,24142,0,827,0.2029
4166,4166,4166,10,20677,14093,0,850,0.187
4167,4167,4167,19,44428,42920,0,822,0.2418
4168,4168,4168,16,18749,15612,0,840,0.2186
4169,4169,4169,21,1948,28,1,607,0.2062
4170,4170,4170,3,15356,6494,0,837,0.2425
4171,4171,4171,12,25693,12155,0,838,0.2723
4172,4172,4172,8,10829,9783,0,850,0.1873
4173,4173,4173,15,26453,10550,0,837,0.2528
4174,4174,4174,11,35594,3012,1,634,0.217
4175,4175,4175,23,8955,9463,0,850,0.1964
4176,4176,4176,13,36817,697,1,683,0.1985
4177,4177,4177,6,13666,9366,0,850,0.1828
4178,4178,4178,13,12189,487,1,687,0.2091
4179,4179,4179,11,174367,182802,0,850,0.1254
4180,4180,4180,6,31501,3094,1,679,0.1925
4181,4181,4181,6,17587,11446,0,850,0.1755
4182,4182,4182,5,2465,1522,0,847,0.2079
4183,4183,4183,7,17620,840,1,593,0.2682
4184,4184,4184,23,21779,11508,0,793,0.2882
4185,4185,4185,23,43880,47113,0,831,0.2006
4186,4186,4186,19,44617,26162,0,799,0.2424
4187,4187,4187,11,15224,10725,0,792,0.1521
4188,4188,4188,6,39282,23096,0,850,0.2389
4189,4189,4189,9,9070,912,1,663,0.2328
4190,4190,4190,20,6327,1189,1,607,0.2389
4191,4191,4191,18,11631,9640,0,850,0.1709
4192,4192,4192,8,12819,7247,0,850,0.1722
4193,4193,4193,18,6110,2005,0,850,0.1918
4194,4194,4194,5,10111,11557,0,850,0.276
4195,4195,4195,6,73564,8790,1,626,0.2849
4196,4196,4196,2,12432,2102,1,588,0.2757
4197,4197,4197,22,33506,14386,0,805,0.1447
4198,4198,4198,24,2451,1289,0,826,0.2459
4199,4199,4199,4,130879,90532,0,850,0.2184
4200,4200,4200,19,20407,16448,0,850,0.1966
4201,4201,4201,4,6737,7199,0,850,0.1796
4202,4202,4202,16,8671,4867,0,850,0.2282
4203,4203,4203,1,16614,18019,0,850,0.2189
4204,4204,4204,16,30000,144,1,671,0.2489
4205,4205,4205,1,54413,37512,0,850,0.2064
4206,4206,4206,24,17982,1549,1,629,0.2112
4207,4207,4207,17,5296,5812,0,824,0.2206
4208,4208,4208,5,135083,14571,1,561,0.2774
4209,4209,4209,16,24534,26291,0,850,0.2466
4210,4210,4210,3,12978,4934,0,850,0.2572
4211,4211,4211,10,6422,7448,0,850,0.2292
4212,4212,4212,18,14369,10815,0,824,0.2532
4213,4213,4213,21,42861,51390,0,850,0.1518
4214,4214,4214,18,60561,51303,0,837,0.24
4215,4215,4215,17,7720,3133,0,850,0.2155
4216,4216,4216,11,22013,7810,0,850,0.195
4217,4217,4217,9,31980,15160,0,850,0.1064
4218,4218,4218,11,19157,13008,0,850,0.2265
4219,4219,4219,9,17550,17066,0,798,0.2279
4220,4220,4220,17,1971,592,0,850,0.2791
4221,4221,4221,20,13891,7384,0,850,0.2433
4222,4222,4222,5,55467,45971,0,850,0.2305
4223,4223,4223,12,7253,4120,0,850,0.1905
4224,4224,4224,18,3876,2407,0,850,0.1426
4225,4225,4225,16,21528,12285,0,850,0.2365
4226,4226,4226,9,21074,24400,0,850,0.1661
4227,4227,4227,8,18800,6753,0,848,0.1503
4228,4228,4228,6,52406,58524,0,838,0.1916
4229,4229,4229,17,16054,9486,0,850,0.205
4230,4230,4230,14,3073,1603,0,826,0.2671
4231,4231,4231,21,57708,7974,1,628,0.3166
4232,4232,4232,24,4137,2310,0,850,0.1398
4233,4233,4233,14,82609,9601,1,651,0.2006
4234,4234,4234,4,22453,17811,0,850,0.1611
4235,4235,4235,8,77143,56216,0,850,0.2626
4236,4236,4236,22,25044,29522,0,814,0.2801
4237,4237,4237,17,12659,6381,0,843,0.1352
4238,4238,4238,1,17002,19009,0,821,0.2292
4239,4239,4239,3,23885,19881,0,850,0.1339
4240,4240,4240,17,12631,12371,0,850,0.2196
4241,4241,4241,20,15705,12938,0,846,0.2763
4242,4242,4242,3,14041,12030,0,850,0.1858
4243,4243,4243,7,9183,4035,0,850,0.2416
4244,4244,4244,11,15221,1645,1,577,0.2372
4245,4245,4245,15,5149,3385,0,850,0.2147
4246,4246,4246,7,11780,7206,0,850,0.2426
4247,4247,4247,5,8279,7789,0,850,0.1845
4248,4248,4248,17,14025,13330,0,839,0.1096
4249,4249,4249,5,63623,51370,0,850,0.1839
4250,4250,4250,1,10975,7263,0,850,0.1895
4251,4251,4251,22,37506,34097,0,850,0.1456
4252,4252,4252,24,11222,10308,0,849,0.2279
4253,4253,4253,7,4376,4499,0,850,0.2632
4254,4254,4254,17,59027,60830,0,842,0.2429
4255,4255,4255,8,52241,18943,0,850,0.2552
4256,4256,4256,12,7014,4465,0,849,0.1808
4257,4257,4257,2,17649,2425,1,657,0.2477
4258,4258,4258,17,12369,2031,1,691,0.1666
4259,4259,4259,22,74658,1657,1,646,0.2264
4260,4260,4260,20,12736,9423,0,816,0.2701
4261,4261,4261,14,8526,6807,0,850,0.1532
4262,4262,4262,23,8263,80,1,608,0.2287
4263,4263,4263,3,20417,16512,0,850,0.1572
4264,4264,4264,19,25788,20537,0,850,0.1878
4265,4265,4265,14,26351,25797,0,850,0.2039
4266,4266,4266,8,22446,19544,0,836,0.1709
4267,4267,4267,7,35901,41628,0,841,0.2239
4268,4268,4268,5,34314,5992,1,678,0.2742
4269,4269,4269,3,10934,215,1,647,0.2293
4270,4270,4270,1,90509,88368,0,849,0.1573
4271,4271,4271,19,17682,9590,0,850,0.1819
4272,4272,4272,15,34113,3262,1,650,0.2548
4273,4273,4273,1,53610,6997,1,591,0.3045
4274,4274,4274,5,48947,27842,0,823,0.2963
4275,4275,4275,20,14094,13409,0,850,0.2442
4276,4276,4276,11,24878,28300,0,801,0.2692
4277,4277,4277,14,80012,45982,0,850,0.1983
4278,4278,4278,22,13210,15615,0,850,0.2532
4279,4279,4279,18,110230,55319,0,839,0.1754
4280,4280,4280,20,16171,6810,0,850,0.1733
4281,4281,4281,9,58097,21457,0,850,0.0992
4282,4282,4282,15,5239,2579,0,837,0.2916
4283,4283,4283,11,19823,12057,0,850,0.1441
4284,4284,4284,5,31333,30074,0,850,0.1817
4285,4285,4285,15,9958,488,1,680,0.2462
4286,4286,4286,24,22581,17083,0,850,0.1795
4287,4287,4287,2,88773,68077,0,830,0.2237
4288,4288,4288,12,1493,754,0,850,0.2129
4289,4289,4289,23,5856,1996,0,850,0.1337
4290,4290,4290,7,10997,5527,0,754,0.2157
4291,4291,4291,2,5151,2613,0,830,0.2194
4292,4292,4292,8,11555,1886,1,650,0.1923
4293,4293,4293,9,43645,22276,0,850,0.2309
4294,4294,4294,5,30566,18530,0,848,0.1908
4295,4295,4295,15,14677,5029,0,850,0.1745
4296,4296,4296,19,74258,63977,0,850,0.3131
4297,4297,4297,19,3764,50,1,641,0.2572
4298,4298,4298,13,24704,15081,0,850,0.1926
4299,4299,4299,13,3966,3698,0,850,0.2226
4300,4300,4300,6,15803,14442,0,850,0.2155
4301,4301,4301,1,23766,14143,0,850,0.204
4302,4302,4302,10,16018,15032,0,759,0.2884
4303,4303,4303,6,38331,6724,1,628,0.285
4304,4304,4304,3,14457,7225,0,850,0.1565
4305,4305,4305,13,34052,32276,0,821,0.2252
4306,4306,4306,19,7622,7280,0,784,0.2977
4307,4307,4307,10,32433,35001,0,850,0.2078
4308,4308,4308,13,39663,29780,0,850,0.1582
4309,4309,4309,7,38813,19761,0,805,0.1924
4310,4310,4310,15,13368,139,1,635,0.2356
4311,4311,4311,23,36465,7054,1,648,0.2284
4312,4312,4312,4,4593,5257,0,766,0.2941
4313,4313,4313,11,5603,3227,0,850,0.1722
4314,4314,4314,8,6129,645,1,651,0.2565
4315,4315,4315,2,29223,2345,1,682,0.2267
4316,4316,4316,1,61392,41336,0,850,0.2037
4317,4317,4317,1,3780,1321,0,805,0.2793
4318,4318,4318,16,11604,7758,0,850,0.1449
4319,4319,4319,18,25345,12231,0,850,0.2051
4320,4320,4320,11,12500,942,1,651,0.2328
4321,4321,4321,22,18263,10393,0,835,0.1891
4322,4322,4322,8,11326,5704,0,850,0.223
4323,4323,4323,19,8522,5776,0,833,0.1371
4324,4324,4324,12,73294,72056,0,850,0.2152
4325,4325,4325,6,23120,17543,0,788,0.2439
4326,4326,4326,24,12757,12645,0,850,0.181
4327,4327,4327,16,4149,350,1,632,0.26
4328,4328,4328,8,18513,5773,0,845,0.1565
4329,4329,4329,7,14790,16712,0,850,0.1273
4330,4330,4330,20,28768,3904,1,676,0.2299
4331,4331,4331,3,29806,23075,0,850,0.1579
4332,4332,4332,23,22261,16078,0,850,0.2543
4333,4333,4333,1,5852,4826,0,844,0.2376
4334,4334,4334,23,10008,10973,0,813,0.1783
4335,4335,4335,6,10006,10811,0,839,0.1699
4336,4336,4336,3,2245,2655,0,831,0.2118
4337,4337,4337,19,9392,7283,0,833,0.2739
4338,4338,4338,2,20606,23289,0,850,0.1684
4339,4339,4339,17,7969,5850,0,850,0.2779
4340,4340,4340,16,35297,11999,0,791,0.2449
4341,4341,4341,21,7898,3408,0,801,0.2035
4342,4342,4342,7,9132,87,1,640,0.1776
4343,4343,4343,23,27427,26135,0,850,0.1111
4344,4344,4344,6,14453,1864,1,696,0.1512
4345,4345,4345,11,13662,2003,1,637,0.2082
4346,4346,4346,15,2800,3315,0,850,0.1885
4347,4347,4347,22,12637,12726,0,850,0.2071
4348,4348,4348,11,8841,7203,0,776,0.3249
4349,4349,4349,7,11915,4236,0,850,0.2222
4350,4350,4350,15,29651,9285,0,828,0.2271
4351,4351,4351,16,16696,6590,0,850,0.2754
4352,4352,4352,8,10924,6493,0,850,0.1876
4353,4353,4353,5,18565,904,1,644,0.27
4354,4354,4354,17,36359,17369,0,850,0.2712
4355,4355,4355,23,7486,2590,0,850,0.2245
4356,4356,4356,2,23605,9011,0,850,0.1622
4357,4357,4357,21,19345,13234,0,850,0.21
4358,4358,4358,7,19234,19153,0,845,0.1973
4359,4359,4359,23,2379,17,1,614,0.2476
4360,4360,4360,21,19140,10755,0,819,0.2112
4361,4361,4361,6,98792,88625,0,850,0.162
4362,4362,4362,12,14091,2173,1,640,0.2471
4363,4363,4363,16,18376,21596,0,850,0.2274
4364,4364,4364,11,5869,437,1,708,0.1756
4365,4365,4365,22,21128,2178,1,683,0.2056
4366,4366,4366,17,47048,35352,0,850,0.1024
4367,4367,4367,10,27948,9025,0,825,0.1986
4368,4368,4368,23,2972,2009,0,820,0.1877
4369,4369,4369,16,25348,26509,0,837,0.2393
4370,4370,4370,16,10069,8567,0,850,0.1691
4371,4371,4371,15,38738,45419,0,840,0.2722
4372,4372,4372,15,37422,22193,0,826,0.2034
4373,4373,4373,23,14856,6616,0,825,0.3081
4374,4374,4374,20,31158,4642,1,679,0.1806
4375,4375,4375,4,54433,18468,0,842,0.1741
4376,4376,4376,22,31659,14043,0,850,0.1621
4377,4377,4377,3,2348,1775,0,847,0.2477
4378,4378,4378,14,22407,21918,0,841,0.194
4379,4379,4379,10,54809,46087,0,836,0.1683
4380,4380,4380,6,28218,33731,0,850,0.2432
4381,4381,4381,11,16939,2314,1,677,0.1811
4382,4382,4382,4,3053,2907,0,850,0.1803
4383,4383,4383,10,72289,10662,1,667,0.2345
4384,4384,4384,16,109041,2916,1,704,0.1966
4385,4385,4385,24,69162,7467,1,570,0.2808
4386,4386,4386,21,87505,49746,0,850,0.19
4387,4387,4387,8,5729,4486,0,850,0.2128
4388,4388,4388,9,5357,6003,0,786,0.2902
4389,4389,4389,4,27592,29467,0,830,0.2321
4390,4390,4390,17,5554,3197,0,850,0.1634
4391,4391,4391,10,17722,915,1,727,0.1872
4392,4392,4392,23,65241,69268,0,850,0.1507
4393,4393,4393,13,30357,16884,0,850,0.1731
4394,4394,4394,23,5773,6343,0,850,0.239
4395,4395,4395,21,6355,6332,0,850,0.1583
4396,4396,4396,21,36395,3666,1,582,0.3146
4397,4397,4397,17,50005,47394,0,833,0.2929
4398,4398,4398,19,23626,24828,0,786,0.2208
4399,4399,4399,17,129086,55495,0,850,0.1332
4400,4400,4400,23,9245,6578,0,850,0.1844
4401,4401,4401,21,1642,6,1,596,0.2527
4402,4402,4402,4,10599,16,1,661,0.1506
4403,4403,4403,23,4044,181,1,651,0.2197
4404,4404,4404,6,10444,8892,0,848,0.1701
4405,4405,4405,14,8560,1636,1,679,0.2219
4406,4406,4406,9,5212,2558,0,824,0.2382
4407,4407,4407,6,34527,24861,0,850,0.2158
4408,4408,4408,10,2588,1646,0,848,0.2034
4409,4409,4409,6,6261,3708,0,844,0.1994
4410,4410,4410,9,3907,1264,0,850,0.1583
4411,4411,4411,13,17231,19559,0,823,0.2607
4412,4412,4412,16,7933,8601,0,845,0.2368
4413,4413,4413,16,60802,39725,0,820,0.2082
4414,4414,4414,19,39326,18217,0,850,0.2697
4415,4415,4415,5,18171,6580,0,850,0.1691
4416,4416,4416,11,24118,3109,1,729,0.1923
4417,4417,4417,21,13608,11455,0,835,0.1783
4418,4418,4418,15,4250,4082,0,810,0.324
4419,4419,4419,8,7718,1349,1,655,0.2268
4420,4420,4420,15,29510,1037,1,652,0.2411
4421,4421,4421,11,21964,20250,0,836,0.1681
4422,4422,4422,13,48478,37101,0,796,0.2743
4423,4423,4423,23,3390,2151,0,850,0.1722
4424,4424,4424,2,2022,386,1,612,0.2344
4425,4425,4425,2,4896,3476,0,850,0.2205
4426,4426,4426,23,18375,821,1,628,0.2265
4427,4427,4427,12,9331,2931,0,843,0.2556
4428,4428,4428,20,25018,14620,0,827,0.249
4429,4429,4429,22,58431,17794,0,805,0.2268
4430,4430,4430,9,10209,1102,1,668,0.2053
4431,4431,4431,20,10395,5868,0,850,0.2462
4432,4432,4432,15,14246,2127,1,643,0.2743
4433,4433,4433,7,25327,3888,1,691,0.2075
4434,4434,4434,14,18259,6244,0,850,0.2072
4435,4435,4435,17,32090,35215,0,836,0.2016
4436,4436,4436,2,19695,8895,0,791,0.2078
4437,4437,4437,9,50100,42872,0,850,0.1659
4438,4438,4438,13,19696,17452,0,834,0.1969
4439,4439,4439,5,11749,6882,0,850,0.2312
4440,4440,4440,4,16577,17404,0,849,0.1686
4441,4441,4441,23,15302,7538,0,836,0.2342
4442,4442,4442,21,14284,5203,0,820,0.2598
4443,4443,4443,1,21926,7930,0,850,0.2483
4444,4444,4444,9,18956,10812,0,813,0.162
4445,4445,4445,24,9671,6933,0,850,0.2466
4446,4446,4446,16,23554,20407,0,850,0.2137
4447,4447,4447,19,6007,5741,0,829,0.221
4448,4448,4448,3,8784,555,1,685,0.2603
4449,4449,4449,3,22432,136,1,606,0.2463
4450,4450,4450,7,20104,9334,0,840,0.1354
4451,4451,4451,18,68609,82157,0,850,0.2171
4452,4452,4452,20,21947,25527,0,837,0.2325
4453,4453,4453,7,3094,1213,0,832,0.1992
4454,4454,4454,24,12013,10686,0,850,0.1765
4455,4455,4455,16,33763,2128,1,674,0.1893
4456,4456,4456,21,18254,6802,0,832,0.2035
4457,4457,4457,24,9491,3906,0,788,0.3075
4458,4458,4458,4,2638,1615,0,850,0.2353
4459,4459,4459,13,3081,1189,0,850,0.2745
4460,4460,4460,10,13722,15053,0,839,0.1956
4461,4461,4461,2,16245,17674,0,850,0.1443
4462,4462,4462,19,10588,12216,0,850,0.1215
4463,4463,4463,14,12150,5886,0,823,0.2367
4464,4464,4464,6,29808,10159,0,850,0.1724
4465,4465,4465,13,18574,13004,0,850,0.2237
4466,4466,4466,22,50199,54842,0,816,0.2728
4467,4467,4467,12,48567,42476,0,850,0.1464
4468,4468,4468,12,15234,18257,0,850,0.1642
4469,4469,4469,23,14020,15633,0,850,0.2072
4470,4470,4470,12,15366,10041,0,842,0.1737
4471,4471,4471,11,12340,4141,0,847,0.175
4472,4472,4472,14,23906,819,1,655,0.1709
4473,4473,4473,4,16326,2127,1,666,0.2203
4474,4474,4474,13,35487,1340,1,677,0.1963
4475,4475,4475,8,43329,30321,0,850,0.181
4476,4476,4476,24,38540,41887,0,831,0.2447
4477,4477,4477,23,13960,11308,0,826,0.2031
4478,4478,4478,3,8076,3135,0,832,0.2073
4479,4479,4479,14,33755,5838,1,578,0.2836
4480,4480,4480,19,25842,19209,0,843,0.1753
4481,4481,4481,18,11368,3932,0,824,0.3131
4482,4482,4482,11,4519,4668,0,850,0.2284
4483,4483,4483,13,49865,48961,0,824,0.2412
4484,4484,4484,23,29098,2126,1,631,0.1668
4485,4485,4485,6,11939,132,1,680,0.189
4486,4486,4486,23,27499,16836,0,837,0.2455
4487,4487,4487,18,4985,3446,0,841,0.2005
4488,4488,4488,20,32140,14423,0,850,0.2329
4489,4489,4489,1,12720,5658,0,784,0.2375
4490,4490,4490,2,10033,4517,0,850,0.1845
4491,4491,4491,7,6436,4077,0,822,0.1715
4492,4492,4492,5,8047,8334,0,827,0.2188
4493,4493,4493,19,15762,15500,0,799,0.2876
4494,4494,4494,2,15096,4666,0,799,0.2002
4495,4495,4495,3,7060,1222,1,659,0.1564
4496,4496,4496,20,9199,3402,0,831,0.1572
4497,4497,4497,10,34918,25138,0,826,0.1896
4498,4498,4498,10,27827,1114,1,683,0.1796
4499,4499,4499,21,22068,454,1,681,0.2452
4500,4500,4500,8,7339,5350,0,808,0.2262
4501,4501,4501,9,76379,25714,0,846,0.2094
4502,4502,4502,2,19176,6103,0,790,0.2873
4503,4503,4503,3,4731,586,1,596,0.3273
4504,4504,4504,16,12394,11935,0,850,0.2057
4505,4505,4505,4,68674,9780,1,587,0.2324
4506,4506,4506,23,14007,1696,1,671,0.1754
4507,4507,4507,6,25262,22244,0,785,0.2107
4508,4508,4508,13,12806,10971,0,833,0.1783
4509,4509,4509,6,3089,1080,0,850,0.167
4510,4510,4510,10,10903,725,1,643,0.2386
4511,4511,4511,23,10261,8982,0,850,0.2622
4512,4512,4512,17,4378,2858,0,774,0.2006
4513,4513,4513,8,74942,53901,0,850,0.2218
4514,4514,4514,9,23397,11379,0,834,0.2187
4515,4515,4515,2,20711,1847,1,662,0.1885
4516,4516,4516,17,17449,2802,1,637,0.2433
4517,4517,4517,20,10499,9603,0,825,0.2029
4518,4518,4518,11,16399,16232,0,793,0.224
4519,4519,4519,18,19569,16306,0,839,0.1715
4520,4520,4520,22,18463,12072,0,850,0.2169
4521,4521,4521,3,6206,5118,0,787,0.2843
4522,4522,4522,9,30594,28589,0,813,0.178
4523,4523,4523,8,15401,15089,0,839,0.2217
4524,4524,4524,7,14967,2415,1,631,0.1432
4525,4525,4525,7,6343,6486,0,850,0.1437
4526,4526,4526,23,10569,3774,0,850,0.1488
4527,4527,4527,21,6051,981,1,649,0.2399
4528,4528,4528,8,4733,3090,0,850,0.1602
4529,4529,4529,20,78611,62277,0,850,0.1737
4530,4530,4530,5,13468,7555,0,818,0.2066
4531,4531,4531,3,10909,1560,1,653,0.1746
4532,4532,4532,19,5884,6241,0,832,0.2058
4533,4533,4533,2,2877,15,1,645,0.1693
4534,4534,4534,14,9805,7920,0,850,0.2509
4535,4535,4535,21,10684,9427,0,850,0.1913
4536,4536,4536,2,114925,49620,0,850,0.2143
4537,4537,4537,10,11847,11847,0,850,0.1765
4538,4538,4538,20,49418,59260,0,823,0.2141
4539,4539,4539,10,5727,1010,1,636,0.1944
4540,4540,4540,17,46941,46523,0,850,0.1488
4541,4541,4541,2,43605,18853,0,850,0.2057
4542,4542,4542,1,8737,10093,0,850,0.116
4543,4543,4543,18,4757,3186,0,850,0.2463
4544,4544,4544,4,10836,12807,0,831,0.2118
4545,4545,4545,1,18825,6798,0,850,0.1736
4546,4546,4546,22,8974,9080,0,834,0.1932
4547,4547,4547,17,75481,54802,0,850,0.2034
4548,4548,4548,3,9707,5441,0,850,0.2208
4549,4549,4549,2,32046,31183,0,850,0.1723
4550,4550,4550,18,1536,1339,0,790,0.2475
4551,4551,4551,4,10990,12227,0,850,0.138
4552,4552,4552,3,28160,14753,0,850,0.1532
4553,4553,4553,12,5889,6747,0,836,0.2022
4554,4554,4554,22,16838,14778,0,840,0.2178
4555,4555,4555,16,35164,24804,0,805,0.2658
4556,4556,4556,11,21936,4298,1,705,0.2238
4557,4557,4557,10,6442,6368,0,810,0.2734
4558,4558,4558,19,11032,11832,0,850,0.1754
4559,4559,4559,10,3105,3193,0,850,0.2095
4560,4560,4560,21,17248,16594,0,850,0.1653
4561,4561,4561,3,28592,33523,0,850,0.254
4562,4562,4562,24,47930,51006,0,848,0.1169
4563,4563,4563,6,20621,23406,0,813,0.2179
4564,4564,4564,14,17002,16278,0,850,0.2093
4565,4565,4565,12,37806,39249,0,850,0.1859
4566,4566,4566,8,9182,5144,0,815,0.2065
4567,4567,4567,2,28264,25494,0,818,0.2304
4568,4568,4568,9,124943,60595,0,796,0.2932
4569,4569,4569,14,120356,43610,0,850,0.1438
4570,4570,4570,1,14461,11877,0,850,0.1842
4571,4571,4571,3,37134,2378,1,648,0.2371
4572,4572,4572,20,33229,12443,0,822,0.2156
4573,4573,4573,6,20894,9677,0,810,0.2081
4574,4574,4574,20,53337,20463,0,850,0.2052
4575,4575,4575,13,9654,8406,0,850,0.2445
4576,4576,4576,11,22773,8461,0,786,0.2446
4577,4577,4577,15,59151,22711,0,836,0.2528
4578,4578,4578,18,18360,9873,0,850,0.1737
4579,4579,4579,19,30660,2025,1,635,0.286
4580,4580,4580,19,1435,1150,0,844,0.1912
4581,4581,4581,6,18289,6016,0,850,0.1918
4582,4582,4582,15,53211,1078,1,677,0.2428
4583,4583,4583,21,37743,6758,1,637,0.2168
4584,4584,4584,14,26567,12243,0,850,0.1552
4585,4585,4585,5,38991,3757,1,660,0.2418
4586,4586,4586,11,72038,12671,1,692,0.1636
4587,4587,4587,20,13222,13813,0,850,0.1502
4588,4588,4588,13,32510,38702,0,850,0.1479
4589,4589,4589,13,36333,36373,0,820,0.2464
4590,4590,4590,4,26729,25892,0,837,0.2162
4591,4591,4591,9,6198,3840,0,769,0.2629
4592,4592,4592,23,6639,682,1,705,0.1804
4593,4593,4593,13,15495,5383,0,850,0.1693
4594,4594,4594,8,16362,15619,0,783,0.294
4595,4595,4595,20,1084,983,0,782,0.2717
4596,4596,4596,11,2108,1143,0,850,0.2157
4597,4597,4597,19,141776,110687,0,845,0.2071
4598,4598,4598,1,11705,10667,0,814,0.2166
4599,4599,4599,9,28773,18158,0,850,0.1691
4600,4600,4600,2,11963,11401,0,850,0.138
4601,4601,4601,4,21085,21444,0,802,0.193
4602,4602,4602,4,20031,10039,0,850,0.1461
4603,4603,4603,1,8937,5104,0,850,0.1295
4604,4604,4604,18,8529,957,1,660,0.1688
4605,4605,4605,14,24382,12486,0,850,0.2556
4606,4606,4606,13,7171,1187,1,585,0.2794
4607,4607,4607,8,36457,2288,1,700,0.2217
4608,4608,4608,6,3529,2265,0,850,0.201
4609,4609,4609,17,15968,5021,0,814,0.1849
4610,4610,4610,23,27605,16377,0,829,0.2671
4611,4611,4611,11,39708,41806,0,848,0.1729
4612,4612,4612,15,8334,1496,1,631,0.2474
4613,4613,4613,7,12722,4588,0,850,0.1365
4614,4614,4614,22,9209,9405,0,798,0.2081
4615,4615,4615,8,11631,5363,0,850,0.184
4616,4616,4616,11,60612,72028,0,826,0.236
4617,4617,4617,21,86510,93577,0,850,0.1644
4618,4618,4618,2,4395,4930,0,850,0.2789
4619,4619,4619,20,19772,19623,0,850,0.2665
4620,4620,4620,11,792,27,1,632,0.2454
4621,4621,4621,14,19729,10258,0,833,0.2285
4622,4622,4622,24,71826,59454,0,850,0.1681
4623,4623,4623,13,26693,24738,0,850,0.2177
4624,4624,4624,8,6718,3757,0,849,0.2072
4625,4625,4625,12,4002,2635,0,850,0.2023
4626,4626,4626,21,5223,6018,0,812,0.1419
4627,4627,4627,22,44328,29573,0,836,0.2096
4628,4628,4628,9,18315,10693,0,831,0.2424
4629,4629,4629,10,56613,22446,0,780,0.1906
4630,4630,4630,11,16616,10089,0,810,0.17
4631,4631,4631,11,15953,13574,0,824,0.274
4632,4632,4632,16,1596,32,1,623,0.2391
4633,4633,4633,18,4558,283,1,651,0.2565
4634,4634,4634,21,38312,37050,0,850,0.1763
4635,4635,4635,9,24627,24415,0,850,0.213
4636,4636,4636,3,16358,19405,0,828,0.2731
4637,4637,4637,22,57494,39734,0,850,0.153
4638,4638,4638,4,18244,6005,0,772,0.2813
4639,4639,4639,20,19862,21236,0,780,0.2965
4640,4640,4640,19,28029,10515,0,850,0.245
4641,4641,4641,10,16138,17356,0,850,0.1574
4642,4642,4642,13,123360,146111,0,773,0.2166
4643,4643,4643,1,71231,2081,1,653,0.1827
4644,4644,4644,12,46183,53923,0,850,0.1336
4645,4645,4645,11,88881,28531,0,837,0.204
4646,4646,4646,24,9570,2968,0,850,0.1582
4647,4647,4647,5,23476,11486,0,801,0.2843
4648,4648,4648,2,17632,17964,0,840,0.2186
4649,4649,4649,17,11509,4378,0,850,0.2478
4650,4650,4650,17,37196,36149,0,842,0.1863
4651,4651,4651,20,14694,2380,1,686,0.2211
4652,4652,4652,15,26912,25781,0,850,0.1935
4653,4653,4653,4,21878,11487,0,800,0.2646
4654,4654,4654,22,10926,7608,0,850,0.2471
4655,4655,4655,11,12032,1261,1,614,0.2433
4656,4656,4656,23,5252,4183,0,850,0.1081
4657,4657,4657,1,23110,1417,1,648,0.2782
4658,4658,4658,10,18838,20454,0,836,0.2213
4659,4659,4659,18,20469,12103,0,759,0.2589
4660,4660,4660,15,19659,16254,0,836,0.2166
4661,4661,4661,19,12250,11522,0,850,0.1662
4662,4662,4662,4,5960,5958,0,829,0.2502
4663,4663,4663,6,6266,4318,0,850,0.2361
4664,4664,4664,2,51396,51179,0,850,0.1996
4665,4665,4665,13,1915,775,0,843,0.1943
4666,4666,4666,2,8740,6756,0,850,0.2206
4667,4667,4667,13,35221,11260,0,850,0.2374
4668,4668,4668,15,9388,6249,0,850,0.1303
4669,4669,4669,18,24718,15530,0,850,0.2083
4670,4670,4670,11,9515,11230,0,850,0.2158
4671,4671,4671,5,31966,21035,0,850,0.1639
4672,4672,4672,14,19347,21598,0,812,0.2951
4673,4673,4673,22,4640,464,1,579,0.2234
4674,4674,4674,16,62159,48487,0,843,0.218
4675,4675,4675,14,9446,5815,0,850,0.1902
4676,4676,4676,9,11132,9751,0,785,0.2714
4677,4677,4677,6,13220,12760,0,841,0.1877
4678,4678,4678,9,73994,10027,1,666,0.1359
4679,4679,4679,5,10347,9566,0,835,0.2074
4680,4680,4680,11,4742,744,1,627,0.177
4681,4681,4681,12,57623,34431,0,803,0.2647
4682,4682,4682,17,11833,7255,0,850,0.2335
4683,4683,4683,6,54286,1496,1,680,0.1303
4684,4684,4684,20,5580,6410,0,838,0.2144
4685,4685,4685,6,19260,9170,0,821,0.2748
4686,4686,4686,15,21235,9413,0,850,0.1942
4687,4687,4687,17,13697,10918,0,850,0.247
4688,4688,4688,22,5235,1793,0,823,0.2243
4689,4689,4689,3,4145,392,1,661,0.2702
4690,4690,4690,19,87435,95180,0,850,0.2239
4691,4691,4691,23,9947,6545,0,845,0.1873
4692,4692,4692,2,71681,84173,0,850,0.1997
4693,4693,4693,9,8929,5284,0,847,0.2008
4694,4694,4694,9,7208,3850,0,850,0.1988
4695,4695,4695,7,51150,4023,1,654,0.1857
4696,4696,4696,16,19021,9991,0,850,0.2227
4697,4697,4697,6,65116,45569,0,850,0.1613
4698,4698,4698,9,14106,11999,0,832,0.1924
4699,4699,4699,13,66389,39187,0,805,0.2257
4700,4700,4700,2,49468,31946,0,850,0.1965
4701,4701,4701,14,12725,12071,0,848,0.2493
4702,4702,4702,5,11162,10611,0,809,0.2409
4703,4703,4703,11,26398,27011,0,850,0.1937
4704,4704,4704,15,8635,7204,0,836,0.2136
4705,4705,4705,6,35676,18200,0,829,0.1956
4706,4706,4706,6,35214,21121,0,850,0.2677
4707,4707,4707,16,52741,9644,1,622,0.1309
4708,4708,4708,20,15918,15286,0,794,0.2545
4709,4709,4709,4,13276,5034,0,850,0.1846
4710,4710,4710,5,6168,6033,0,801,0.2677
4711,4711,4711,6,12122,7244,0,850,0.2097
4712,4712,4712,13,33188,10650,0,850,0.1896
4713,4713,4713,14,9664,1436,1,680,0.1754
4714,4714,4714,24,66850,73204,0,850,0.1669
4715,4715,4715,13,12747,8921,0,850,0.2059
4716,4716,4716,10,30382,663,1,662,0.1876
4717,4717,4717,17,21565,9925,0,827,0.1803
4718,4718,4718,24,12126,7467,0,823,0.2248
4719,4719,4719,18,9246,1529,1,626,0.1923
4720,4720,4720,7,17656,6096,0,850,0.2129
4721,4721,4721,4,64759,40078,0,827,0.139
4722,4722,4722,24,9009,6986,0,831,0.1968
4723,4723,4723,22,9721,4990,0,850,0.2178
4724,4724,4724,21,14186,504,1,645,0.2455
4725,4725,4725,16,44389,30122,0,850,0.2333
4726,4726,4726,10,22124,10035,0,802,0.2746
4727,4727,4727,21,71964,62450,0,831,0.2188
4728,4728,4728,20,7306,8473,0,822,0.2486
4729,4729,4729,19,3599,3692,0,850,0.1604
4730,4730,4730,3,20098,3185,1,639,0.2163
4731,4731,4731,19,18023,20834,0,850,0.2586
4732,4732,4732,23,9176,8955,0,850,0.1913
4733,4733,4733,24,7043,3095,0,799,0.2221
4734,4734,4734,13,7978,6553,0,850,0.2034
4735,4735,4735,8,12727,14888,0,833,0.1698
4736,4736,4736,18,34135,13213,0,850,0.1467
4737,4737,4737,19,46377,1419,1,665,0.2122
4738,4738,4738,18,3756,2391,0,850,0.1866
4739,4739,4739,22,16284,693,1,636,0.2349
4740,4740,4740,19,13705,7802,0,850,0.1622
4741,4741,4741,22,15258,14084,0,850,0.1694
4742,4742,4742,4,10964,7998,0,850,0.2007
4743,4743,4743,13,46535,4248,1,668,0.1811
4744,4744,4744,12,26603,18322,0,819,0.2224
4745,4745,4745,15,36193,35602,0,850,0.118
4746,4746,4746,15,24188,28835,0,850,0.2227
4747,4747,4747,10,15109,12537,0,850,0.1784
4748,4748,4748,22,8113,790,1,647,0.2302
4749,4749,4749,19,17211,10934,0,800,0.2685
4750,4750,4750,21,3994,4291,0,850,0.1844
4751,4751,4751,8,20033,13588,0,850,0.1462
4752,4752,4752,19,11709,13367,0,809,0.1986
4753,4753,4753,9,4982,4828,0,850,0.2248
4754,4754,4754,7,69509,65109,0,850,0.2236
4755,4755,4755,8,41002,1267,1,660,0.2334
4756,4756,4756,9,11786,511,1,594,0.22
4757,4757,4757,17,10559,1748,1,629,0.2422
4758,4758,4758,15,33250,26075,0,850,0.1693
4759,4759,4759,16,9706,9335,0,850,0.2033
4760,4760,4760,7,28274,30966,0,850,0.1504
4761,4761,4761,10,8564,6959,0,818,0.3162
4762,4762,4762,19,25395,13522,0,842,0.2117
4763,4763,4763,6,59896,63727,0,844,0.2348
4764,4764,4764,12,10780,1708,1,628,0.2032
4765,4765,4765,15,2465,1080,0,757,0.2531
4766,4766,4766,10,6159,6683,0,850,0.2322
4767,4767,4767,24,3330,3875,0,790,0.2822
4768,4768,4768,18,3434,2692,0,822,0.2303
4769,4769,4769,4,24367,8151,0,845,0.1983
4770,4770,4770,11,35417,39810,0,850,0.1528
4771,4771,4771,5,6312,2591,0,850,0.2677
4772,4772,4772,13,38731,33688,0,833,0.2495
4773,4773,4773,10,17326,11449,0,850,0.1592
4774,4774,4774,22,18643,22237,0,797,0.2646
4775,4775,4775,7,6909,7775,0,785,0.2482
4776,4776,4776,11,17781,17888,0,850,0.1559
4777,4777,4777,4,24449,11719,0,850,0.2178
4778,4778,4778,4,27248,25320,0,850,0.1431
4779,4779,4779,5,13875,630,1,626,0.2283
4780,4780,4780,9,29488,12438,0,850,0.2942
4781,4781,4781,1,7877,1480,1,682,0.1732
4782,4782,4782,16,44662,16873,0,850,0.182
4783,4783,4783,5,19357,14197,0,819,0.2941
4784,4784,4784,5,92338,63150,0,825,0.2403
4785,4785,4785,7,25743,26401,0,777,0.134
4786,4786,4786,8,15833,10842,0,850,0.1969
4787,4787,4787,19,24583,22736,0,832,0.19
4788,4788,4788,1,3177,2320,0,850,0.2417
4789,4789,4789,18,29493,24296,0,850,0.2733
4790,4790,4790,22,1620,837,0,784,0.2776
4791,4791,4791,11,11718,5650,0,814,0.249
4792,4792,4792,22,27736,26041,0,850,0.2291
4793,4793,4793,16,37676,15450,0,850,0.1834
4794,4794,4794,21,86428,39617,0,850,0.2462
4795,4795,4795,11,7054,8089,0,825,0.2414
4796,4796,4796,21,9934,5245,0,812,0.2319
4797,4797,4797,9,39015,23056,0,844,0.1641
4798,4798,4798,7,12771,11109,0,807,0.3279
4799,4799,4799,22,20831,14505,0,850,0.2728
4800,4800,4800,15,18052,14497,0,850,0.1629
4801,4801,4801,11,22200,435,1,615,0.1672
4802,4802,4802,23,20151,18240,0,850,0.269
4803,4803,4803,19,44190,5278,1,587,0.2836
4804,4804,4804,7,31306,30459,0,837,0.209
4805,4805,4805,16,43733,33729,0,831,0.2718
4806,4806,4806,3,27439,28387,0,842,0.243
4807,4807,4807,16,31415,14306,0,850,0.2109
4808,4808,4808,8,44195,28275,0,850,0.2291
4809,4809,4809,10,9617,1695,1,699,0.1671
4810,4810,4810,9,84079,85663,0,831,0.2701
4811,4811,4811,3,18136,21204,0,850,0.1586
4812,4812,4812,7,7201,3598,0,791,0.2719
4813,4813,4813,8,21926,17214,0,850,0.2147
4814,4814,4814,3,4720,1491,0,763,0.2667
4815,4815,4815,16,46783,54675,0,850,0.2034
4816,4816,4816,22,12749,5834,0,850,0.1877
4817,4817,4817,14,36017,40131,0,850,0.1674
4818,4818,4818,7,10097,9193,0,839,0.2493
4819,4819,4819,4,329992,377234,0,850,0.1508
4820,4820,4820,6,45472,23800,0,844,0.2194
4821,4821,4821,7,44326,27067,0,850,0.2155
4822,4822,4822,12,4655,2085,0,848,0.2247
4823,4823,4823,7,21604,1086,1,613,0.2695
4824,4824,4824,1,3083,3553,0,772,0.2385
4825,4825,4825,18,69675,56718,0,850,0.1814
4826,4826,4826,11,10583,7138,0,848,0.1813
4827,4827,4827,11,5493,3253,0,790,0.2644
4828,4828,4828,17,34017,28107,0,797,0.2051
4829,4829,4829,12,30512,29013,0,835,0.1802
4830,4830,4830,23,15265,10168,0,850,0.2258
4831,4831,4831,23,1928,74,1,657,0.1875
4832,4832,4832,19,92940,76815,0,850,0.2201
4833,4833,4833,21,29151,18336,0,850,0.192
4834,4834,4834,18,5885,7031,0,850,0.1969
4835,4835,4835,21,8590,1306,1,633,0.2978
4836,4836,4836,24,7095,4902,0,768,0.2628
4837,4837,4837,13,18814,19858,0,821,0.1989
4838,4838,4838,10,9523,5008,0,850,0.2617
4839,4839,4839,19,67950,24420,0,850,0.13
4840,4840,4840,4,4015,4289,0,850,0.2421
4841,4841,4841,24,30954,2567,1,629,0.2136
4842,4842,4842,15,32817,17528,0,850,0.2052
4843,4843,4843,18,20686,3760,1,663,0.1522
4844,4844,4844,1,8960,743,1,689,0.189
4845,4845,4845,19,156175,7482,1,586,0.1728
4846,4846,4846,2,11225,8097,0,850,0.1937
4847,4847,4847,10,13116,8607,0,802,0.2887
4848,4848,4848,18,4044,4053,0,850,0.2054
4849,4849,4849,4,8649,758,1,651,0.2578
4850,4850,4850,22,17737,3159,1,680,0.172
4851,4851,4851,10,35974,25326,0,850,0.2738
4852,4852,4852,21,6194,3724,0,812,0.1453
4853,4853,4853,4,1164,1320,0,850,0.1704
4854,4854,4854,24,13077,13078,0,850,0.1843
4855,4855,4855,21,10476,5210,0,850,0.1436
4856,4856,4856,18,48909,43387,0,850,0.0969
4857,4857,4857,20,10166,10573,0,850,0.1846
4858,4858,4858,23,17899,2519,1,659,0.1818
4859,4859,4859,4,2329,220,1,690,0.2143
4860,4860,4860,15,31760,29270,0,850,0.1905
4861,4861,4861,22,22975,19573,0,793,0.2443
4862,4862,4862,18,14192,4768,0,850,0.2439
4863,4863,4863,9,6419,5305,0,839,0.2451
4864,4864,4864,20,4999,5121,0,848,0.2387
4865,4865,4865,17,7356,4824,0,850,0.1848
4866,4866,4866,3,3871,3206,0,850,0.2753
4867,4867,4867,13,31432,35638,0,850,0.2088
4868,4868,4868,7,8908,4051,0,810,0.2695
4869,4869,4869,14,19848,3020,1,721,0.1793
4870,4870,4870,6,26019,10389,0,826,0.2066
4871,4871,4871,14,25836,19382,0,840,0.1572
4872,4872,4872,14,13686,2473,1,721,0.169
4873,4873,4873,14,45672,31591,0,850,0.2246
4874,4874,4874,20,24292,8814,0,850,0.1793
4875,4875,4875,18,13535,153,1,617,0.2057
4876,4876,4876,9,10466,168,1,653,0.3066
4877,4877,4877,12,22447,17997,0,804,0.3027
4878,4878,4878,14,18429,20689,0,850,0.1917
4879,4879,4879,24,2922,3071,0,798,0.2956
4880,4880,4880,23,14569,9802,0,850,0.1539
4881,4881,4881,16,43563,37908,0,850,0.1794
4882,4882,4882,2,9907,8896,0,850,0.1898
4883,4883,4883,16,15040,14620,0,850,0.218
4884,4884,4884,18,26269,15752,0,850,0.1677
4885,4885,4885,24,22512,12608,0,850,0.1642
4886,4886,4886,9,32900,30140,0,814,0.2301
4887,4887,4887,8,12294,12747,0,791,0.2966
4888,4888,4888,1,2274,1529,0,828,0.1619
4889,4889,4889,5,45095,26559,0,850,0.1732
4890,4890,4890,7,8331,8689,0,850,0.1582
4891,4891,4891,10,120689,110823,0,796,0.2686
4892,4892,4892,22,6178,1196,1,609,0.2338
4893,4893,4893,11,15527,12059,0,777,0.2018
4894,4894,4894,12,1804,2101,0,850,0.2246
4895,4895,4895,1,114835,111950,0,809,0.2604
4896,4896,4896,6,41744,20851,0,844,0.1853
4897,4897,4897,4,6652,3761,0,850,0.2772
4898,4898,4898,3,17386,9365,0,850,0.2526
4899,4899,4899,4,9467,1839,1,652,0.1923
4900,4900,4900,24,20907,18341,0,848,0.1623
4901,4901,4901,6,33470,38356,0,850,0.2287
4902,4902,4902,5,37345,14259,0,835,0.2605
4903,4903,4903,9,92205,31977,0,819,0.2096
4904,4904,4904,4,21274,19329,0,850,0.2014
4905,4905,4905,14,32186,17379,0,850,0.1876
4906,4906,4906,15,5686,5181,0,818,0.2
4907,4907,4907,4,10854,10323,0,850,0.206
4908,4908,4908,22,15662,8990,0,805,0.2287
4909,4909,4909,14,42243,48892,0,850,0.183
4910,4910,4910,10,28335,28257,0,823,0.263
4911,4911,4911,7,58575,36938,0,850,0.2
4912,4912,4912,18,7947,5331,0,775,0.1403
4913,4913,4913,20,7203,6801,0,850,0.1593
4914,4914,4914,15,10050,5765,0,850,0.2314
4915,4915,4915,8,28572,4129,1,679,0.2635
4916,4916,4916,9,3767,3248,0,796,0.2321
4917,4917,4917,5,5881,2477,0,850,0.2013
4918,4918,4918,6,8388,10015,0,838,0.2261
4919,4919,4919,12,26033,3714,1,652,0.1378
4920,4920,4920,7,11452,7380,0,850,0.1395
4921,4921,4921,7,30668,15390,0,850,0.1266
4922,4922,4922,15,5534,143,1,663,0.1742
4923,4923,4923,19,62062,21997,0,813,0.2368
4924,4924,4924,13,12420,14097,0,850,0.1395
4925,4925,4925,18,9285,5325,0,850,0.1669
4926,4926,4926,10,12580,14273,0,816,0.2018
4927,4927,4927,8,25404,13418,0,832,0.1971
4928,4928,4928,11,5422,54,1,660,0.182
4929,4929,4929,8,33248,30776,0,832,0.2815
4930,4930,4930,8,18351,15623,0,796,0.2579
4931,4931,4931,15,22114,16834,0,796,0.1959
4932,4932,4932,2,14989,2519,1,648,0.2724
4933,4933,4933,20,26657,19284,0,850,0.1266
4934,4934,4934,22,1804,1082,0,850,0.1783
4935,4935,4935,24,45549,43122,0,842,0.2183
4936,4936,4936,13,12654,14470,0,850,0.1643
4937,4937,4937,18,27603,23220,0,850,0.2122
4938,4938,4938,12,2660,1467,0,850,0.1763
4939,4939,4939,8,51328,50636,0,850,0.1775
4940,4940,4940,17,44025,43396,0,828,0.2332
4941,4941,4941,6,92655,13998,1,618,0.182
4942,4942,4942,16,27293,17635,0,850,0.2246
4943,4943,4943,24,15960,858,1,616,0.2373
4944,4944,4944,24,7609,2828,0,850,0.2636
4945,4945,4945,23,9366,9615,0,827,0.1262
4946,4946,4946,23,9172,5827,0,850,0.1815
4947,4947,4947,14,38278,21174,0,850,0.2336
4948,4948,4948,10,85033,11793,1,667,0.2572
4949,4949,4949,2,12304,1833,1,601,0.2503
4950,4950,4950,13,20112,23860,0,850,0.1709
4951,4951,4951,1,6002,3783,0,850,0.2125
4952,4952,4952,18,53968,24168,0,833,0.1361
4953,4953,4953,14,84675,91256,0,850,0.1457
4954,4954,4954,3,8324,7914,0,849,0.2035
4955,4955,4955,15,8952,8024,0,850,0.176
4956,4956,4956,9,40674,23082,0,845,0.2336
4957,4957,4957,13,106173,71551,0,850,0.1808
4958,4958,4958,23,33681,35600,0,850,0.1977
4959,4959,4959,5,30264,26508,0,848,0.2168
4960,4960,4960,5,15376,9396,0,850,0.1658
4961,4961,4961,22,7092,2825,0,803,0.2
4962,4962,4962,2,11585,12862,0,850,0.227
4963,4963,4963,1,4428,5136,0,850,0.2429
4964,4964,4964,17,38422,36382,0,850,0.1699
4965,4965,4965,19,11549,10651,0,818,0.2397
4966,4966,4966,17,16941,108,1,637,0.2252
4967,4967,4967,9,15820,2815,1,612,0.2523
4968,4968,4968,10,18997,17567,0,850,0.1761
4969,4969,4969,15,40368,14898,0,830,0.1841
4970,4970,4970,13,7697,2944,0,833,0.1641
4971,4971,4971,21,16057,18741,0,850,0.1329
4972,4972,4972,21,34855,40046,0,837,0.1875
4973,4973,4973,17,30238,24252,0,806,0.2604
4974,4974,4974,23,4199,781,1,615,0.2762
4975,4975,4975,7,11659,9620,0,829,0.2716
4976,4976,4976,4,10031,9902,0,850,0.2372
4977,4977,4977,3,11169,3433,0,850,0.136
4978,4978,4978,1,32121,33422,0,850,0.2082
4979,4979,4979,7,49523,35573,0,850,0.197
4980,4980,4980,5,4936,3538,0,803,0.3274
4981,4981,4981,17,17644,605,1,649,0.2322
4982,4982,4982,17,10976,65,1,696,0.1557
4983,4983,4983,15,21561,10532,0,850,0.2022
4984,4984,4984,3,6908,5844,0,850,0.1937
4985,4985,4985,3,17407,5912,0,850,0.1684
4986,4986,4986,2,20199,1468,1,663,0.1294
4987,4987,4987,8,26355,27248,0,850,0.1885
4988,4988,4988,13,10561,6132,0,850,0.1821
4989,4989,4989,24,21720,8576,0,850,0.2037
4990,4990,4990,6,15910,563,1,647,0.1221
4991,4991,4991,5,18641,13481,0,850,0.2456
4992,4992,4992,13,11539,13067,0,839,0.1636
4993,4993,4993,22,7386,4565,0,850,0.2736
4994,4994,4994,1,9125,9648,0,847,0.1705
4995,4995,4995,18,18922,6107,0,819,0.26
4996,4996,4996,7,11730,11677,0,829,0.1888
4997,4997,4997,17,11778,10722,0,792,0.2065
4998,4998,4998,8,19096,14773,0,760,0.1535
4999,4999,4999,19,13610,1061,1,641,0.1891
5000,5000,5000,16,19018,2596,1,673,0.248
